id,sales
3000888,7.0
3000889,0.0
3000890,4.0
3000891,2212.5413
3000892,0.0
3000893,399.547
3000894,12.0
3000895,651.0
3000896,789.0
3000897,123.496
3000898,134.0
3000899,154.309
3000900,2662.436
3000901,20.0
3000902,3.0
3000903,29.0
3000904,16.0
3000905,0.0
3000906,161.0
3000907,31.0
3000908,20.0
3000909,0.0
3000910,99.0
3000911,2.0
3000912,373.666
3000913,288.0
3000914,7.0
3000915,12.0
3000916,289.324
3000917,51.189
3000918,3862.9373
3000919,0.0
3000920,21.437
3000921,3.0
3000922,0.0
3000923,0.0
3000924,1188.0
3000925,0.0
3000926,65.0
3000927,2.0
3000928,695.0
3000929,462.0
3000930,274.0
3000931,72.0
3000932,29.0
3000933,2615.9897
3000934,2.0
3000935,0.0
3000936,7.0
3000937,7.0
3000938,0.0
3000939,128.0
3000940,4.0
3000941,0.0
3000942,2.0
3000943,21.0
3000944,0.0
3000945,186.801
3000946,141.0
3000947,0.0
3000948,2.0
3000949,119.395996
3000950,19.0
3000951,168.519
3000952,0.0
3000953,1.0
3000954,2.0
3000955,0.0
3000956,1.0
3000957,4099.6235
3000958,0.0
3000959,472.0
3000960,15.0
3000961,1776.0585
3000962,626.0
3000963,473.384
3000964,177.0
3000965,78.0
3000966,7132.9536
3000967,14.0
3000968,1.0
3000969,43.0
3000970,16.0
3000971,0.0
3000972,535.0
3000973,5.0
3000974,0.0
3000975,14.0
3000976,23.0
3000977,1.0
3000978,691.098
3000979,410.0
3000980,1.0
3000981,11.0
3000982,434.008
3000983,110.466
3000984,1082.373
3000985,40.0
3000986,13.0
3000987,3.0
3000988,0.0
3000989,1.0
3000990,1367.0
3000991,0.0
3000992,181.0
3000993,2.0
3000994,812.0
3000995,366.0
3000996,186.0
3000997,38.0
3000998,38.0
3000999,2656.4336
3001000,3.0
3001001,0.0
3001002,11.0
3001003,19.0
3001004,0.0
3001005,165.0
3001006,11.0
3001007,0.0
3001008,2.0
3001009,27.0
3001010,2.0
3001011,112.992004
3001012,181.0
3001013,0.0
3001014,4.0
3001015,136.282
3001016,32.0
3001017,295.779
3001018,20.0
3001019,2.0
3001020,6.0
3001021,0.0
3001022,4.0
3001023,1343.0
3001024,0.0
3001025,75.0
3001026,2.0
3001027,676.0
3001028,251.0
3001029,142.0
3001030,42.0
3001031,35.0
3001032,2581.1062
3001033,25.0
3001034,1.0
3001035,6.0
3001036,6.0
3001037,0.0
3001038,125.0
3001039,0.0
3001040,0.0
3001041,1.0
3001042,43.0
3001043,4.0
3001044,48.937
3001045,222.0
3001046,0.0
3001047,2.0
3001048,52.939
3001049,17.0
3001050,132.879
3001051,0.0
3001052,2.0
3001053,3.0
3001054,0.0
3001055,2.0
3001056,1377.0
3001057,0.0
3001058,146.0
3001059,4.0
3001060,823.0
3001061,445.0
3001062,280.0
3001063,14.0
3001064,25.0
3001065,2975.6106
3001066,1.0
3001067,0.0
3001068,9.0
3001069,10.0
3001070,0.0
3001071,200.0
3001072,3.0
3001073,0.0
3001074,2.0
3001075,14.0
3001076,2.0
3001077,132.048
3001078,264.0
3001079,1.0
3001080,3.0
3001081,43.655
3001082,73.0
3001083,285.639
3001084,4.0
3001085,6.0
3001086,3.0
3001087,1.0
3001088,2.0
3001089,1469.0
3001090,0.0
3001091,145.0
3001092,7.0
3001093,750.0
3001094,359.0
3001095,175.0
3001096,103.0
3001097,54.0
3001098,2819.4128
3001099,10.0
3001100,1.0
3001101,13.0
3001102,25.0
3001103,0.0
3001104,209.0
3001105,5.0
3001106,0.0
3001107,1.0
3001108,22.0
3001109,1.0
3001110,108.08
3001111,198.0
3001112,0.0
3001113,4.0
3001114,78.226
3001115,44.0
3001116,506.084
3001117,8.0
3001118,9.0
3001119,2.0
3001120,0.0
3001121,0.0
3001122,1038.0
3001123,0.0
3001124,116.0
3001125,6.0
3001126,543.0
3001127,238.0
3001128,100.0
3001129,89.0
3001130,25.0
3001131,2201.8105
3001132,4.0
3001133,0.0
3001134,11.0
3001135,9.0
3001136,0.0
3001137,120.0
3001138,0.0
3001139,0.0
3001140,2.0
3001141,22.0
3001142,0.0
3001143,41.286
3001144,106.0
3001145,1.0
3001146,5.0
3001147,60.762
3001148,35.0
3001149,344.264
3001150,0.0
3001151,1.0
3001152,6.0
3001153,0.0
3001154,1.0
3001155,2481.0613
3001156,0.0
3001157,268.0
3001158,2.0
3001159,906.0
3001160,1177.0
3001161,421.0
3001162,133.0
3001163,72.0
3001164,4147.095
3001165,12.0
3001166,0.0
3001167,22.0
3001168,21.0
3001169,0.0
3001170,203.0
3001171,0.0
3001172,0.0
3001173,3.0
3001174,22.0
3001175,6.0
3001176,220.233
3001177,188.0
3001178,5.0
3001179,13.0
3001180,260.253
3001181,61.0
3001182,1045.323
3001183,0.0
3001184,7.0
3001185,2.0
3001186,0.0
3001187,2.0
3001188,1931.944
3001189,0.0
3001190,468.0
3001191,6.0
3001192,451.0
3001193,568.0
3001194,183.979
3001195,138.0
3001196,37.0
3001197,2545.7498
3001198,11.0
3001199,1.0
3001200,15.0
3001201,13.0
3001202,0.0
3001203,136.0
3001204,9.0
3001205,2.0
3001206,5.0
3001207,63.0
3001208,3.0
3001209,79.506
3001210,129.0
3001211,3.0
3001212,3.0
3001213,134.292
3001214,51.901
3001215,1065.354
3001216,35.0
3001217,9.886
3001218,9.0
3001219,1.0
3001220,3.0
3001221,2330.3428
3001222,0.0
3001223,131.0
3001224,6.0
3001225,645.0
3001226,313.0
3001227,216.0
3001228,40.0
3001229,29.0
3001230,3065.3193
3001231,17.0
3001232,1.0
3001233,10.0
3001234,14.0
3001235,0.0
3001236,141.0
3001237,9.0
3001238,0.0
3001239,1.0
3001240,19.0
3001241,5.0
3001242,119.267
3001243,146.0
3001244,0.0
3001245,6.0
3001246,78.859
3001247,21.0
3001248,359.513
3001249,2.0
3001250,5.0
3001251,10.0
3001252,0.0
3001253,10.0
3001254,2462.8684
3001255,0.0
3001256,598.0
3001257,10.0
3001258,691.0
3001259,726.0
3001260,198.167
3001261,147.0
3001262,99.0
3001263,3424.7922
3001264,20.0
3001265,0.0
3001266,18.0
3001267,136.0
3001268,0.0
3001269,196.0
3001270,13.0
3001271,14.0
3001272,7.0
3001273,90.0
3001274,14.0
3001275,401.509
3001276,220.0
3001277,13.0
3001278,8.0
3001279,398.318
3001280,109.417
3001281,3028.129
3001282,0.0
3001283,42.032
3001284,9.0
3001285,0.0
3001286,6.0
3001287,3483.0474
3001288,0.0
3001289,389.0
3001290,7.0
3001291,854.0
3001292,653.0
3001293,469.005
3001294,62.0
3001295,55.081
3001296,4632.952
3001297,9.0
3001298,1.0
3001299,2.0
3001300,7.0
3001301,0.0
3001302,265.0
3001303,1.0
3001304,1.0
3001305,5.0
3001306,39.0
3001307,0.0
3001308,244.255
3001309,320.0
3001310,9.0
3001311,11.0
3001312,178.597
3001313,54.138
3001314,829.829
3001315,79.0
3001316,16.389
3001317,8.0
3001318,0.0
3001319,4.0
3001320,2447.0
3001321,0.0
3001322,350.0
3001323,4.0
3001324,873.0
3001325,690.0
3001326,216.625
3001327,284.0
3001328,90.0
3001329,3621.4302
3001330,17.0
3001331,0.0
3001332,35.0
3001333,28.0
3001334,0.0
3001335,243.0
3001336,2.0
3001337,3.0
3001338,4.0
3001339,99.0
3001340,0.0
3001341,127.016
3001342,196.0
3001343,3.0
3001344,4.0
3001345,149.26201
3001346,139.95801
3001347,1093.844
3001348,0.0
3001349,6.0
3001350,3.0
3001351,0.0
3001352,3.0
3001353,1719.0
3001354,0.0
3001355,130.0
3001356,8.0
3001357,898.0
3001358,314.0
3001359,144.0
3001360,28.0
3001361,41.0
3001362,2733.0
3001363,11.0
3001364,1.0
3001365,24.0
3001366,33.0
3001367,0.0
3001368,163.0
3001369,0.0
3001370,0.0
3001371,1.0
3001372,42.0
3001373,1.0
3001374,113.887
3001375,172.0
3001376,1.0
3001377,10.0
3001378,193.754
3001379,34.0
3001380,401.399
3001381,0.0
3001382,1.0
3001383,1.0
3001384,0.0
3001385,4.0
3001386,1285.0
3001387,2.0
3001388,311.605
3001389,8.0
3001390,544.0
3001391,494.0
3001392,133.937
3001393,42.0
3001394,57.0
3001395,2085.0352
3001396,33.0
3001397,0.0
3001398,20.0
3001399,14.0
3001400,0.0
3001401,107.0
3001402,13.0
3001403,0.0
3001404,1.0
3001405,30.0
3001406,4.0
3001407,1152.162
3001408,150.0
3001409,7.0
3001410,6.0
3001411,365.858
3001412,33.915
3001413,1377.942
3001414,0.0
3001415,6.679
3001416,3.0
3001417,0.0
3001418,5.0
3001419,3247.4763
3001420,0.0
3001421,710.141
3001422,11.0
3001423,1174.0
3001424,1187.0
3001425,248.752
3001426,229.0
3001427,185.23
3001428,4055.0107
3001429,9.0
3001430,0.0
3001431,21.0
3001432,26.0
3001433,0.0
3001434,245.0
3001435,9.0
3001436,52.0
3001437,7.0
3001438,75.0
3001439,13.0
3001440,432.086
3001441,272.0
3001442,7.0
3001443,5.0
3001444,533.535
3001445,133.945
3001446,5960.533
3001447,0.0
3001448,20.207
3001449,1.0
3001450,0.0
3001451,4.0
3001452,1886.3269
3001453,0.0
3001454,449.919
3001455,7.0
3001456,450.0
3001457,623.0
3001458,149.992
3001459,124.0
3001460,96.649
3001461,1895.957
3001462,21.0
3001463,0.0
3001464,23.0
3001465,17.0
3001466,0.0
3001467,98.0
3001468,0.0
3001469,44.0
3001470,3.0
3001471,127.0
3001472,3.0
3001473,232.689
3001474,110.0
3001475,10.0
3001476,1.0
3001477,219.155
3001478,51.363
3001479,3086.091
3001480,0.0
3001481,1.0
3001482,3.0
3001483,0.0
3001484,0.0
3001485,549.0
3001486,0.0
3001487,211.0
3001488,1.0
3001489,157.0
3001490,174.0
3001491,48.8
3001492,20.0
3001493,26.0
3001494,1288.5416
3001495,0.0
3001496,1.0
3001497,5.0
3001498,11.0
3001499,0.0
3001500,33.0
3001501,0.0
3001502,2.0
3001503,0.0
3001504,19.0
3001505,0.0
3001506,184.173
3001507,61.0
3001508,2.0
3001509,0.0
3001510,104.133995
3001511,23.0
3001512,919.624
3001513,0.0
3001514,2.0
3001515,5.0
3001516,4.0
3001517,4.0
3001518,2663.2373
3001519,0.0
3001520,520.175
3001521,3.0
3001522,707.0
3001523,766.0
3001524,248.512
3001525,228.0
3001526,104.814
3001527,3506.062
3001528,27.0
3001529,1.0
3001530,12.0
3001531,15.0
3001532,0.0
3001533,167.0
3001534,7.0
3001535,22.0
3001536,13.0
3001537,150.0
3001538,2.0
3001539,240.62999
3001540,181.0
3001541,7.0
3001542,13.0
3001543,338.372
3001544,64.543
3001545,4021.2112
3001546,0.0
3001547,19.904
3001548,4.0
3001549,0.0
3001550,1.0
3001551,2761.7615
3001552,0.0
3001553,427.0
3001554,19.0
3001555,600.0
3001556,580.0
3001557,254.604
3001558,141.0
3001559,43.159
3001560,5223.5024
3001561,8.0
3001562,1.0
3001563,18.0
3001564,12.0
3001565,0.0
3001566,146.0
3001567,0.0
3001568,8.0
3001569,5.0
3001570,37.0
3001571,0.0
3001572,163.799
3001573,436.0
3001574,7.0
3001575,3.0
3001576,171.418
3001577,57.978
3001578,944.797
3001579,4.0
3001580,3.0
3001581,2.0
3001582,1.0
3001583,4.0
3001584,2680.0
3001585,0.0
3001586,455.0
3001587,14.0
3001588,660.0
3001589,627.0
3001590,215.949
3001591,113.0
3001592,56.0
3001593,3635.891
3001594,14.0
3001595,1.0
3001596,6.0
3001597,8.0
3001598,0.0
3001599,158.0
3001600,0.0
3001601,14.0
3001602,14.0
3001603,67.0
3001604,0.0
3001605,109.348
3001606,139.0
3001607,1.0
3001608,1.0
3001609,136.87
3001610,62.816
3001611,791.476
3001612,1.0
3001613,4.0
3001614,6.0
3001615,0.0
3001616,13.0
3001617,7576.342
3001618,0.0
3001619,1169.541
3001620,24.0
3001621,1726.9542
3001622,1961.0753
3001623,299.094
3001624,423.0
3001625,244.759
3001626,7625.9463
3001627,97.0
3001628,3.0
3001629,84.0
3001630,39.0
3001631,0.0
3001632,394.0
3001633,34.0
3001634,72.0
3001635,12.0
3001636,156.0
3001637,24.0
3001638,610.756
3001639,478.0
3001640,14.0
3001641,21.0
3001642,943.184
3001643,255.534
3001644,10339.649
3001645,3.0
3001646,83.973
3001647,7.0
3001648,0.0
3001649,0.0
3001650,1699.0
3001651,0.0
3001652,163.0
3001653,12.0
3001654,397.0
3001655,304.0
3001656,106.0
3001657,101.0
3001658,40.55
3001659,2424.0728
3001660,0.0
3001661,0.0
3001662,13.0
3001663,10.0
3001664,0.0
3001665,119.0
3001666,0.0
3001667,0.0
3001668,1.0
3001669,33.0
3001670,1.0
3001671,48.245
3001672,62.0
3001673,1.0
3001674,5.0
3001675,96.109
3001676,20.0
3001677,438.134
3001678,0.0
3001679,6.0
3001680,15.0
3001681,0.0
3001682,0.0
3001683,3160.9473
3001684,0.0
3001685,415.0
3001686,10.0
3001687,764.0
3001688,651.0
3001689,185.141
3001690,237.0
3001691,103.3
3001692,4459.6895
3001693,24.0
3001694,0.0
3001695,12.0
3001696,14.0
3001697,0.0
3001698,191.0
3001699,3.0
3001700,9.0
3001701,4.0
3001702,11.0
3001703,3.0
3001704,280.835
3001705,186.0
3001706,3.0
3001707,4.0
3001708,92.235
3001709,44.0
3001710,934.27
3001711,1.0
3001712,4.0
3001713,1.0
3001714,0.0
3001715,0.0
3001716,745.0
3001717,0.0
3001718,158.0
3001719,4.0
3001720,352.0
3001721,136.0
3001722,69.0
3001723,143.0
3001724,19.0
3001725,2007.6208
3001726,2.0
3001727,0.0
3001728,8.0
3001729,2.0
3001730,1.0
3001731,54.0
3001732,0.0
3001733,0.0
3001734,0.0
3001735,14.0
3001736,0.0
3001737,39.672
3001738,60.0
3001739,1.0
3001740,1.0
3001741,46.765
3001742,6.0
3001743,115.995
3001744,0.0
3001745,2.0
3001746,7.0
3001747,0.0
3001748,5.0
3001749,2448.0
3001750,0.0
3001751,166.0
3001752,13.0
3001753,725.0
3001754,564.0
3001755,168.0
3001756,95.0
3001757,57.909
3001758,2746.9465
3001759,3.0
3001760,0.0
3001761,19.0
3001762,17.0
3001763,0.0
3001764,184.0
3001765,0.0
3001766,0.0
3001767,15.0
3001768,94.0
3001769,1.0
3001770,268.209
3001771,132.0
3001772,2.0
3001773,5.0
3001774,205.608
3001775,25.0
3001776,921.191
3001777,0.0
3001778,0.0
3001779,3.0
3001780,0.0
3001781,3.0
3001782,2151.0928
3001783,0.0
3001784,620.0
3001785,9.0
3001786,907.0
3001787,701.0
3001788,199.123
3001789,112.0
3001790,72.0
3001791,3641.5044
3001792,5.0
3001793,3.0
3001794,24.0
3001795,28.0
3001796,0.0
3001797,157.0
3001798,4.0
3001799,2.0
3001800,6.0
3001801,31.0
3001802,1.0
3001803,173.526
3001804,196.0
3001805,0.0
3001806,4.0
3001807,155.513
3001808,15.0
3001809,624.635
3001810,3.0
3001811,6.0
3001812,1.0
3001813,0.0
3001814,1.0
3001815,1103.0
3001816,0.0
3001817,100.0
3001818,1.0
3001819,385.0
3001820,193.0
3001821,60.0
3001822,114.0
3001823,39.0
3001824,1977.5648
3001825,1.0
3001826,3.0
3001827,3.0
3001828,2.0
3001829,0.0
3001830,39.0
3001831,0.0
3001832,0.0
3001833,0.0
3001834,42.0
3001835,0.0
3001836,110.039
3001837,72.0
3001838,0.0
3001839,2.0
3001840,16.234001
3001841,17.0
3001842,261.509
3001843,0.0
3001844,0.0
3001845,9.0
3001846,0.0
3001847,2.0
3001848,3885.449
3001849,0.0
3001850,411.0
3001851,10.0
3001852,782.0
3001853,558.0
3001854,179.069
3001855,89.0
3001856,67.0
3001857,3849.4275
3001858,4.0
3001859,0.0
3001860,12.0
3001861,8.0
3001862,0.0
3001863,177.0
3001864,0.0
3001865,18.0
3001866,5.0
3001867,59.0
3001868,0.0
3001869,209.556
3001870,184.0
3001871,6.0
3001872,6.0
3001873,93.236
3001874,43.912
3001875,1076.124
3001876,2.0
3001877,1.0
3001878,6.0
3001879,0.0
3001880,14.0
3001881,2689.069
3001882,0.0
3001883,532.06
3001884,3.0
3001885,878.0
3001886,841.0
3001887,133.677
3001888,120.0
3001889,128.0
3001890,3721.6414
3001891,38.0
3001892,3.0
3001893,26.0
3001894,23.0
3001895,0.0
3001896,237.0
3001897,19.0
3001898,28.0
3001899,2.0
3001900,92.0
3001901,8.0
3001902,230.505
3001903,271.0
3001904,10.0
3001905,23.0
3001906,268.447
3001907,78.039
3001908,3533.7737
3001909,0.0
3001910,17.58
3001911,8.0
3001912,0.0
3001913,6.0
3001914,2044.92
3001915,0.0
3001916,476.575
3001917,12.0
3001918,834.0
3001919,825.0
3001920,125.288
3001921,75.0
3001922,163.66
3001923,3607.5576
3001924,44.0
3001925,3.0
3001926,67.0
3001927,35.0
3001928,0.0
3001929,284.0
3001930,20.0
3001931,15.0
3001932,12.0
3001933,77.0
3001934,13.0
3001935,144.493
3001936,309.0
3001937,10.0
3001938,11.0
3001939,135.43
3001940,65.03
3001941,3111.337
3001942,0.0
3001943,17.347
3001944,13.0
3001945,1.0
3001946,2.0
3001947,2868.7297
3001948,0.0
3001949,671.0
3001950,5.0
3001951,1024.0
3001952,611.0
3001953,174.727
3001954,201.0
3001955,85.0
3001956,5051.611
3001957,21.0
3001958,1.0
3001959,37.0
3001960,26.0
3001961,0.0
3001962,293.0
3001963,0.0
3001964,25.0
3001965,13.0
3001966,37.0
3001967,7.0
3001968,147.709
3001969,271.0
3001970,7.0
3001971,9.0
3001972,187.646
3001973,47.427002
3001974,1492.18
3001975,6.0
3001976,16.365
3001977,4.0
3001978,0.0
3001979,6.0
3001980,2024.1511
3001981,0.0
3001982,296.955
3001983,5.0
3001984,621.0
3001985,602.0
3001986,162.535
3001987,99.0
3001988,79.0
3001989,2886.747
3001990,13.0
3001991,1.0
3001992,19.0
3001993,12.0
3001994,0.0
3001995,167.0
3001996,19.0
3001997,36.0
3001998,3.0
3001999,57.0
3002000,15.0
3002001,276.36
3002002,206.0
3002003,5.0
3002004,10.0
3002005,312.375
3002006,47.978
3002007,2953.3682
3002008,0.0
3002009,17.544
3002010,2.0
3002011,0.0
3002012,1.0
3002013,4936.6694
3002014,0.0
3002015,440.0
3002016,28.0
3002017,1174.0
3002018,966.0
3002019,280.0
3002020,167.0
3002021,70.462
3002022,5059.629
3002023,7.0
3002024,1.0
3002025,28.0
3002026,24.0
3002027,0.0
3002028,275.0
3002029,0.0
3002030,0.0
3002031,12.0
3002032,21.0
3002033,0.0
3002034,129.781
3002035,245.0
3002036,4.0
3002037,8.0
3002038,129.854
3002039,50.0
3002040,1012.359
3002041,0.0
3002042,12.0
3002043,5.0
3002044,0.0
3002045,12.0
3002046,1893.2455
3002047,0.0
3002048,485.38
3002049,6.0
3002050,794.0
3002051,696.0
3002052,164.419
3002053,103.0
3002054,119.905
3002055,3667.6438
3002056,34.0
3002057,3.0
3002058,19.0
3002059,24.0
3002060,0.0
3002061,222.0
3002062,10.0
3002063,20.0
3002064,9.0
3002065,32.0
3002066,9.0
3002067,172.695
3002068,243.0
3002069,19.0
3002070,8.0
3002071,165.673
3002072,100.919
3002073,2606.681
3002074,2.0
3002075,11.0
3002076,3.0
3002077,0.0
3002078,3.0
3002079,1943.0
3002080,0.0
3002081,422.16
3002082,4.0
3002083,585.0
3002084,688.0
3002085,118.814
3002086,97.0
3002087,109.0
3002088,2732.0
3002089,26.0
3002090,2.0
3002091,20.0
3002092,6.0
3002093,0.0
3002094,194.0
3002095,7.0
3002096,37.0
3002097,5.0
3002098,49.0
3002099,9.0
3002100,219.305
3002101,242.0
3002102,9.0
3002103,13.0
3002104,190.282
3002105,55.258
3002106,3107.149
3002107,1.0
3002108,10.891
3002109,4.0
3002110,0.0
3002111,4.0
3002112,4525.1753
3002113,0.0
3002114,500.0
3002115,11.0
3002116,1091.0
3002117,640.0
3002118,249.057
3002119,167.0
3002120,30.0
3002121,4344.2983
3002122,13.0
3002123,1.0
3002124,11.0
3002125,27.0
3002126,0.0
3002127,241.0
3002128,0.0
3002129,9.0
3002130,2.0
3002131,42.0
3002132,23.0
3002133,183.815
3002134,259.0
3002135,4.0
3002136,3.0
3002137,230.282
3002138,102.0
3002139,1217.357
3002140,1.0
3002141,0.0
3002142,14.0
3002143,0.0
3002144,14.0
3002145,8308.068
3002146,0.0
3002147,1325.756
3002148,40.0
3002149,2033.4067
3002150,2189.6191
3002151,443.26498
3002152,511.0
3002153,345.822
3002154,8692.736
3002155,101.0
3002156,8.0
3002157,127.0
3002158,233.0
3002159,0.0
3002160,506.0
3002161,13.0
3002162,19.0
3002163,64.0
3002164,260.0
3002165,27.0
3002166,751.269
3002167,432.0
3002168,42.0
3002169,35.0
3002170,1117.861
3002171,289.667
3002172,12112.183
3002173,288.0
3002174,73.954
3002175,16.0
3002176,0.0
3002177,9.0
3002178,7931.993
3002179,0.0
3002180,1154.667
3002181,28.0
3002182,2136.283
3002183,1966.9915
3002184,529.525
3002185,323.0
3002186,295.424
3002187,9897.4375
3002188,96.0
3002189,1.0
3002190,63.0
3002191,79.0
3002192,0.0
3002193,523.0
3002194,4.0
3002195,35.0
3002196,1.0
3002197,229.0
3002198,17.0
3002199,874.046
3002200,729.0
3002201,18.0
3002202,28.0
3002203,979.273
3002204,227.474
3002205,8079.3076
3002206,522.0
3002207,79.776
3002208,5.0
3002209,0.0
3002210,16.0
3002211,4855.93
3002212,0.0
3002213,732.0
3002214,9.0
3002215,1729.413
3002216,1158.0
3002217,605.886
3002218,106.0
3002219,227.0
3002220,7726.394
3002221,19.0
3002222,1.0
3002223,29.0
3002224,25.0
3002225,1.0
3002226,452.0
3002227,12.0
3002228,22.0
3002229,3.0
3002230,100.0
3002231,7.0
3002232,959.615
3002233,587.0
3002234,16.0
3002235,40.0
3002236,617.435
3002237,144.72101
3002238,3231.4563
3002239,271.0
3002240,36.43
3002241,3.0
3002242,0.0
3002243,23.0
3002244,7117.339
3002245,0.0
3002246,1054.31
3002247,16.0
3002248,1966.0208
3002249,1928.6484
3002250,465.065
3002251,290.0
3002252,219.274
3002253,8980.156
3002254,38.0
3002255,1.0
3002256,62.0
3002257,58.0
3002258,1.0
3002259,485.0
3002260,25.0
3002261,28.0
3002262,3.0
3002263,174.0
3002264,12.0
3002265,735.374
3002266,586.0
3002267,26.0
3002268,32.0
3002269,817.339
3002270,208.85
3002271,7645.271
3002272,339.0
3002273,66.463
3002274,8.0
3002275,0.0
3002276,20.0
3002277,3590.594
3002278,0.0
3002279,640.0
3002280,11.0
3002281,1561.7534
3002282,780.0
3002283,439.927
3002284,72.0
3002285,178.494
3002286,6414.4863
3002287,15.0
3002288,0.0
3002289,17.0
3002290,55.0
3002291,0.0
3002292,384.0
3002293,17.0
3002294,20.0
3002295,0.0
3002296,70.0
3002297,2.0
3002298,602.357
3002299,501.0
3002300,21.0
3002301,21.0
3002302,625.742
3002303,73.112
3002304,1985.897
3002305,516.0
3002306,18.722
3002307,8.0
3002308,0.0
3002309,7.0
3002310,6177.9062
3002311,0.0
3002312,1237.521
3002313,15.0
3002314,1707.5479
3002315,2000.7361
3002316,361.739
3002317,419.0
3002318,294.136
3002319,7557.3125
3002320,56.0
3002321,0.0
3002322,56.0
3002323,36.0
3002324,2.0
3002325,360.0
3002326,10.0
3002327,58.0
3002328,10.0
3002329,175.0
3002330,20.0
3002331,616.141
3002332,428.0
3002333,7.0
3002334,21.0
3002335,819.36
3002336,213.571
3002337,9645.095
3002338,263.0
3002339,79.022
3002340,3.0
3002341,0.0
3002342,3.0
3002343,1706.8531
3002344,0.0
3002345,347.098
3002346,26.0
3002347,687.0
3002348,520.0
3002349,191.371
3002350,78.0
3002351,87.0
3002352,2890.955
3002353,17.0
3002354,4.0
3002355,30.0
3002356,14.0
3002357,0.0
3002358,165.0
3002359,5.0
3002360,6.0
3002361,14.0
3002362,67.0
3002363,5.0
3002364,200.516
3002365,212.0
3002366,6.0
3002367,10.0
3002368,215.72
3002369,53.745
3002370,1901.853
3002371,1.0
3002372,9.355
3002373,8.0
3002374,0.0
3002375,19.0
3002376,3924.145
3002377,0.0
3002378,607.662
3002379,33.0
3002380,1435.0358
3002381,946.0
3002382,460.226
3002383,101.0
3002384,131.468
3002385,6014.785
3002386,52.0
3002387,3.0
3002388,56.0
3002389,15.0
3002390,0.0
3002391,319.0
3002392,14.0
3002393,15.0
3002394,1.0
3002395,101.0
3002396,11.0
3002397,518.742
3002398,478.0
3002399,6.0
3002400,26.0
3002401,365.353
3002402,99.714005
3002403,2571.38
3002404,400.0
3002405,12.332
3002406,6.0
3002407,0.0
3002408,9.0
3002409,4433.7056
3002410,0.0
3002411,883.987
3002412,12.0
3002413,1385.5132
3002414,1594.9784
3002415,247.257
3002416,341.0
3002417,195.919
3002418,5460.9785
3002419,68.0
3002420,3.0
3002421,60.0
3002422,35.0
3002423,0.0
3002424,291.0
3002425,0.0
3002426,47.0
3002427,8.0
3002428,156.0
3002429,11.0
3002430,579.05
3002431,275.0
3002432,20.0
3002433,12.0
3002434,684.901
3002435,147.079
3002436,8649.911
3002437,1.0
3002438,51.152
3002439,11.0
3002440,0.0
3002441,9.0
3002442,4094.0
3002443,0.0
3002444,902.763
3002445,12.0
3002446,1566.0
3002447,1238.0
3002448,299.065
3002449,256.0
3002450,279.8
3002451,5783.0
3002452,31.0
3002453,9.0
3002454,35.0
3002455,48.0
3002456,0.0
3002457,281.0
3002458,5.0
3002459,38.0
3002460,19.0
3002461,212.0
3002462,11.0
3002463,429.973
3002464,332.0
3002465,10.0
3002466,48.0
3002467,433.775
3002468,180.823
3002469,7873.919
3002470,5.0
3002471,8.0
3002472,10.0
3002473,0.0
3002474,4.0
3002475,1995.0
3002476,0.0
3002477,452.344
3002478,6.0
3002479,864.0
3002480,411.0
3002481,233.178
3002482,104.0
3002483,99.0
3002484,2910.5347
3002485,14.0
3002486,4.0
3002487,35.0
3002488,24.0
3002489,0.0
3002490,155.0
3002491,5.0
3002492,5.0
3002493,2.0
3002494,48.0
3002495,5.0
3002496,291.998
3002497,193.0
3002498,5.0
3002499,12.0
3002500,179.684
3002501,121.771
3002502,2684.282
3002503,0.0
3002504,5.0
3002505,6.0
3002506,0.0
3002507,0.0
3002508,1918.0
3002509,0.0
3002510,197.0
3002511,2.0
3002512,733.0
3002513,307.0
3002514,182.0
3002515,47.0
3002516,14.0
3002517,3394.2288
3002518,5.0
3002519,5.0
3002520,7.0
3002521,7.0
3002522,0.0
3002523,172.0
3002524,0.0
3002525,0.0
3002526,2.0
3002527,20.0
3002528,2.0
3002529,46.564
3002530,141.0
3002531,0.0
3002532,3.0
3002533,51.015
3002534,91.0
3002535,595.185
3002536,0.0
3002537,4.0
3002538,6.0
3002539,0.0
3002540,10.0
3002541,2950.3384
3002542,0.0
3002543,515.895
3002544,13.0
3002545,1130.0
3002546,837.0
3002547,269.276
3002548,153.0
3002549,135.419
3002550,4551.072
3002551,29.0
3002552,0.0
3002553,10.0
3002554,53.0
3002555,0.0
3002556,217.0
3002557,14.0
3002558,23.0
3002559,14.0
3002560,50.0
3002561,6.0
3002562,395.181
3002563,326.0
3002564,6.0
3002565,10.0
3002566,409.068
3002567,85.632996
3002568,3362.0732
3002569,0.0
3002570,30.630001
3002571,6.0
3002572,0.0
3002573,10.0
3002574,4081.2441
3002575,0.0
3002576,578.09
3002577,17.0
3002578,1069.0
3002579,1274.0
3002580,172.702
3002581,269.0
3002582,173.92
3002583,4067.5388
3002584,43.0
3002585,4.0
3002586,28.0
3002587,21.0
3002588,2.0
3002589,239.0
3002590,15.0
3002591,35.0
3002592,10.0
3002593,130.0
3002594,23.0
3002595,386.325
3002596,271.0
3002597,5.0
3002598,14.0
3002599,607.70703
3002600,120.619
3002601,6886.4507
3002602,0.0
3002603,48.765
3002604,2.0
3002605,0.0
3002606,15.0
3002607,4364.8203
3002608,0.0
3002609,783.058
3002610,20.0
3002611,1140.0
3002612,1286.0
3002613,234.87
3002614,264.0
3002615,149.278
3002616,4545.6016
3002617,30.0
3002618,1.0
3002619,60.0
3002620,80.0
3002621,0.0
3002622,272.0
3002623,23.0
3002624,48.0
3002625,6.0
3002626,126.0
3002627,21.0
3002628,402.044
3002629,260.0
3002630,19.0
3002631,20.0
3002632,481.08398
3002633,144.043
3002634,6436.0264
3002635,1.0
3002636,35.36
3002637,13.0
3002638,2.0
3002639,10.0
3002640,3062.9067
3002641,0.0
3002642,423.0
3002643,20.0
3002644,1416.7848
3002645,687.0
3002646,451.742
3002647,123.0
3002648,114.14
3002649,6411.495
3002650,5.0
3002651,1.0
3002652,40.0
3002653,27.0
3002654,0.0
3002655,359.0
3002656,8.0
3002657,3.0
3002658,9.0
3002659,51.0
3002660,5.0
3002661,328.959
3002662,401.0
3002663,5.0
3002664,4.0
3002665,333.132
3002666,123.465
3002667,1310.448
3002668,83.0
3002669,17.602
3002670,9.0
3002671,0.0
3002672,10.0
3002673,1987.1141
3002674,0.0
3002675,417.021
3002676,17.0
3002677,696.0
3002678,736.0
3002679,139.761
3002680,114.0
3002681,167.70999
3002682,2252.847
3002683,23.0
3002684,1.0
3002685,39.0
3002686,31.0
3002687,0.0
3002688,170.0
3002689,7.0
3002690,22.0
3002691,8.0
3002692,142.0
3002693,7.0
3002694,243.94301
3002695,183.0
3002696,5.0
3002697,11.0
3002698,268.744
3002699,97.532
3002700,2006.4528
3002701,0.0
3002702,39.369
3002703,0.0
3002704,0.0
3002705,0.0
3002706,1676.0
3002707,0.0
3002708,72.0
3002709,6.0
3002710,573.0
3002711,211.0
3002712,140.0
3002713,10.0
3002714,23.0
3002715,2439.4897
3002716,7.0
3002717,0.0
3002718,20.0
3002719,2.0
3002720,0.0
3002721,137.0
3002722,5.0
3002723,0.0
3002724,2.0
3002725,7.0
3002726,0.0
3002727,211.658
3002728,147.0
3002729,1.0
3002730,2.0
3002731,120.494995
3002732,54.0
3002733,191.106
3002734,0.0
3002735,1.0
3002736,10.0
3002737,0.0
3002738,6.0
3002739,4116.4883
3002740,0.0
3002741,868.0
3002742,17.0
3002743,1669.377
3002744,575.0
3002745,411.592
3002746,340.0
3002747,77.0
3002748,6552.235
3002749,41.0
3002750,1.0
3002751,16.0
3002752,24.0
3002753,0.0
3002754,404.0
3002755,2.0
3002756,0.0
3002757,8.0
3002758,68.0
3002759,2.0
3002760,655.65
3002761,351.0
3002762,1.0
3002763,9.0
3002764,246.44499
3002765,142.355
3002766,1467.928
3002767,36.0
3002768,8.0
3002769,10.0
3002770,0.0
3002771,2.0
3002772,1543.0
3002773,0.0
3002774,175.0
3002775,13.0
3002776,584.0
3002777,341.0
3002778,203.0
3002779,92.0
3002780,24.0
3002781,2499.5898
3002782,8.0
3002783,0.0
3002784,13.0
3002785,19.0
3002786,0.0
3002787,127.0
3002788,7.0
3002789,0.0
3002790,8.0
3002791,48.0
3002792,1.0
3002793,184.114
3002794,112.0
3002795,1.0
3002796,9.0
3002797,162.061
3002798,45.0
3002799,326.918
3002800,8.0
3002801,0.0
3002802,2.0
3002803,0.0
3002804,3.0
3002805,1501.0
3002806,0.0
3002807,71.0
3002808,4.0
3002809,544.0
3002810,218.0
3002811,88.0
3002812,22.0
3002813,18.0
3002814,2432.6714
3002815,6.0
3002816,0.0
3002817,9.0
3002818,12.0
3002819,0.0
3002820,110.0
3002821,1.0
3002822,0.0
3002823,0.0
3002824,44.0
3002825,0.0
3002826,176.716
3002827,134.0
3002828,0.0
3002829,8.0
3002830,126.257
3002831,21.0
3002832,167.708
3002833,4.0
3002834,0.0
3002835,1.0
3002836,0.0
3002837,1.0
3002838,1188.0
3002839,0.0
3002840,149.0
3002841,9.0
3002842,666.0
3002843,332.0
3002844,207.0
3002845,81.0
3002846,33.0
3002847,2622.7
3002848,3.0
3002849,0.0
3002850,16.0
3002851,20.0
3002852,0.0
3002853,156.0
3002854,0.0
3002855,0.0
3002856,4.0
3002857,7.0
3002858,2.0
3002859,398.36
3002860,191.0
3002861,0.0
3002862,7.0
3002863,123.056
3002864,99.0
3002865,327.063
3002866,12.0
3002867,4.0
3002868,5.0
3002869,2.0
3002870,4.0
3002871,1466.0
3002872,0.0
3002873,151.0
3002874,3.0
3002875,850.0
3002876,353.0
3002877,196.0
3002878,115.0
3002879,64.0
3002880,2757.7703
3002881,7.0
3002882,2.0
3002883,12.0
3002884,20.0
3002885,0.0
3002886,187.0
3002887,6.0
3002888,0.0
3002889,4.0
3002890,27.0
3002891,2.0
3002892,157.345
3002893,167.0
3002894,3.0
3002895,9.0
3002896,127.53
3002897,43.0
3002898,568.0
3002899,3.0
3002900,6.0
3002901,1.0
3002902,1.0
3002903,0.0
3002904,1399.0
3002905,0.0
3002906,88.0
3002907,10.0
3002908,508.0
3002909,192.0
3002910,136.0
3002911,108.0
3002912,28.0
3002913,1844.7805
3002914,9.0
3002915,0.0
3002916,3.0
3002917,11.0
3002918,0.0
3002919,126.0
3002920,0.0
3002921,0.0
3002922,4.0
3002923,19.0
3002924,1.0
3002925,47.499
3002926,124.0
3002927,1.0
3002928,3.0
3002929,51.864
3002930,31.0
3002931,341.752
3002932,0.0
3002933,0.0
3002934,5.0
3002935,0.0
3002936,7.0
3002937,2576.46
3002938,0.0
3002939,255.0
3002940,0.0
3002941,730.0
3002942,458.0
3002943,364.0
3002944,165.0
3002945,42.0
3002946,3638.5764
3002947,23.0
3002948,1.0
3002949,21.0
3002950,23.0
3002951,0.0
3002952,204.0
3002953,0.0
3002954,0.0
3002955,6.0
3002956,45.0
3002957,4.0
3002958,293.82
3002959,170.0
3002960,4.0
3002961,10.0
3002962,293.557
3002963,61.0
3002964,907.016
3002965,3.0
3002966,9.0
3002967,2.0
3002968,0.0
3002969,7.0
3002970,1813.6741
3002971,0.0
3002972,470.0
3002973,5.0
3002974,385.0
3002975,414.0
3002976,116.461
3002977,131.0
3002978,43.0
3002979,2462.996
3002980,17.0
3002981,1.0
3002982,4.0
3002983,12.0
3002984,0.0
3002985,122.0
3002986,3.0
3002987,3.0
3002988,3.0
3002989,61.0
3002990,3.0
3002991,127.317
3002992,126.0
3002993,3.0
3002994,10.0
3002995,129.792
3002996,42.742
3002997,965.368
3002998,49.0
3002999,11.0
3003000,5.0
3003001,0.0
3003002,3.0
3003003,2115.6965
3003004,0.0
3003005,130.0
3003006,11.0
3003007,687.0
3003008,280.0
3003009,247.0
3003010,65.0
3003011,49.0
3003012,2744.9707
3003013,8.0
3003014,2.0
3003015,17.0
3003016,5.0
3003017,0.0
3003018,125.0
3003019,6.0
3003020,0.0
3003021,1.0
3003022,34.0
3003023,2.0
3003024,155.72299
3003025,144.0
3003026,0.0
3003027,6.0
3003028,207.206
3003029,25.0
3003030,495.999
3003031,8.0
3003032,7.0
3003033,9.0
3003034,0.0
3003035,9.0
3003036,2389.44
3003037,0.0
3003038,501.0
3003039,16.0
3003040,575.0
3003041,597.0
3003042,136.807
3003043,139.0
3003044,73.0
3003045,3146.2698
3003046,42.0
3003047,4.0
3003048,20.0
3003049,22.0
3003050,0.0
3003051,193.0
3003052,11.0
3003053,17.0
3003054,2.0
3003055,118.0
3003056,14.0
3003057,894.182
3003058,144.0
3003059,10.0
3003060,7.0
3003061,358.922
3003062,73.426
3003063,1908.4779
3003064,0.0
3003065,22.127
3003066,8.0
3003067,0.0
3003068,3.0
3003069,3730.0166
3003070,0.0
3003071,369.0
3003072,4.0
3003073,1004.0
3003074,578.0
3003075,452.248
3003076,126.0
3003077,100.0
3003078,4936.9067
3003079,17.0
3003080,1.0
3003081,21.0
3003082,6.0
3003083,0.0
3003084,280.0
3003085,0.0
3003086,4.0
3003087,3.0
3003088,77.0
3003089,0.0
3003090,710.44403
3003091,304.0
3003092,3.0
3003093,4.0
3003094,190.978
3003095,56.304
3003096,692.266
3003097,60.0
3003098,14.43
3003099,3.0
3003100,0.0
3003101,1.0
3003102,2215.0
3003103,0.0
3003104,279.0
3003105,15.0
3003106,727.0
3003107,446.0
3003108,171.095
3003109,174.0
3003110,85.0
3003111,3239.7295
3003112,13.0
3003113,2.0
3003114,43.0
3003115,18.0
3003116,0.0
3003117,281.0
3003118,0.0
3003119,0.0
3003120,3.0
3003121,72.0
3003122,2.0
3003123,83.109
3003124,191.0
3003125,4.0
3003126,7.0
3003127,159.317
3003128,143.073
3003129,945.33
3003130,0.0
3003131,1.0
3003132,4.0
3003133,0.0
3003134,9.0
3003135,1984.0
3003136,0.0
3003137,107.0
3003138,5.0
3003139,613.0
3003140,299.0
3003141,141.0
3003142,27.0
3003143,48.0
3003144,3444.0
3003145,13.0
3003146,0.0
3003147,22.0
3003148,21.0
3003149,0.0
3003150,158.0
3003151,0.0
3003152,0.0
3003153,2.0
3003154,222.0
3003155,0.0
3003156,104.842
3003157,118.0
3003158,0.0
3003159,3.0
3003160,135.9
3003161,30.0
3003162,357.722
3003163,12.0
3003164,1.0
3003165,4.0
3003166,0.0
3003167,6.0
3003168,1350.0
3003169,0.0
3003170,287.421
3003171,9.0
3003172,479.0
3003173,483.0
3003174,111.059
3003175,55.0
3003176,72.0
3003177,1901.8246
3003178,47.0
3003179,0.0
3003180,8.0
3003181,3.0
3003182,0.0
3003183,137.0
3003184,8.0
3003185,7.0
3003186,1.0
3003187,55.0
3003188,4.0
3003189,932.507
3003190,124.0
3003191,4.0
3003192,8.0
3003193,251.106
3003194,31.948
3003195,1057.37
3003196,0.0
3003197,5.0
3003198,3.0
3003199,0.0
3003200,2.0
3003201,2840.1765
3003202,0.0
3003203,688.038
3003204,20.0
3003205,957.0
3003206,1016.0
3003207,206.479
3003208,190.0
3003209,132.79
3003210,3341.1868
3003211,62.0
3003212,0.0
3003213,17.0
3003214,27.0
3003215,0.0
3003216,223.0
3003217,13.0
3003218,42.0
3003219,6.0
3003220,101.0
3003221,9.0
3003222,340.118
3003223,193.0
3003224,23.0
3003225,14.0
3003226,418.697
3003227,94.067
3003228,2938.2534
3003229,0.0
3003230,14.918
3003231,2.0
3003232,0.0
3003233,3.0
3003234,2050.4053
3003235,0.0
3003236,551.577
3003237,7.0
3003238,570.0
3003239,672.0
3003240,180.459
3003241,189.0
3003242,140.0
3003243,1776.2744
3003244,21.0
3003245,1.0
3003246,22.0
3003247,22.0
3003248,0.0
3003249,121.0
3003250,0.0
3003251,31.0
3003252,3.0
3003253,422.0
3003254,16.0
3003255,234.157
3003256,119.0
3003257,5.0
3003258,7.0
3003259,249.468
3003260,47.055
3003261,1864.718
3003262,0.0
3003263,4.0
3003264,2.0
3003265,0.0
3003266,1.0
3003267,601.0
3003268,0.0
3003269,131.0
3003270,1.0
3003271,240.0
3003272,160.0
3003273,39.784
3003274,20.0
3003275,12.0
3003276,1066.738
3003277,2.0
3003278,0.0
3003279,3.0
3003280,3.0
3003281,0.0
3003282,57.0
3003283,0.0
3003284,13.0
3003285,0.0
3003286,36.0
3003287,0.0
3003288,194.382
3003289,61.0
3003290,1.0
3003291,1.0
3003292,103.881996
3003293,12.0
3003294,318.202
3003295,1.0
3003296,1.0
3003297,1.0
3003298,0.0
3003299,2.0
3003300,2199.979
3003301,0.0
3003302,387.6
3003303,18.0
3003304,591.0
3003305,683.0
3003306,242.407
3003307,188.0
3003308,109.112
3003309,2953.2876
3003310,30.0
3003311,2.0
3003312,25.0
3003313,21.0
3003314,0.0
3003315,153.0
3003316,4.0
3003317,38.0
3003318,12.0
3003319,185.0
3003320,6.0
3003321,262.661
3003322,186.0
3003323,7.0
3003324,10.0
3003325,259.455
3003326,66.048996
3003327,2039.9044
3003328,2.0
3003329,11.432
3003330,4.0
3003331,0.0
3003332,4.0
3003333,2751.5803
3003334,0.0
3003335,374.0
3003336,7.0
3003337,900.0
3003338,462.0
3003339,239.448
3003340,123.0
3003341,77.0
3003342,5145.6226
3003343,5.0
3003344,0.0
3003345,23.0
3003346,14.0
3003347,1.0
3003348,178.0
3003349,0.0
3003350,4.0
3003351,3.0
3003352,76.0
3003353,2.0
3003354,266.97
3003355,138.0
3003356,1.0
3003357,6.0
3003358,139.72
3003359,38.721
3003360,914.357
3003361,0.0
3003362,2.0
3003363,6.0
3003364,0.0
3003365,0.0
3003366,2242.0
3003367,0.0
3003368,424.0
3003369,13.0
3003370,598.0
3003371,439.0
3003372,179.246
3003373,141.0
3003374,73.0
3003375,3402.8152
3003376,12.0
3003377,0.0
3003378,31.0
3003379,9.0
3003380,0.0
3003381,169.0
3003382,0.0
3003383,8.0
3003384,5.0
3003385,119.0
3003386,2.0
3003387,124.842
3003388,144.0
3003389,5.0
3003390,2.0
3003391,126.267
3003392,48.889
3003393,728.328
3003394,1.0
3003395,6.0
3003396,3.0
3003397,0.0
3003398,16.0
3003399,7019.0386
3003400,0.0
3003401,952.513
3003402,96.0
3003403,1503.3927
3003404,1668.9412
3003405,292.491
3003406,387.0
3003407,265.568
3003408,6297.5967
3003409,55.0
3003410,1.0
3003411,73.0
3003412,39.0
3003413,0.0
3003414,336.0
3003415,18.0
3003416,30.0
3003417,23.0
3003418,315.0
3003419,22.0
3003420,545.235
3003421,356.0
3003422,26.0
3003423,21.0
3003424,806.341
3003425,197.133
3003426,5997.454
3003427,0.0
3003428,64.095
3003429,8.0
3003430,0.0
3003431,0.0
3003432,1195.0
3003433,0.0
3003434,148.0
3003435,3.0
3003436,473.0
3003437,182.0
3003438,103.0
3003439,60.0
3003440,51.0
3003441,2178.1838
3003442,7.0
3003443,0.0
3003444,6.0
3003445,9.0
3003446,0.0
3003447,249.0
3003448,0.0
3003449,0.0
3003450,2.0
3003451,36.0
3003452,2.0
3003453,140.068
3003454,77.0
3003455,1.0
3003456,5.0
3003457,104.863
3003458,22.0
3003459,425.557
3003460,0.0
3003461,1.0
3003462,7.0
3003463,0.0
3003464,2.0
3003465,2755.7207
3003466,0.0
3003467,441.0
3003468,13.0
3003469,800.0
3003470,456.0
3003471,194.645
3003472,164.0
3003473,71.254
3003474,3676.5737
3003475,5.0
3003476,0.0
3003477,24.0
3003478,12.0
3003479,0.0
3003480,284.0
3003481,0.0
3003482,7.0
3003483,12.0
3003484,23.0
3003485,1.0
3003486,680.762
3003487,170.0
3003488,2.0
3003489,2.0
3003490,148.15799
3003491,43.043
3003492,985.37
3003493,0.0
3003494,2.0
3003495,1.0
3003496,0.0
3003497,0.0
3003498,689.0
3003499,0.0
3003500,151.0
3003501,10.0
3003502,552.0
3003503,93.0
3003504,85.0
3003505,249.0
3003506,10.0
3003507,1797.5569
3003508,0.0
3003509,0.0
3003510,10.0
3003511,8.0
3003512,0.0
3003513,72.0
3003514,0.0
3003515,0.0
3003516,0.0
3003517,42.0
3003518,0.0
3003519,121.398
3003520,59.0
3003521,0.0
3003522,0.0
3003523,34.059
3003524,12.0
3003525,178.966
3003526,0.0
3003527,2.0
3003528,4.0
3003529,0.0
3003530,0.0
3003531,1326.0
3003532,0.0
3003533,164.0
3003534,3.0
3003535,584.0
3003536,258.0
3003537,138.0
3003538,108.0
3003539,52.0
3003540,2510.2087
3003541,2.0
3003542,1.0
3003543,31.0
3003544,9.0
3003545,0.0
3003546,135.0
3003547,0.0
3003548,0.0
3003549,10.0
3003550,42.0
3003551,4.0
3003552,320.664
3003553,186.0
3003554,1.0
3003555,3.0
3003556,209.943
3003557,24.0
3003558,981.239
3003559,0.0
3003560,0.0
3003561,1.0
3003562,1.0
3003563,3.0
3003564,2310.5984
3003565,0.0
3003566,702.0
3003567,22.0
3003568,680.0
3003569,542.0
3003570,229.501
3003571,147.0
3003572,77.66
3003573,3652.151
3003574,7.0
3003575,6.0
3003576,16.0
3003577,29.0
3003578,0.0
3003579,175.0
3003580,1.0
3003581,3.0
3003582,7.0
3003583,24.0
3003584,0.0
3003585,206.901
3003586,220.0
3003587,2.0
3003588,10.0
3003589,130.43001
3003590,36.0
3003591,557.384
3003592,3.0
3003593,4.0
3003594,4.0
3003595,0.0
3003596,0.0
3003597,1307.0
3003598,0.0
3003599,132.0
3003600,0.0
3003601,358.0
3003602,121.0
3003603,93.0
3003604,80.0
3003605,38.0
3003606,1832.4374
3003607,5.0
3003608,2.0
3003609,11.0
3003610,7.0
3003611,0.0
3003612,92.0
3003613,0.0
3003614,0.0
3003615,1.0
3003616,16.0
3003617,1.0
3003618,320.23
3003619,48.0
3003620,2.0
3003621,0.0
3003622,113.377
3003623,11.0
3003624,301.136
3003625,0.0
3003626,0.0
3003627,3.0
3003628,0.0
3003629,0.0
3003630,3133.1384
3003631,0.0
3003632,493.0
3003633,15.0
3003634,758.0
3003635,473.0
3003636,161.934
3003637,230.0
3003638,72.0
3003639,3345.0337
3003640,21.0
3003641,1.0
3003642,14.0
3003643,3.0
3003644,0.0
3003645,133.0
3003646,0.0
3003647,48.0
3003648,9.0
3003649,36.0
3003650,1.0
3003651,455.432
3003652,174.0
3003653,3.0
3003654,3.0
3003655,112.285995
3003656,32.858
3003657,1107.478
3003658,1.0
3003659,1.0
3003660,3.0
3003661,0.0
3003662,6.0
3003663,2353.565
3003664,0.0
3003665,587.295
3003666,12.0
3003667,761.0
3003668,790.0
3003669,190.259
3003670,119.0
3003671,116.0
3003672,3234.1165
3003673,48.0
3003674,1.0
3003675,33.0
3003676,21.0
3003677,0.0
3003678,209.0
3003679,12.0
3003680,24.0
3003681,0.0
3003682,157.0
3003683,9.0
3003684,254.324
3003685,255.0
3003686,10.0
3003687,9.0
3003688,225.9
3003689,88.102005
3003690,2193.5178
3003691,0.0
3003692,16.618
3003693,8.0
3003694,0.0
3003695,9.0
3003696,1852.7482
3003697,0.0
3003698,432.902
3003699,17.0
3003700,706.0
3003701,616.0
3003702,153.571
3003703,80.0
3003704,104.0
3003705,3094.0198
3003706,40.0
3003707,0.0
3003708,52.0
3003709,22.0
3003710,0.0
3003711,267.0
3003712,18.0
3003713,22.0
3003714,23.0
3003715,88.0
3003716,14.0
3003717,158.685
3003718,263.0
3003719,10.0
3003720,20.0
3003721,132.537
3003722,96.997
3003723,1865.809
3003724,0.0
3003725,20.042
3003726,6.0
3003727,0.0
3003728,0.0
3003729,3090.8433
3003730,0.0
3003731,644.0
3003732,7.0
3003733,1081.0
3003734,475.0
3003735,142.395
3003736,320.0
3003737,43.0
3003738,4842.725
3003739,28.0
3003740,1.0
3003741,26.0
3003742,13.0
3003743,0.0
3003744,321.0
3003745,7.0
3003746,14.0
3003747,7.0
3003748,67.0
3003749,4.0
3003750,214.003
3003751,251.0
3003752,6.0
3003753,16.0
3003754,232.954
3003755,33.804
3003756,1152.492
3003757,15.0
3003758,10.0
3003759,5.0
3003760,0.0
3003761,5.0
3003762,1884.5807
3003763,0.0
3003764,327.107
3003765,8.0
3003766,545.0
3003767,526.0
3003768,165.915
3003769,102.0
3003770,53.0
3003771,2606.64
3003772,19.0
3003773,2.0
3003774,7.0
3003775,2.0
3003776,0.0
3003777,117.0
3003778,8.0
3003779,22.0
3003780,0.0
3003781,135.0
3003782,8.0
3003783,266.629
3003784,147.0
3003785,4.0
3003786,5.0
3003787,250.717
3003788,62.181
3003789,1832.9396
3003790,0.0
3003791,14.259
3003792,4.0
3003793,0.0
3003794,6.0
3003795,4498.481
3003796,0.0
3003797,352.0
3003798,10.0
3003799,1030.0
3003800,474.0
3003801,206.0
3003802,178.0
3003803,72.514
3003804,4904.475
3003805,19.0
3003806,0.0
3003807,30.0
3003808,23.0
3003809,0.0
3003810,587.0
3003811,0.0
3003812,0.0
3003813,7.0
3003814,27.0
3003815,1.0
3003816,132.837
3003817,233.0
3003818,2.0
3003819,5.0
3003820,183.88
3003821,41.0
3003822,889.311
3003823,0.0
3003824,4.0
3003825,4.0
3003826,0.0
3003827,12.0
3003828,1641.9507
3003829,0.0
3003830,396.635
3003831,19.0
3003832,703.0
3003833,574.0
3003834,205.926
3003835,119.0
3003836,130.0
3003837,3097.7744
3003838,23.0
3003839,0.0
3003840,59.0
3003841,17.0
3003842,0.0
3003843,152.0
3003844,8.0
3003845,6.0
3003846,14.0
3003847,82.0
3003848,12.0
3003849,163.657
3003850,241.0
3003851,8.0
3003852,3.0
3003853,133.156
3003854,50.886
3003855,1545.652
3003856,0.0
3003857,3.0
3003858,1.0
3003859,0.0
3003860,2.0
3003861,1965.0
3003862,0.0
3003863,338.923
3003864,7.0
3003865,504.0
3003866,665.0
3003867,159.192
3003868,103.0
3003869,106.0
3003870,2716.0
3003871,23.0
3003872,0.0
3003873,50.0
3003874,15.0
3003875,0.0
3003876,187.0
3003877,8.0
3003878,27.0
3003879,2.0
3003880,95.0
3003881,8.0
3003882,270.367
3003883,131.0
3003884,12.0
3003885,7.0
3003886,190.284
3003887,53.592
3003888,1876.164
3003889,0.0
3003890,10.769
3003891,10.0
3003892,0.0
3003893,3.0
3003894,4122.997
3003895,0.0
3003896,521.0
3003897,30.0
3003898,1060.0
3003899,560.0
3003900,241.822
3003901,154.0
3003902,86.0
3003903,3979.2297
3003904,11.0
3003905,0.0
3003906,15.0
3003907,23.0
3003908,0.0
3003909,209.0
3003910,0.0
3003911,8.0
3003912,1.0
3003913,112.0
3003914,13.0
3003915,253.289
3003916,262.0
3003917,2.0
3003918,0.0
3003919,217.714
3003920,91.013
3003921,1149.686
3003922,2.0
3003923,0.0
3003924,16.0
3003925,0.0
3003926,22.0
3003927,7329.531
3003928,0.0
3003929,1216.585
3003930,35.0
3003931,1907.2234
3003932,1890.3398
3003933,380.921
3003934,409.0
3003935,369.054
3003936,7557.356
3003937,102.0
3003938,7.0
3003939,109.0
3003940,76.0
3003941,0.0
3003942,472.0
3003943,15.0
3003944,29.0
3003945,36.0
3003946,387.0
3003947,21.0
3003948,726.99
3003949,342.0
3003950,27.0
3003951,40.0
3003952,922.268
3003953,300.255
3003954,6886.7607
3003955,264.0
3003956,50.77
3003957,11.0
3003958,0.0
3003959,9.0
3003960,6754.798
3003961,0.0
3003962,957.481
3003963,43.0
3003964,1914.4623
3003965,1723.4177
3003966,519.248
3003967,256.0
3003968,308.281
3003969,8606.839
3003970,76.0
3003971,2.0
3003972,58.0
3003973,61.0
3003974,0.0
3003975,420.0
3003976,6.0
3003977,23.0
3003978,1.0
3003979,339.0
3003980,18.0
3003981,895.588
3003982,467.0
3003983,19.0
3003984,19.0
3003985,925.294
3003986,215.702
3003987,4689.8755
3003988,235.0
3003989,45.124
3003990,9.0
3003991,0.0
3003992,20.0
3003993,4423.6514
3003994,0.0
3003995,720.0
3003996,14.0
3003997,1607.7351
3003998,1082.0
3003999,494.37
3004000,98.0
3004001,171.479
3004002,6988.601
3004003,31.0
3004004,0.0
3004005,53.0
3004006,29.0
3004007,1.0
3004008,378.0
3004009,16.0
3004010,15.0
3004011,14.0
3004012,124.0
3004013,12.0
3004014,592.348
3004015,488.0
3004016,13.0
3004017,34.0
3004018,530.253
3004019,108.162
3004020,2047.3314
3004021,193.0
3004022,35.176003
3004023,17.0
3004024,0.0
3004025,22.0
3004026,6421.7246
3004027,0.0
3004028,1002.517
3004029,18.0
3004030,1777.9011
3004031,1637.7773
3004032,482.198
3004033,238.0
3004034,198.921
3004035,8160.792
3004036,44.0
3004037,2.0
3004038,164.0
3004039,51.0
3004040,0.0
3004041,408.0
3004042,19.0
3004043,35.0
3004044,5.0
3004045,267.0
3004046,17.0
3004047,759.595
3004048,486.0
3004049,9.0
3004050,34.0
3004051,743.893
3004052,165.696
3004053,4312.034
3004054,228.0
3004055,42.085
3004056,8.0
3004057,0.0
3004058,21.0
3004059,3508.8887
3004060,0.0
3004061,631.0
3004062,23.0
3004063,1473.3364
3004064,839.0
3004065,506.738
3004066,58.0
3004067,157.747
3004068,5825.8857
3004069,57.0
3004070,0.0
3004071,47.0
3004072,13.0
3004073,0.0
3004074,362.0
3004075,12.0
3004076,14.0
3004077,7.0
3004078,214.0
3004079,3.0
3004080,619.865
3004081,471.0
3004082,13.0
3004083,25.0
3004084,611.637
3004085,78.996
3004086,1297.083
3004087,578.0
3004088,15.932
3004089,10.0
3004090,0.0
3004091,7.0
3004092,5060.1675
3004093,0.0
3004094,1043.679
3004095,36.0
3004096,1453.3809
3004097,1670.1659
3004098,292.935
3004099,374.0
3004100,265.696
3004101,6042.82
3004102,54.0
3004103,3.0
3004104,58.0
3004105,47.0
3004106,2.0
3004107,309.0
3004108,8.0
3004109,30.0
3004110,11.0
3004111,365.0
3004112,13.0
3004113,714.826
3004114,339.0
3004115,18.0
3004116,27.0
3004117,673.765
3004118,168.075
3004119,5518.922
3004120,164.0
3004121,55.971
3004122,7.0
3004123,0.0
3004124,3.0
3004125,1465.1458
3004126,0.0
3004127,344.701
3004128,29.0
3004129,845.0
3004130,495.0
3004131,199.37
3004132,69.0
3004133,95.907
3004134,2467.1118
3004135,35.0
3004136,1.0
3004137,27.0
3004138,25.0
3004139,0.0
3004140,163.0
3004141,8.0
3004142,6.0
3004143,15.0
3004144,83.0
3004145,11.0
3004146,265.429
3004147,188.0
3004148,1.0
3004149,6.0
3004150,198.971
3004151,53.276
3004152,1383.316
3004153,0.0
3004154,7.0959997
3004155,12.0
3004156,0.0
3004157,15.0
3004158,3683.2078
3004159,0.0
3004160,488.327
3004161,70.0
3004162,1350.3324
3004163,896.0
3004164,398.553
3004165,89.0
3004166,234.244
3004167,5555.261
3004168,56.0
3004169,1.0
3004170,90.0
3004171,24.0
3004172,0.0
3004173,233.0
3004174,11.0
3004175,9.0
3004176,5.0
3004177,142.0
3004178,8.0
3004179,553.829
3004180,453.0
3004181,9.0
3004182,24.0
3004183,298.216
3004184,115.298004
3004185,1791.2568
3004186,285.0
3004187,9.0
3004188,9.0
3004189,0.0
3004190,3.0
3004191,3479.312
3004192,0.0
3004193,611.017
3004194,12.0
3004195,1133.8002
3004196,1322.0609
3004197,162.062
3004198,214.0
3004199,280.203
3004200,4000.228
3004201,29.0
3004202,0.0
3004203,32.0
3004204,19.0
3004205,0.0
3004206,180.0
3004207,1.0
3004208,57.0
3004209,2.0
3004210,186.0
3004211,11.0
3004212,544.498
3004213,140.0
3004214,10.0
3004215,14.0
3004216,468.644
3004217,109.363
3004218,4084.6467
3004219,0.0
3004220,26.804
3004221,7.0
3004222,0.0
3004223,3.0
3004224,3776.0
3004225,0.0
3004226,755.812
3004227,14.0
3004228,1399.0
3004229,1041.0
3004230,305.095
3004231,188.0
3004232,392.227
3004233,5377.0
3004234,34.0
3004235,2.0
3004236,82.0
3004237,40.0
3004238,0.0
3004239,271.0
3004240,6.0
3004241,35.0
3004242,14.0
3004243,299.0
3004244,16.0
3004245,376.239
3004246,276.0
3004247,14.0
3004248,27.0
3004249,381.248
3004250,151.925
3004251,4129.067
3004252,4.0
3004253,9.0
3004254,3.0
3004255,0.0
3004256,1.0
3004257,1692.0
3004258,0.0
3004259,351.045
3004260,15.0
3004261,674.0
3004262,367.0
3004263,209.01399
3004264,70.0
3004265,160.0
3004266,2454.7664
3004267,7.0
3004268,1.0
3004269,60.0
3004270,20.0
3004271,0.0
3004272,136.0
3004273,1.0
3004274,10.0
3004275,10.0
3004276,130.0
3004277,7.0
3004278,195.374
3004279,152.0
3004280,3.0
3004281,6.0
3004282,117.427
3004283,56.183
3004284,1637.204
3004285,1.0
3004286,2.0
3004287,6.0
3004288,0.0
3004289,0.0
3004290,4686.0
3004291,0.0
3004292,144.0
3004293,10.0
3004294,720.0
3004295,190.0
3004296,152.002
3004297,44.0
3004298,40.31
3004299,2829.3281
3004300,60.0
3004301,0.0
3004302,13.0
3004303,5.0
3004304,1.0
3004305,170.0
3004306,0.0
3004307,0.0
3004308,2.0
3004309,14.0
3004310,1.0
3004311,52.716
3004312,151.0
3004313,0.0
3004314,0.0
3004315,49.666
3004316,61.0
3004317,498.122
3004318,0.0
3004319,2.0
3004320,6.0
3004321,0.0
3004322,5.0
3004323,2582.8948
3004324,0.0
3004325,392.718
3004326,6.0
3004327,759.0
3004328,695.0
3004329,203.828
3004330,125.0
3004331,98.0
3004332,3775.2986
3004333,24.0
3004334,2.0
3004335,17.0
3004336,40.0
3004337,0.0
3004338,164.0
3004339,8.0
3004340,20.0
3004341,17.0
3004342,105.0
3004343,6.0
3004344,364.42398
3004345,250.0
3004346,7.0
3004347,15.0
3004348,371.706
3004349,75.479996
3004350,1930.8633
3004351,0.0
3004352,18.449
3004353,5.0
3004354,0.0
3004355,9.0
3004356,3211.846
3004357,0.0
3004358,573.494
3004359,21.0
3004360,816.0
3004361,1085.0
3004362,159.617
3004363,227.0
3004364,160.04
3004365,3184.9321
3004366,23.0
3004367,3.0
3004368,54.0
3004369,28.0
3004370,1.0
3004371,163.0
3004372,14.0
3004373,24.0
3004374,13.0
3004375,187.0
3004376,10.0
3004377,365.215
3004378,160.0
3004379,8.0
3004380,15.0
3004381,556.61
3004382,124.843
3004383,4008.267
3004384,0.0
3004385,32.756
3004386,4.0
3004387,1.0
3004388,7.0
3004389,3716.2134
3004390,0.0
3004391,676.615
3004392,30.0
3004393,948.0
3004394,1163.0
3004395,232.795
3004396,219.0
3004397,117.0
3004398,3919.3313
3004399,29.0
3004400,1.0
3004401,25.0
3004402,42.0
3004403,0.0
3004404,252.0
3004405,17.0
3004406,38.0
3004407,36.0
3004408,195.0
3004409,19.0
3004410,368.729
3004411,269.0
3004412,15.0
3004413,11.0
3004414,437.536
3004415,159.784
3004416,3411.7627
3004417,0.0
3004418,29.789
3004419,15.0
3004420,0.0
3004421,15.0
3004422,2826.5776
3004423,0.0
3004424,309.0
3004425,16.0
3004426,1350.7307
3004427,555.0
3004428,420.792
3004429,123.0
3004430,110.436
3004431,5302.234
3004432,9.0
3004433,1.0
3004434,50.0
3004435,29.0
3004436,0.0
3004437,280.0
3004438,1.0
3004439,6.0
3004440,5.0
3004441,57.0
3004442,3.0
3004443,484.43402
3004444,329.0
3004445,11.0
3004446,4.0
3004447,291.82098
3004448,111.93
3004449,1036.439
3004450,148.0
3004451,14.35
3004452,1.0
3004453,0.0
3004454,1.0
3004455,1963.1497
3004456,0.0
3004457,145.607
3004458,4.0
3004459,341.0
3004460,343.0
3004461,64.302
3004462,86.0
3004463,61.0
3004464,2253.016
3004465,9.0
3004466,1.0
3004467,27.0
3004468,14.0
3004469,0.0
3004470,74.0
3004471,3.0
3004472,15.0
3004473,1.0
3004474,67.0
3004475,4.0
3004476,385.99402
3004477,53.0
3004478,5.0
3004479,3.0
3004480,259.118
3004481,24.963001
3004482,2029.7625
3004483,0.0
3004484,19.424
3004485,2.0
3004486,0.0
3004487,2.0
3004488,1459.0
3004489,0.0
3004490,76.0
3004491,5.0
3004492,532.0
3004493,251.0
3004494,269.0
3004495,23.0
3004496,36.0
3004497,2385.3838
3004498,2.0
3004499,0.0
3004500,9.0
3004501,8.0
3004502,1.0
3004503,128.0
3004504,2.0
3004505,0.0
3004506,4.0
3004507,14.0
3004508,1.0
3004509,155.992
3004510,193.0
3004511,2.0
3004512,3.0
3004513,169.418
3004514,10.0
3004515,224.769
3004516,0.0
3004517,1.0
3004518,10.0
3004519,0.0
3004520,4.0
3004521,5077.8965
3004522,0.0
3004523,634.0
3004524,35.0
3004525,1760.8373
3004526,608.0
3004527,486.824
3004528,163.0
3004529,116.835
3004530,6568.864
3004531,25.0
3004532,0.0
3004533,47.0
3004534,10.0
3004535,0.0
3004536,428.0
3004537,9.0
3004538,1.0
3004539,6.0
3004540,60.0
3004541,1.0
3004542,660.14
3004543,320.0
3004544,1.0
3004545,14.0
3004546,560.17
3004547,101.867
3004548,1449.669
3004549,32.0
3004550,10.0
3004551,6.0
3004552,0.0
3004553,2.0
3004554,1481.0
3004555,0.0
3004556,145.0
3004557,66.0
3004558,719.0
3004559,387.0
3004560,238.0
3004561,65.0
3004562,81.573
3004563,2476.2673
3004564,2.0
3004565,1.0
3004566,4.0
3004567,17.0
3004568,0.0
3004569,115.0
3004570,10.0
3004571,0.0
3004572,1.0
3004573,51.0
3004574,2.0
3004575,112.489
3004576,178.0
3004577,2.0
3004578,4.0
3004579,182.591
3004580,30.0
3004581,330.446
3004582,7.0
3004583,6.0
3004584,6.0
3004585,0.0
3004586,0.0
3004587,1601.0
3004588,0.0
3004589,100.0
3004590,13.0
3004591,534.0
3004592,250.0
3004593,172.0
3004594,47.0
3004595,37.0
3004596,2612.1248
3004597,13.0
3004598,0.0
3004599,17.0
3004600,5.0
3004601,0.0
3004602,111.0
3004603,0.0
3004604,0.0
3004605,2.0
3004606,59.0
3004607,0.0
3004608,126.81
3004609,135.0
3004610,1.0
3004611,2.0
3004612,103.2
3004613,16.0
3004614,221.247
3004615,5.0
3004616,1.0
3004617,1.0
3004618,0.0
3004619,1.0
3004620,1522.0
3004621,0.0
3004622,167.0
3004623,28.0
3004624,763.0
3004625,332.0
3004626,379.0
3004627,32.0
3004628,47.0
3004629,2706.8767
3004630,4.0
3004631,0.0
3004632,5.0
3004633,19.0
3004634,0.0
3004635,137.0
3004636,0.0
3004637,0.0
3004638,4.0
3004639,19.0
3004640,2.0
3004641,206.772
3004642,255.0
3004643,1.0
3004644,8.0
3004645,77.553
3004646,84.0
3004647,375.697
3004648,3.0
3004649,3.0
3004650,4.0
3004651,0.0
3004652,7.0
3004653,1378.0
3004654,0.0
3004655,99.0
3004656,0.0
3004657,541.0
3004658,269.0
3004659,309.0
3004660,83.0
3004661,69.0
3004662,2401.1567
3004663,5.0
3004664,0.0
3004665,17.0
3004666,8.0
3004667,0.0
3004668,154.0
3004669,15.0
3004670,0.0
3004671,1.0
3004672,27.0
3004673,2.0
3004674,110.297
3004675,154.0
3004676,0.0
3004677,2.0
3004678,128.714
3004679,29.0
3004680,415.663
3004681,9.0
3004682,2.0
3004683,4.0
3004684,0.0
3004685,0.0
3004686,1639.0
3004687,0.0
3004688,125.0
3004689,3.0
3004690,670.0
3004691,254.0
3004692,160.0
3004693,100.0
3004694,55.0
3004695,1936.1951
3004696,12.0
3004697,0.0
3004698,22.0
3004699,16.0
3004700,0.0
3004701,187.0
3004702,0.0
3004703,0.0
3004704,1.0
3004705,69.0
3004706,4.0
3004707,58.346
3004708,105.0
3004709,2.0
3004710,2.0
3004711,137.913
3004712,29.0
3004713,480.763
3004714,0.0
3004715,0.0
3004716,8.0
3004717,1.0
3004718,1.0
3004719,2640.983
3004720,0.0
3004721,276.0
3004722,18.0
3004723,913.0
3004724,569.0
3004725,661.0
3004726,121.0
3004727,119.0
3004728,3810.3816
3004729,7.0
3004730,0.0
3004731,30.0
3004732,21.0
3004733,0.0
3004734,240.0
3004735,0.0
3004736,0.0
3004737,4.0
3004738,83.0
3004739,8.0
3004740,222.451
3004741,229.0
3004742,3.0
3004743,15.0
3004744,427.813
3004745,66.0
3004746,1408.649
3004747,20.0
3004748,9.0
3004749,5.0
3004750,0.0
3004751,1.0
3004752,1777.6859
3004753,0.0
3004754,427.0
3004755,9.0
3004756,516.0
3004757,447.0
3004758,166.224
3004759,115.0
3004760,58.0
3004761,2272.3044
3004762,10.0
3004763,0.0
3004764,42.0
3004765,27.0
3004766,0.0
3004767,158.0
3004768,5.0
3004769,1.0
3004770,3.0
3004771,138.0
3004772,6.0
3004773,77.35
3004774,121.0
3004775,4.0
3004776,6.0
3004777,163.395
3004778,47.021
3004779,1297.814
3004780,54.0
3004781,8.0
3004782,8.0
3004783,1.0
3004784,2.0
3004785,2542.643
3004786,0.0
3004787,116.0
3004788,12.0
3004789,722.0
3004790,303.0
3004791,293.0
3004792,77.0
3004793,57.0
3004794,3058.1104
3004795,6.0
3004796,1.0
3004797,19.0
3004798,18.0
3004799,0.0
3004800,167.0
3004801,6.0
3004802,0.0
3004803,6.0
3004804,99.0
3004805,1.0
3004806,123.751
3004807,227.0
3004808,3.0
3004809,8.0
3004810,129.239
3004811,13.0
3004812,540.878
3004813,9.0
3004814,2.0
3004815,14.0
3004816,0.0
3004817,8.0
3004818,2423.6501
3004819,0.0
3004820,601.0
3004821,11.0
3004822,678.0
3004823,790.0
3004824,212.375
3004825,138.0
3004826,133.0
3004827,3494.5894
3004828,29.0
3004829,3.0
3004830,25.0
3004831,25.0
3004832,0.0
3004833,183.0
3004834,14.0
3004835,10.0
3004836,8.0
3004837,157.0
3004838,8.0
3004839,977.961
3004840,353.0
3004841,18.0
3004842,5.0
3004843,533.774
3004844,128.282
3004845,2111.1062
3004846,0.0
3004847,25.675001
3004848,11.0
3004849,0.0
3004850,6.0
3004851,3987.7095
3004852,0.0
3004853,409.0
3004854,5.0
3004855,1307.0
3004856,718.0
3004857,982.318
3004858,96.0
3004859,154.784
3004860,5699.0425
3004861,13.0
3004862,1.0
3004863,23.0
3004864,12.0
3004865,0.0
3004866,329.0
3004867,0.0
3004868,8.0
3004869,4.0
3004870,99.0
3004871,1.0
3004872,267.493
3004873,396.0
3004874,5.0
3004875,11.0
3004876,692.722
3004877,89.261
3004878,938.272
3004879,77.0
3004880,24.866
3004881,7.0
3004882,0.0
3004883,2.0
3004884,3568.0
3004885,0.0
3004886,379.0
3004887,4.0
3004888,1387.0
3004889,519.0
3004890,360.11
3004891,187.0
3004892,115.0
3004893,3701.2554
3004894,19.0
3004895,2.0
3004896,45.0
3004897,37.0
3004898,0.0
3004899,296.0
3004900,3.0
3004901,6.0
3004902,7.0
3004903,139.0
3004904,3.0
3004905,107.32
3004906,277.0
3004907,7.0
3004908,9.0
3004909,213.296
3004910,153.625
3004911,1262.278
3004912,0.0
3004913,5.0
3004914,0.0
3004915,0.0
3004916,0.0
3004917,1719.0
3004918,0.0
3004919,121.0
3004920,9.0
3004921,538.0
3004922,239.0
3004923,99.0
3004924,31.0
3004925,63.0
3004926,1855.0
3004927,8.0
3004928,2.0
3004929,34.0
3004930,17.0
3004931,0.0
3004932,171.0
3004933,0.0
3004934,0.0
3004935,14.0
3004936,569.0
3004937,1.0
3004938,31.83
3004939,103.0
3004940,0.0
3004941,8.0
3004942,242.621
3004943,21.0
3004944,435.929
3004945,18.0
3004946,0.0
3004947,2.0
3004948,0.0
3004949,2.0
3004950,1195.0
3004951,0.0
3004952,281.876
3004953,8.0
3004954,441.0
3004955,519.0
3004956,149.573
3004957,47.0
3004958,104.0
3004959,1969.6522
3004960,31.0
3004961,1.0
3004962,7.0
3004963,17.0
3004964,0.0
3004965,101.0
3004966,11.0
3004967,2.0
3004968,9.0
3004969,139.0
3004970,8.0
3004971,434.715
3004972,159.0
3004973,0.0
3004974,4.0
3004975,351.438
3004976,31.789
3004977,1150.094
3004978,0.0
3004979,5.639
3004980,2.0
3004981,0.0
3004982,4.0
3004983,3277.061
3004984,0.0
3004985,745.226
3004986,14.0
3004987,885.0
3004988,1174.0
3004989,273.081
3004990,234.0
3004991,251.185
3004992,3807.2559
3004993,86.0
3004994,1.0
3004995,19.0
3004996,15.0
3004997,0.0
3004998,213.0
3004999,1.0
3005000,34.0
3005001,19.0
3005002,137.0
3005003,9.0
3005004,609.059
3005005,251.0
3005006,14.0
3005007,11.0
3005008,605.144
3005009,122.957
3005010,3273.5325
3005011,0.0
3005012,24.329
3005013,9.0
3005014,0.0
3005015,10.0
3005016,2408.3003
3005017,0.0
3005018,930.325
3005019,27.0
3005020,1070.0
3005021,1604.0
3005022,308.133
3005023,386.0
3005024,366.95
3005025,2203.6768
3005026,79.0
3005027,4.0
3005028,61.0
3005029,23.0
3005030,0.0
3005031,236.0
3005032,0.0
3005033,69.0
3005034,13.0
3005035,1109.0
3005036,50.0
3005037,597.431
3005038,257.0
3005039,13.0
3005040,20.0
3005041,431.745
3005042,87.988
3005043,4266.269
3005044,0.0
3005045,21.0
3005046,5.0
3005047,0.0
3005048,1.0
3005049,668.0
3005050,0.0
3005051,214.0
3005052,8.0
3005053,287.0
3005054,248.0
3005055,116.474
3005056,42.0
3005057,76.027
3005058,1356.8125
3005059,5.0
3005060,0.0
3005061,13.0
3005062,8.0
3005063,1.0
3005064,61.0
3005065,0.0
3005066,3.0
3005067,1.0
3005068,49.0
3005069,0.0
3005070,503.869
3005071,110.0
3005072,4.0
3005073,3.0
3005074,273.818
3005075,22.0
3005076,663.417
3005077,4.0
3005078,1.0
3005079,9.0
3005080,0.0
3005081,3.0
3005082,2576.0413
3005083,0.0
3005084,621.936
3005085,40.0
3005086,885.0
3005087,1124.0
3005088,296.887
3005089,256.0
3005090,245.423
3005091,3338.7605
3005092,57.0
3005093,4.0
3005094,43.0
3005095,71.0
3005096,0.0
3005097,197.0
3005098,1.0
3005099,69.0
3005100,17.0
3005101,450.0
3005102,4.0
3005103,415.957
3005104,260.0
3005105,19.0
3005106,7.0
3005107,506.21802
3005108,79.923996
3005109,2212.7222
3005110,1.0
3005111,38.094
3005112,5.0
3005113,0.0
3005114,3.0
3005115,3120.1406
3005116,0.0
3005117,614.0
3005118,21.0
3005119,1148.0
3005120,774.0
3005121,479.409
3005122,209.0
3005123,106.0
3005124,4562.626
3005125,18.0
3005126,0.0
3005127,35.0
3005128,42.0
3005129,2.0
3005130,256.0
3005131,0.0
3005132,11.0
3005133,13.0
3005134,115.0
3005135,0.0
3005136,200.318
3005137,299.0
3005138,10.0
3005139,8.0
3005140,328.414
3005141,117.655
3005142,1563.95
3005143,4.0
3005144,4.0
3005145,6.0
3005146,0.0
3005147,4.0
3005148,3695.0
3005149,0.0
3005150,548.0
3005151,19.0
3005152,1000.0
3005153,600.0
3005154,316.551
3005155,132.0
3005156,99.0
3005157,3402.223
3005158,16.0
3005159,2.0
3005160,28.0
3005161,23.0
3005162,0.0
3005163,221.0
3005164,0.0
3005165,4.0
3005166,5.0
3005167,278.0
3005168,0.0
3005169,118.437
3005170,189.0
3005171,3.0
3005172,9.0
3005173,259.38
3005174,70.667
3005175,893.801
3005176,1.0
3005177,9.0
3005178,10.0
3005179,0.0
3005180,13.0
3005181,7691.304
3005182,0.0
3005183,1161.047
3005184,37.0
3005185,1774.5936
3005186,2020.4469
3005187,416.172
3005188,483.0
3005189,432.863
3005190,7681.303
3005191,79.0
3005192,6.0
3005193,87.0
3005194,56.0
3005195,0.0
3005196,476.0
3005197,36.0
3005198,62.0
3005199,18.0
3005200,421.0
3005201,35.0
3005202,1203.91
3005203,558.0
3005204,27.0
3005205,29.0
3005206,1365.597
3005207,288.315
3005208,7141.5977
3005209,1.0
3005210,94.312996
3005211,3.0
3005212,0.0
3005213,0.0
3005214,1086.0
3005215,0.0
3005216,122.0
3005217,2.0
3005218,419.0
3005219,212.0
3005220,141.0
3005221,131.0
3005222,72.0
3005223,1854.3119
3005224,9.0
3005225,0.0
3005226,6.0
3005227,13.0
3005228,0.0
3005229,94.0
3005230,0.0
3005231,0.0
3005232,6.0
3005233,118.0
3005234,1.0
3005235,39.857
3005236,91.0
3005237,3.0
3005238,2.0
3005239,152.055
3005240,29.0
3005241,500.941
3005242,0.0
3005243,4.0
3005244,10.0
3005245,0.0
3005246,5.0
3005247,3019.6406
3005248,0.0
3005249,516.0
3005250,15.0
3005251,959.0
3005252,555.0
3005253,327.219
3005254,330.0
3005255,115.0
3005256,4149.57
3005257,6.0
3005258,1.0
3005259,11.0
3005260,29.0
3005261,0.0
3005262,237.0
3005263,1.0
3005264,12.0
3005265,6.0
3005266,64.0
3005267,1.0
3005268,314.02798
3005269,199.0
3005270,11.0
3005271,6.0
3005272,158.831
3005273,71.0
3005274,1135.744
3005275,0.0
3005276,5.0
3005277,7.0
3005278,0.0
3005279,3.0
3005280,2050.0
3005281,0.0
3005282,78.0
3005283,3.0
3005284,342.0
3005285,122.0
3005286,96.0
3005287,137.0
3005288,26.0
3005289,1715.6053
3005290,4.0
3005291,1.0
3005292,11.0
3005293,3.0
3005294,0.0
3005295,74.0
3005296,0.0
3005297,0.0
3005298,2.0
3005299,49.0
3005300,0.0
3005301,44.452
3005302,50.0
3005303,1.0
3005304,2.0
3005305,88.651
3005306,12.0
3005307,194.417
3005308,0.0
3005309,1.0
3005310,2.0
3005311,0.0
3005312,4.0
3005313,1636.0
3005314,0.0
3005315,197.0
3005316,9.0
3005317,885.0
3005318,398.0
3005319,190.0
3005320,108.0
3005321,90.796
3005322,2569.3154
3005323,5.0
3005324,0.0
3005325,20.0
3005326,14.0
3005327,0.0
3005328,206.0
3005329,0.0
3005330,0.0
3005331,19.0
3005332,58.0
3005333,1.0
3005334,200.256
3005335,189.0
3005336,6.0
3005337,2.0
3005338,278.804
3005339,39.0
3005340,1218.932
3005341,0.0
3005342,1.0
3005343,1.0
3005344,1.0
3005345,0.0
3005346,2449.744
3005347,0.0
3005348,840.0
3005349,11.0
3005350,802.0
3005351,576.0
3005352,299.419
3005353,151.0
3005354,92.0
3005355,3968.4824
3005356,5.0
3005357,10.0
3005358,29.0
3005359,47.0
3005360,0.0
3005361,221.0
3005362,1.0
3005363,7.0
3005364,4.0
3005365,54.0
3005366,3.0
3005367,174.091
3005368,243.0
3005369,3.0
3005370,3.0
3005371,197.791
3005372,40.282
3005373,599.0
3005374,4.0
3005375,0.0
3005376,5.0
3005377,0.0
3005378,1.0
3005379,2394.0
3005380,0.0
3005381,107.0
3005382,7.0
3005383,601.0
3005384,196.0
3005385,165.0
3005386,172.0
3005387,145.0
3005388,1790.742
3005389,6.0
3005390,2.0
3005391,11.0
3005392,7.0
3005393,0.0
3005394,103.0
3005395,0.0
3005396,0.0
3005397,0.0
3005398,176.0
3005399,3.0
3005400,187.359
3005401,62.0
3005402,1.0
3005403,1.0
3005404,85.663
3005405,19.0
3005406,381.317
3005407,0.0
3005408,4.0
3005409,8.0
3005410,0.0
3005411,1.0
3005412,3642.8262
3005413,0.0
3005414,612.0
3005415,15.0
3005416,984.0
3005417,691.0
3005418,327.992
3005419,114.0
3005420,192.0
3005421,3517.947
3005422,14.0
3005423,0.0
3005424,123.0
3005425,9.0
3005426,0.0
3005427,289.0
3005428,0.0
3005429,56.0
3005430,9.0
3005431,161.0
3005432,2.0
3005433,218.02
3005434,268.0
3005435,3.0
3005436,5.0
3005437,185.563
3005438,58.054
3005439,1389.594
3005440,0.0
3005441,4.0
3005442,9.0
3005443,0.0
3005444,4.0
3005445,2157.1604
3005446,0.0
3005447,353.868
3005448,7.0
3005449,640.0
3005450,731.0
3005451,123.229004
3005452,102.0
3005453,115.356
3005454,3101.3674
3005455,43.0
3005456,1.0
3005457,43.0
3005458,21.0
3005459,0.0
3005460,133.0
3005461,16.0
3005462,16.0
3005463,2.0
3005464,111.0
3005465,10.0
3005466,263.048
3005467,177.0
3005468,9.0
3005469,10.0
3005470,228.93
3005471,73.832
3005472,2241.7915
3005473,0.0
3005474,7.0
3005475,6.0
3005476,0.0
3005477,5.0
3005478,2005.0626
3005479,0.0
3005480,343.906
3005481,6.0
3005482,693.0
3005483,690.0
3005484,143.333
3005485,75.0
3005486,110.988
3005487,3018.1384
3005488,21.0
3005489,2.0
3005490,58.0
3005491,13.0
3005492,0.0
3005493,270.0
3005494,23.0
3005495,14.0
3005496,15.0
3005497,188.0
3005498,26.0
3005499,203.082
3005500,323.0
3005501,9.0
3005502,3.0
3005503,180.442
3005504,76.205
3005505,1918.375
3005506,0.0
3005507,17.16
3005508,6.0
3005509,1.0
3005510,2.0
3005511,2905.3125
3005512,0.0
3005513,567.0
3005514,3.0
3005515,1032.0
3005516,507.0
3005517,149.659
3005518,150.0
3005519,35.0
3005520,4634.4404
3005521,21.0
3005522,0.0
3005523,14.0
3005524,15.0
3005525,0.0
3005526,275.0
3005527,3.0
3005528,11.0
3005529,7.0
3005530,75.0
3005531,5.0
3005532,185.528
3005533,224.0
3005534,7.0
3005535,19.0
3005536,328.275
3005537,74.094
3005538,1359.288
3005539,11.0
3005540,17.0
3005541,3.0
3005542,0.0
3005543,6.0
3005544,2185.6145
3005545,0.0
3005546,294.703
3005547,8.0
3005548,648.0
3005549,661.0
3005550,241.129
3005551,134.0
3005552,116.393
3005553,2945.6216
3005554,27.0
3005555,1.0
3005556,29.0
3005557,8.0
3005558,1.0
3005559,166.0
3005560,16.0
3005561,34.0
3005562,2.0
3005563,152.0
3005564,13.0
3005565,517.576
3005566,200.0
3005567,6.0
3005568,12.0
3005569,452.253
3005570,66.976
3005571,2054.7485
3005572,0.0
3005573,29.553
3005574,2.0
3005575,0.0
3005576,0.0
3005577,5316.667
3005578,0.0
3005579,326.0
3005580,26.0
3005581,1250.0
3005582,424.0
3005583,297.0
3005584,129.0
3005585,97.969
3005586,5534.347
3005587,10.0
3005588,3.0
3005589,33.0
3005590,17.0
3005591,0.0
3005592,260.0
3005593,0.0
3005594,0.0
3005595,7.0
3005596,19.0
3005597,2.0
3005598,120.254
3005599,254.0
3005600,6.0
3005601,7.0
3005602,267.397
3005603,46.0
3005604,817.628
3005605,0.0
3005606,3.0
3005607,10.0
3005608,0.0
3005609,17.0
3005610,1914.8844
3005611,0.0
3005612,515.194
3005613,12.0
3005614,1020.0
3005615,771.0
3005616,267.677
3005617,168.0
3005618,257.935
3005619,3455.5315
3005620,32.0
3005621,1.0
3005622,36.0
3005623,30.0
3005624,0.0
3005625,298.0
3005626,28.0
3005627,45.0
3005628,6.0
3005629,140.0
3005630,10.0
3005631,494.545
3005632,376.0
3005633,18.0
3005634,15.0
3005635,248.628
3005636,58.807
3005637,2268.481
3005638,1.0
3005639,11.0
3005640,4.0
3005641,0.0
3005642,4.0
3005643,1906.0
3005644,0.0
3005645,378.391
3005646,10.0
3005647,598.0
3005648,858.0
3005649,165.223
3005650,139.0
3005651,119.0
3005652,2618.0
3005653,29.0
3005654,1.0
3005655,20.0
3005656,17.0
3005657,0.0
3005658,129.0
3005659,16.0
3005660,36.0
3005661,10.0
3005662,148.0
3005663,15.0
3005664,248.464
3005665,223.0
3005666,10.0
3005667,13.0
3005668,272.082
3005669,47.361
3005670,2191.701
3005671,0.0
3005672,11.397
3005673,16.0
3005674,0.0
3005675,12.0
3005676,5027.843
3005677,0.0
3005678,479.0
3005679,19.0
3005680,1259.0
3005681,718.0
3005682,296.243
3005683,149.0
3005684,110.219
3005685,4572.785
3005686,33.0
3005687,0.0
3005688,20.0
3005689,25.0
3005690,0.0
3005691,244.0
3005692,0.0
3005693,23.0
3005694,0.0
3005695,93.0
3005696,1.0
3005697,200.33101
3005698,305.0
3005699,3.0
3005700,0.0
3005701,332.742
3005702,133.957
3005703,1652.402
3005704,2.0
3005705,1.0
3005706,25.0
3005707,0.0
3005708,16.0
3005709,8789.836
3005710,0.0
3005711,1772.026
3005712,13.0
3005713,2149.6519
3005714,2364.434
3005715,616.01
3005716,641.0
3005717,484.234
3005718,9206.581
3005719,54.0
3005720,6.0
3005721,126.0
3005722,124.0
3005723,0.0
3005724,607.0
3005725,32.0
3005726,49.0
3005727,31.0
3005728,560.0
3005729,36.0
3005730,1435.457
3005731,773.0
3005732,51.0
3005733,48.0
3005734,1489.224
3005735,276.162
3005736,8678.939
3005737,380.0
3005738,127.927
3005739,19.0
3005740,0.0
3005741,14.0
3005742,8709.052
3005743,0.0
3005744,1357.47
3005745,28.0
3005746,2389.5637
3005747,2174.459
3005748,863.73
3005749,404.0
3005750,483.803
3005751,10677.935
3005752,149.0
3005753,2.0
3005754,132.0
3005755,76.0
3005756,1.0
3005757,626.0
3005758,25.0
3005759,69.0
3005760,4.0
3005761,470.0
3005762,28.0
3005763,2297.823
3005764,765.0
3005765,53.0
3005766,33.0
3005767,1782.735
3005768,318.648
3005769,6113.0938
3005770,700.0
3005771,135.124
3005772,18.0
3005773,0.0
3005774,45.0
3005775,5455.94
3005776,0.0
3005777,1015.0
3005778,16.0
3005779,1951.3473
3005780,1605.0
3005781,1019.511
3005782,167.0
3005783,412.629
3005784,8732.475
3005785,37.0
3005786,4.0
3005787,159.0
3005788,26.0
3005789,0.0
3005790,620.0
3005791,30.0
3005792,51.0
3005793,10.0
3005794,246.0
3005795,19.0
3005796,1880.324
3005797,826.0
3005798,34.0
3005799,49.0
3005800,1005.745
3005801,198.099
3005802,2493.4866
3005803,400.0
3005804,49.924
3005805,21.0
3005806,0.0
3005807,35.0
3005808,8271.581
3005809,0.0
3005810,1255.752
3005811,32.0
3005812,2156.1455
3005813,2005.5098
3005814,839.1
3005815,370.0
3005816,316.886
3005817,9354.452
3005818,74.0
3005819,6.0
3005820,87.0
3005821,86.0
3005822,2.0
3005823,581.0
3005824,14.0
3005825,66.0
3005826,4.0
3005827,461.0
3005828,28.0
3005829,1355.95
3005830,786.0
3005831,23.0
3005832,33.0
3005833,1449.797
3005834,259.29102
3005835,5274.632
3005836,590.0
3005837,92.123
3005838,14.0
3005839,0.0
3005840,25.0
3005841,4380.5933
3005842,0.0
3005843,941.0
3005844,21.0
3005845,1796.8212
3005846,1377.0
3005847,787.178
3005848,122.0
3005849,313.134
3005850,7754.5845
3005851,56.0
3005852,0.0
3005853,27.0
3005854,39.0
3005855,0.0
3005856,556.0
3005857,19.0
3005858,15.0
3005859,6.0
3005860,284.0
3005861,11.0
3005862,1592.291
3005863,761.0
3005864,25.0
3005865,29.0
3005866,1050.864
3005867,149.759
3005868,2218.712
3005869,440.0
3005870,34.453
3005871,23.0
3005872,0.0
3005873,11.0
3005874,6481.7007
3005875,0.0
3005876,1323.13
3005877,31.0
3005878,1637.4525
3005879,2073.3257
3005880,505.335
3005881,498.0
3005882,428.885
3005883,7516.903
3005884,78.0
3005885,1.0
3005886,69.0
3005887,48.0
3005888,0.0
3005889,406.0
3005890,11.0
3005891,49.0
3005892,8.0
3005893,495.0
3005894,22.0
3005895,1349.165
3005896,496.0
3005897,17.0
3005898,31.0
3005899,1290.441
3005900,291.781
3005901,7018.463
3005902,265.0
3005903,99.916
3005904,12.0
3005905,1.0
3005906,5.0
3005907,1647.7837
3005908,0.0
3005909,312.186
3005910,39.0
3005911,775.0
3005912,489.0
3005913,274.363
3005914,95.0
3005915,107.0
3005916,2696.244
3005917,39.0
3005918,2.0
3005919,31.0
3005920,29.0
3005921,0.0
3005922,167.0
3005923,5.0
3005924,16.0
3005925,7.0
3005926,136.0
3005927,8.0
3005928,327.28
3005929,204.0
3005930,7.0
3005931,9.0
3005932,297.857
3005933,55.691
3005934,1470.092
3005935,1.0
3005936,8.402
3005937,14.0
3005938,0.0
3005939,13.0
3005940,4053.4739
3005941,0.0
3005942,677.468
3005943,36.0
3005944,1489.9651
3005945,1208.0
3005946,541.979
3005947,117.0
3005948,146.25
3005949,6050.3975
3005950,76.0
3005951,1.0
3005952,62.0
3005953,43.0
3005954,0.0
3005955,385.0
3005956,22.0
3005957,10.0
3005958,9.0
3005959,227.0
3005960,9.0
3005961,840.249
3005962,537.0
3005963,15.0
3005964,20.0
3005965,601.423
3005966,126.951004
3005967,2028.186
3005968,337.0
3005969,22.524
3005970,6.0
3005971,0.0
3005972,6.0
3005973,4416.4
3005974,0.0
3005975,932.583
3005976,16.0
3005977,1404.9684
3005978,1653.072
3005979,394.156
3005980,419.0
3005981,414.811
3005982,4954.768
3005983,58.0
3005984,2.0
3005985,41.0
3005986,33.0
3005987,0.0
3005988,333.0
3005989,2.0
3005990,73.0
3005991,12.0
3005992,384.0
3005993,17.0
3005994,1183.736
3005995,362.0
3005996,37.0
3005997,7.0
3005998,1081.482
3005999,189.306
3006000,5297.8643
3006001,0.0
3006002,74.934
3006003,17.0
3006004,0.0
3006005,13.0
3006006,5644.0
3006007,0.0
3006008,1213.521
3006009,25.0
3006010,1940.0
3006011,1517.0
3006012,497.079
3006013,287.0
3006014,837.665
3006015,8464.0
3006016,68.0
3006017,1.0
3006018,84.0
3006019,64.0
3006020,0.0
3006021,456.0
3006022,9.0
3006023,78.0
3006024,22.0
3006025,719.0
3006026,19.0
3006027,991.942
3006028,545.0
3006029,39.0
3006030,34.0
3006031,775.523
3006032,191.747
3006033,6163.229
3006034,4.0
3006035,23.0
3006036,6.0
3006037,0.0
3006038,1.0
3006039,2281.0
3006040,0.0
3006041,528.605
3006042,4.0
3006043,851.0
3006044,560.0
3006045,242.103
3006046,96.0
3006047,198.703
3006048,2969.0767
3006049,14.0
3006050,0.0
3006051,48.0
3006052,12.0
3006053,0.0
3006054,169.0
3006055,12.0
3006056,31.0
3006057,8.0
3006058,265.0
3006059,4.0
3006060,557.834
3006061,225.0
3006062,3.0
3006063,2.0
3006064,276.109
3006065,70.213
3006066,2308.84
3006067,1.0
3006068,8.0
3006069,11.0
3006070,0.0
3006071,0.0
3006072,3223.0
3006073,0.0
3006074,137.0
3006075,8.0
3006076,644.0
3006077,254.0
3006078,187.069
3006079,80.0
3006080,27.0
3006081,3018.1006
3006082,2.0
3006083,1.0
3006084,10.0
3006085,6.0
3006086,0.0
3006087,163.0
3006088,0.0
3006089,0.0
3006090,6.0
3006091,45.0
3006092,0.0
3006093,50.756
3006094,155.0
3006095,0.0
3006096,0.0
3006097,80.759
3006098,54.0
3006099,546.25
3006100,0.0
3006101,0.0
3006102,5.0
3006103,0.0
3006104,6.0
3006105,2969.8093
3006106,0.0
3006107,533.632
3006108,11.0
3006109,953.0
3006110,1044.0
3006111,368.088
3006112,178.0
3006113,183.425
3006114,4164.7637
3006115,41.0
3006116,1.0
3006117,24.0
3006118,44.0
3006119,0.0
3006120,209.0
3006121,16.0
3006122,23.0
3006123,20.0
3006124,177.0
3006125,11.0
3006126,621.549
3006127,292.0
3006128,10.0
3006129,36.0
3006130,605.954
3006131,131.786
3006132,2226.1714
3006133,0.0
3006134,52.797
3006135,2.0
3006136,0.0
3006137,3.0
3006138,3352.7542
3006139,0.0
3006140,495.624
3006141,15.0
3006142,723.0
3006143,1084.0
3006144,160.218
3006145,212.0
3006146,237.0
3006147,3329.461
3006148,45.0
3006149,3.0
3006150,21.0
3006151,17.0
3006152,2.0
3006153,179.0
3006154,10.0
3006155,39.0
3006156,12.0
3006157,282.0
3006158,29.0
3006159,514.948
3006160,187.0
3006161,5.0
3006162,13.0
3006163,629.61597
3006164,149.645
3006165,4321.2847
3006166,0.0
3006167,40.477
3006168,3.0
3006169,1.0
3006170,13.0
3006171,4213.617
3006172,0.0
3006173,655.41
3006174,16.0
3006175,841.0
3006176,1275.0
3006177,309.323
3006178,294.0
3006179,168.462
3006180,4441.6836
3006181,48.0
3006182,1.0
3006183,70.0
3006184,45.0
3006185,0.0
3006186,309.0
3006187,28.0
3006188,35.0
3006189,22.0
3006190,227.0
3006191,11.0
3006192,515.96
3006193,325.0
3006194,17.0
3006195,17.0
3006196,774.147
3006197,114.433
3006198,3902.5483
3006199,2.0
3006200,48.734
3006201,18.0
3006202,1.0
3006203,4.0
3006204,2925.2334
3006205,0.0
3006206,387.0
3006207,10.0
3006208,1477.7048
3006209,738.0
3006210,636.69
3006211,106.0
3006212,133.0
3006213,5604.6084
3006214,14.0
3006215,0.0
3006216,75.0
3006217,35.0
3006218,0.0
3006219,343.0
3006220,5.0
3006221,3.0
3006222,8.0
3006223,101.0
3006224,5.0
3006225,309.245
3006226,373.0
3006227,11.0
3006228,2.0
3006229,525.224
3006230,112.1
3006231,1453.078
3006232,140.0
3006233,23.831
3006234,6.0
3006235,0.0
3006236,3.0
3006237,1908.5364
3006238,0.0
3006239,243.22
3006240,3.0
3006241,351.0
3006242,526.0
3006243,99.488
3006244,113.0
3006245,107.794
3006246,2035.0262
3006247,19.0
3006248,0.0
3006249,17.0
3006250,31.0
3006251,0.0
3006252,116.0
3006253,9.0
3006254,10.0
3006255,8.0
3006256,90.0
3006257,6.0
3006258,211.756
3006259,227.0
3006260,3.0
3006261,6.0
3006262,217.664
3006263,48.058
3006264,2051.4875
3006265,0.0
3006266,20.15
3006267,2.0
3006268,0.0
3006269,3.0
3006270,1332.0
3006271,0.0
3006272,113.0
3006273,5.0
3006274,676.0
3006275,255.0
3006276,276.0
3006277,17.0
3006278,28.0
3006279,2858.2205
3006280,4.0
3006281,0.0
3006282,5.0
3006283,15.0
3006284,0.0
3006285,140.0
3006286,8.0
3006287,0.0
3006288,0.0
3006289,49.0
3006290,0.0
3006291,165.2
3006292,151.0
3006293,0.0
3006294,5.0
3006295,146.996
3006296,37.0
3006297,251.612
3006298,9.0
3006299,0.0
3006300,11.0
3006301,0.0
3006302,2.0
3006303,4566.746
3006304,0.0
3006305,582.0
3006306,20.0
3006307,1796.8829
3006308,527.0
3006309,447.316
3006310,170.0
3006311,138.0
3006312,7021.359
3006313,27.0
3006314,1.0
3006315,37.0
3006316,13.0
3006317,0.0
3006318,402.0
3006319,7.0
3006320,6.0
3006321,10.0
3006322,91.0
3006323,2.0
3006324,526.534
3006325,348.0
3006326,3.0
3006327,31.0
3006328,368.711
3006329,88.724
3006330,1280.458
3006331,26.0
3006332,9.0
3006333,8.0
3006334,0.0
3006335,0.0
3006336,1643.0
3006337,0.0
3006338,139.0
3006339,3.0
3006340,662.0
3006341,294.0
3006342,199.0
3006343,43.0
3006344,30.0
3006345,2768.641
3006346,10.0
3006347,0.0
3006348,12.0
3006349,15.0
3006350,0.0
3006351,128.0
3006352,4.0
3006353,0.0
3006354,9.0
3006355,84.0
3006356,0.0
3006357,124.649
3006358,155.0
3006359,1.0
3006360,16.0
3006361,139.275
3006362,17.0
3006363,334.828
3006364,17.0
3006365,1.0
3006366,9.0
3006367,0.0
3006368,3.0
3006369,1796.0
3006370,0.0
3006371,111.0
3006372,13.0
3006373,775.0
3006374,315.0
3006375,176.0
3006376,18.0
3006377,54.0
3006378,3118.456
3006379,18.0
3006380,0.0
3006381,27.0
3006382,8.0
3006383,0.0
3006384,179.0
3006385,5.0
3006386,0.0
3006387,1.0
3006388,126.0
3006389,0.0
3006390,177.765
3006391,211.0
3006392,2.0
3006393,4.0
3006394,151.78
3006395,11.0
3006396,231.321
3006397,12.0
3006398,2.0
3006399,10.0
3006400,0.0
3006401,0.0
3006402,1621.0
3006403,0.0
3006404,136.0
3006405,30.0
3006406,1138.0
3006407,437.0
3006408,234.0
3006409,43.0
3006410,83.0
3006411,3554.2803
3006412,12.0
3006413,0.0
3006414,10.0
3006415,31.0
3006416,0.0
3006417,256.0
3006418,3.0
3006419,0.0
3006420,1.0
3006421,20.0
3006422,4.0
3006423,411.581
3006424,283.0
3006425,1.0
3006426,6.0
3006427,200.442
3006428,105.0
3006429,420.427
3006430,8.0
3006431,7.0
3006432,7.0
3006433,1.0
3006434,4.0
3006435,1418.0
3006436,0.0
3006437,136.0
3006438,5.0
3006439,837.0
3006440,290.0
3006441,231.0
3006442,81.0
3006443,86.0
3006444,2604.153
3006445,5.0
3006446,1.0
3006447,9.0
3006448,19.0
3006449,0.0
3006450,190.0
3006451,7.0
3006452,0.0
3006453,3.0
3006454,39.0
3006455,2.0
3006456,82.991
3006457,147.0
3006458,1.0
3006459,2.0
3006460,100.798004
3006461,38.0
3006462,465.97
3006463,4.0
3006464,2.0
3006465,5.0
3006466,0.0
3006467,3.0
3006468,1222.0
3006469,0.0
3006470,113.0
3006471,9.0
3006472,654.0
3006473,232.0
3006474,110.0
3006475,132.0
3006476,88.613
3006477,2188.0652
3006478,0.0
3006479,0.0
3006480,25.0
3006481,17.0
3006482,0.0
3006483,163.0
3006484,0.0
3006485,0.0
3006486,4.0
3006487,66.0
3006488,2.0
3006489,26.535
3006490,153.0
3006491,1.0
3006492,2.0
3006493,58.697
3006494,16.0
3006495,445.071
3006496,0.0
3006497,0.0
3006498,4.0
3006499,0.0
3006500,2.0
3006501,3284.373
3006502,0.0
3006503,306.0
3006504,8.0
3006505,1093.0
3006506,610.0
3006507,513.0
3006508,134.0
3006509,165.0
3006510,4574.07
3006511,28.0
3006512,1.0
3006513,36.0
3006514,19.0
3006515,0.0
3006516,285.0
3006517,0.0
3006518,0.0
3006519,32.0
3006520,144.0
3006521,8.0
3006522,177.922
3006523,325.0
3006524,3.0
3006525,5.0
3006526,389.311
3006527,70.0
3006528,1094.996
3006529,49.0
3006530,16.0
3006531,6.0
3006532,0.0
3006533,6.0
3006534,2427.5894
3006535,0.0
3006536,492.0
3006537,18.0
3006538,663.0
3006539,511.0
3006540,173.644
3006541,129.0
3006542,77.662
3006543,2983.401
3006544,11.0
3006545,0.0
3006546,25.0
3006547,30.0
3006548,0.0
3006549,182.0
3006550,5.0
3006551,0.0
3006552,3.0
3006553,65.0
3006554,2.0
3006555,93.08
3006556,171.0
3006557,4.0
3006558,8.0
3006559,187.222
3006560,57.12
3006561,1329.457
3006562,37.0
3006563,13.32
3006564,5.0
3006565,0.0
3006566,4.0
3006567,3405.1296
3006568,0.0
3006569,212.0
3006570,12.0
3006571,1185.0
3006572,441.0
3006573,426.0
3006574,50.0
3006575,60.0
3006576,4488.9272
3006577,50.0
3006578,4.0
3006579,12.0
3006580,7.0
3006581,0.0
3006582,233.0
3006583,12.0
3006584,0.0
3006585,1.0
3006586,73.0
3006587,2.0
3006588,189.56
3006589,264.0
3006590,1.0
3006591,14.0
3006592,306.323
3006593,30.0
3006594,593.349
3006595,12.0
3006596,6.0
3006597,7.0
3006598,0.0
3006599,7.0
3006600,2880.0981
3006601,0.0
3006602,637.0
3006603,12.0
3006604,659.0
3006605,734.0
3006606,251.246
3006607,179.0
3006608,118.0
3006609,3727.3567
3006610,39.0
3006611,1.0
3006612,28.0
3006613,12.0
3006614,0.0
3006615,220.0
3006616,30.0
3006617,32.0
3006618,6.0
3006619,159.0
3006620,13.0
3006621,304.844
3006622,225.0
3006623,9.0
3006624,8.0
3006625,359.522
3006626,130.451
3006627,2244.2666
3006628,0.0
3006629,26.413
3006630,9.0
3006631,0.0
3006632,3.0
3006633,5330.8535
3006634,0.0
3006635,422.0
3006636,14.0
3006637,1299.0
3006638,742.0
3006639,615.367
3006640,107.0
3006641,130.0
3006642,6515.4497
3006643,13.0
3006644,2.0
3006645,15.0
3006646,13.0
3006647,0.0
3006648,343.0
3006649,0.0
3006650,10.0
3006651,3.0
3006652,93.0
3006653,3.0
3006654,340.30402
3006655,395.0
3006656,5.0
3006657,6.0
3006658,257.851
3006659,79.193
3006660,1086.386
3006661,68.0
3006662,14.323999
3006663,12.0
3006664,0.0
3006665,6.0
3006666,2584.0
3006667,0.0
3006668,356.0
3006669,15.0
3006670,1285.0
3006671,496.0
3006672,303.396
3006673,255.0
3006674,146.946
3006675,4717.42
3006676,3.0
3006677,0.0
3006678,36.0
3006679,28.0
3006680,0.0
3006681,265.0
3006682,8.0
3006683,5.0
3006684,6.0
3006685,136.0
3006686,4.0
3006687,105.075
3006688,220.0
3006689,8.0
3006690,8.0
3006691,198.429
3006692,121.988
3006693,1167.53
3006694,0.0
3006695,9.0
3006696,5.0
3006697,0.0
3006698,2.0
3006699,2243.0
3006700,0.0
3006701,107.0
3006702,11.0
3006703,674.0
3006704,340.0
3006705,193.0
3006706,66.0
3006707,175.801
3006708,2638.0
3006709,18.0
3006710,2.0
3006711,18.0
3006712,24.0
3006713,0.0
3006714,172.0
3006715,0.0
3006716,0.0
3006717,8.0
3006718,482.0
3006719,6.0
3006720,115.821
3006721,135.0
3006722,3.0
3006723,6.0
3006724,163.44699
3006725,23.0
3006726,404.119
3006727,12.0
3006728,0.0
3006729,0.0
3006730,0.0
3006731,3.0
3006732,1481.0
3006733,0.0
3006734,171.248
3006735,15.0
3006736,397.0
3006737,416.0
3006738,117.509
3006739,38.0
3006740,67.0
3006741,2037.0366
3006742,10.0
3006743,1.0
3006744,16.0
3006745,4.0
3006746,2.0
3006747,110.0
3006748,11.0
3006749,6.0
3006750,5.0
3006751,96.0
3006752,10.0
3006753,216.889
3006754,127.0
3006755,2.0
3006756,2.0
3006757,211.438
3006758,26.0
3006759,843.001
3006760,0.0
3006761,13.0
3006762,4.0
3006763,0.0
3006764,2.0
3006765,3749.4385
3006766,0.0
3006767,797.436
3006768,16.0
3006769,1092.0
3006770,1184.0
3006771,317.066
3006772,219.0
3006773,200.123
3006774,4258.6357
3006775,44.0
3006776,0.0
3006777,24.0
3006778,16.0
3006779,0.0
3006780,196.0
3006781,10.0
3006782,25.0
3006783,1.0
3006784,114.0
3006785,15.0
3006786,405.397
3006787,254.0
3006788,14.0
3006789,17.0
3006790,467.265
3006791,115.483
3006792,3416.8738
3006793,0.0
3006794,35.414
3006795,2.0
3006796,0.0
3006797,2.0
3006798,3048.2917
3006799,0.0
3006800,628.291
3006801,26.0
3006802,766.0
3006803,1019.0
3006804,250.848
3006805,190.0
3006806,417.3
3006807,2628.3318
3006808,55.0
3006809,3.0
3006810,49.0
3006811,16.0
3006812,0.0
3006813,162.0
3006814,0.0
3006815,40.0
3006816,12.0
3006817,856.0
3006818,26.0
3006819,395.19598
3006820,140.0
3006821,9.0
3006822,6.0
3006823,230.031
3006824,69.976
3006825,2600.111
3006826,3.0
3006827,15.0
3006828,1.0
3006829,0.0
3006830,0.0
3006831,675.0
3006832,0.0
3006833,214.0
3006834,5.0
3006835,234.0
3006836,253.0
3006837,70.279
3006838,30.0
3006839,24.0
3006840,1439.7542
3006841,4.0
3006842,1.0
3006843,12.0
3006844,9.0
3006845,0.0
3006846,62.0
3006847,0.0
3006848,3.0
3006849,0.0
3006850,41.0
3006851,1.0
3006852,261.386
3006853,101.0
3006854,4.0
3006855,2.0
3006856,160.717
3006857,17.0
3006858,431.246
3006859,0.0
3006860,5.0
3006861,12.0
3006862,0.0
3006863,3.0
3006864,3281.5728
3006865,0.0
3006866,570.498
3006867,18.0
3006868,709.0
3006869,972.0
3006870,304.43
3006871,240.0
3006872,275.0
3006873,3942.5193
3006874,25.0
3006875,6.0
3006876,13.0
3006877,24.0
3006878,0.0
3006879,177.0
3006880,13.0
3006881,64.0
3006882,16.0
3006883,461.0
3006884,4.0
3006885,311.732
3006886,203.0
3006887,10.0
3006888,15.0
3006889,367.858
3006890,87.987
3006891,2586.6067
3006892,3.0
3006893,13.9279995
3006894,1.0
3006895,0.0
3006896,2.0
3006897,3930.9756
3006898,0.0
3006899,695.0
3006900,24.0
3006901,1799.0
3006902,838.0
3006903,397.906
3006904,266.0
3006905,118.0
3006906,6068.3506
3006907,21.0
3006908,0.0
3006909,29.0
3006910,12.0
3006911,0.0
3006912,296.0
3006913,0.0
3006914,10.0
3006915,2.0
3006916,103.0
3006917,2.0
3006918,201.323
3006919,309.0
3006920,3.0
3006921,2.0
3006922,280.5
3006923,63.768
3006924,1816.567
3006925,2.0
3006926,5.0
3006927,10.0
3006928,1.0
3006929,4.0
3006930,2929.0
3006931,0.0
3006932,665.0
3006933,23.0
3006934,963.0
3006935,665.0
3006936,203.941
3006937,224.0
3006938,175.881
3006939,4093.2288
3006940,19.0
3006941,2.0
3006942,41.0
3006943,27.0
3006944,0.0
3006945,236.0
3006946,0.0
3006947,6.0
3006948,14.0
3006949,198.0
3006950,1.0
3006951,79.501
3006952,230.0
3006953,5.0
3006954,12.0
3006955,184.457
3006956,81.516
3006957,1131.445
3006958,6.0
3006959,5.0
3006960,9.0
3006961,0.0
3006962,12.0
3006963,9107.943
3006964,0.0
3006965,1156.9
3006966,40.0
3006967,1900.1931
3006968,2162.045
3006969,355.9
3006970,497.0
3006971,354.405
3006972,8608.378
3006973,58.0
3006974,0.0
3006975,58.0
3006976,44.0
3006977,0.0
3006978,509.0
3006979,53.0
3006980,69.0
3006981,27.0
3006982,299.0
3006983,29.0
3006984,705.526
3006985,584.0
3006986,22.0
3006987,26.0
3006988,1057.825
3006989,231.714
3006990,8223.694
3006991,0.0
3006992,71.917
3006993,2.0
3006994,0.0
3006995,1.0
3006996,1454.0
3006997,0.0
3006998,198.0
3006999,1.0
3007000,391.0
3007001,275.0
3007002,141.0
3007003,128.0
3007004,79.0
3007005,2280.491
3007006,4.0
3007007,2.0
3007008,14.0
3007009,7.0
3007010,0.0
3007011,266.0
3007012,1.0
3007013,0.0
3007014,1.0
3007015,73.0
3007016,3.0
3007017,68.068
3007018,57.0
3007019,3.0
3007020,2.0
3007021,90.248
3007022,13.0
3007023,432.549
3007024,0.0
3007025,8.0
3007026,11.0
3007027,0.0
3007028,3.0
3007029,3270.538
3007030,0.0
3007031,483.0
3007032,9.0
3007033,1250.0
3007034,719.0
3007035,250.414
3007036,246.0
3007037,227.09
3007038,4838.908
3007039,20.0
3007040,0.0
3007041,23.0
3007042,15.0
3007043,0.0
3007044,235.0
3007045,1.0
3007046,10.0
3007047,7.0
3007048,15.0
3007049,2.0
3007050,342.718
3007051,205.0
3007052,7.0
3007053,9.0
3007054,144.674
3007055,89.972
3007056,1226.474
3007057,3.0
3007058,12.0
3007059,4.0
3007060,0.0
3007061,2.0
3007062,969.0
3007063,0.0
3007064,115.0
3007065,4.0
3007066,865.0
3007067,193.0
3007068,79.0
3007069,153.0
3007070,29.0
3007071,1966.5403
3007072,2.0
3007073,1.0
3007074,3.0
3007075,15.0
3007076,0.0
3007077,94.0
3007078,0.0
3007079,0.0
3007080,1.0
3007081,95.0
3007082,2.0
3007083,68.97
3007084,92.0
3007085,1.0
3007086,1.0
3007087,81.034004
3007088,20.0
3007089,264.265
3007090,0.0
3007091,2.0
3007092,11.0
3007093,0.0
3007094,4.0
3007095,5257.0
3007096,0.0
3007097,183.0
3007098,13.0
3007099,833.0
3007100,447.0
3007101,159.0
3007102,130.0
3007103,150.0
3007104,3024.8774
3007105,9.0
3007106,0.0
3007107,104.0
3007108,22.0
3007109,0.0
3007110,418.0
3007111,0.0
3007112,0.0
3007113,10.0
3007114,113.0
3007115,2.0
3007116,316.49802
3007117,200.0
3007118,2.0
3007119,4.0
3007120,327.303
3007121,30.0
3007122,1107.386
3007123,0.0
3007124,3.0
3007125,3.0
3007126,1.0
3007127,3.0
3007128,2616.3628
3007129,0.0
3007130,671.0
3007131,12.0
3007132,951.0
3007133,467.0
3007134,171.674
3007135,86.0
3007136,55.0
3007137,4339.3643
3007138,18.0
3007139,0.0
3007140,27.0
3007141,38.0
3007142,0.0
3007143,149.0
3007144,3.0
3007145,5.0
3007146,1.0
3007147,41.0
3007148,2.0
3007149,98.216
3007150,329.0
3007151,1.0
3007152,5.0
3007153,132.301
3007154,40.741
3007155,604.801
3007156,4.0
3007157,0.0
3007158,3.0
3007159,0.0
3007160,2.0
3007161,2028.0
3007162,0.0
3007163,103.0
3007164,2.0
3007165,475.0
3007166,237.0
3007167,107.0
3007168,288.0
3007169,120.0
3007170,2287.616
3007171,5.0
3007172,1.0
3007173,8.0
3007174,6.0
3007175,0.0
3007176,90.0
3007177,0.0
3007178,0.0
3007179,0.0
3007180,190.0
3007181,1.0
3007182,90.824
3007183,64.0
3007184,1.0
3007185,3.0
3007186,73.411
3007187,37.0
3007188,470.603
3007189,0.0
3007190,0.0
3007191,2.0
3007192,0.0
3007193,4.0
3007194,3978.2
3007195,0.0
3007196,462.0
3007197,12.0
3007198,772.0
3007199,536.0
3007200,191.983
3007201,175.0
3007202,250.0
3007203,3783.2395
3007204,7.0
3007205,1.0
3007206,35.0
3007207,5.0
3007208,0.0
3007209,203.0
3007210,0.0
3007211,25.0
3007212,4.0
3007213,209.0
3007214,2.0
3007215,203.226
3007216,193.0
3007217,3.0
3007218,2.0
3007219,109.887
3007220,39.0
3007221,1346.42
3007222,1.0
3007223,6.0
3007224,3.0
3007225,0.0
3007226,13.0
3007227,2405.7915
3007228,0.0
3007229,333.848
3007230,9.0
3007231,605.0
3007232,656.0
3007233,94.9
3007234,91.0
3007235,105.0
3007236,3271.608
3007237,40.0
3007238,2.0
3007239,32.0
3007240,28.0
3007241,0.0
3007242,181.0
3007243,23.0
3007244,17.0
3007245,0.0
3007246,130.0
3007247,15.0
3007248,170.98799
3007249,207.0
3007250,8.0
3007251,8.0
3007252,216.012
3007253,42.469
3007254,2238.9336
3007255,0.0
3007256,6.844
3007257,7.0
3007258,0.0
3007259,10.0
3007260,2502.709
3007261,0.0
3007262,455.22
3007263,22.0
3007264,916.0
3007265,771.0
3007266,137.162
3007267,71.0
3007268,125.0
3007269,3928.373
3007270,41.0
3007271,1.0
3007272,42.0
3007273,24.0
3007274,0.0
3007275,331.0
3007276,32.0
3007277,24.0
3007278,12.0
3007279,415.0
3007280,19.0
3007281,158.14
3007282,363.0
3007283,10.0
3007284,16.0
3007285,156.388
3007286,91.972
3007287,1727.951
3007288,48.0
3007289,24.203
3007290,9.0
3007291,0.0
3007292,2.0
3007293,3624.6536
3007294,0.0
3007295,577.0
3007296,9.0
3007297,1169.0
3007298,517.0
3007299,166.618
3007300,149.0
3007301,108.0
3007302,5170.1904
3007303,34.0
3007304,2.0
3007305,14.0
3007306,13.0
3007307,0.0
3007308,269.0
3007309,10.0
3007310,11.0
3007311,5.0
3007312,94.0
3007313,7.0
3007314,137.162
3007315,198.0
3007316,8.0
3007317,6.0
3007318,237.62
3007319,57.121002
3007320,1242.285
3007321,4.0
3007322,16.0
3007323,4.0
3007324,0.0
3007325,5.0
3007326,2420.8345
3007327,0.0
3007328,318.694
3007329,13.0
3007330,600.0
3007331,670.0
3007332,200.597
3007333,134.0
3007334,114.0
3007335,3254.3325
3007336,30.0
3007337,2.0
3007338,15.0
3007339,14.0
3007340,0.0
3007341,163.0
3007342,17.0
3007343,16.0
3007344,3.0
3007345,160.0
3007346,9.0
3007347,359.656
3007348,208.0
3007349,7.0
3007350,8.0
3007351,347.38
3007352,71.31
3007353,2237.0923
3007354,0.0
3007355,23.773
3007356,1.0
3007357,0.0
3007358,6.0
3007359,5185.6665
3007360,0.0
3007361,412.0
3007362,26.0
3007363,2402.0
3007364,585.0
3007365,256.0
3007366,199.0
3007367,103.808
3007368,7090.3496
3007369,12.0
3007370,2.0
3007371,44.0
3007372,26.0
3007373,0.0
3007374,329.0
3007375,0.0
3007376,0.0
3007377,12.0
3007378,58.0
3007379,4.0
3007380,150.813
3007381,282.0
3007382,4.0
3007383,17.0
3007384,148.522
3007385,42.0
3007386,1084.6
3007387,0.0
3007388,9.0
3007389,8.0
3007390,0.0
3007391,12.0
3007392,2386.6245
3007393,0.0
3007394,538.899
3007395,15.0
3007396,890.0
3007397,713.0
3007398,226.036
3007399,135.0
3007400,271.631
3007401,4296.01
3007402,55.0
3007403,1.0
3007404,25.0
3007405,37.0
3007406,0.0
3007407,240.0
3007408,39.0
3007409,13.0
3007410,13.0
3007411,180.0
3007412,13.0
3007413,311.217
3007414,390.0
3007415,17.0
3007416,16.0
3007417,246.623
3007418,72.487
3007419,1904.598
3007420,0.0
3007421,5.0
3007422,1.0
3007423,0.0
3007424,5.0
3007425,1797.0
3007426,0.0
3007427,397.543
3007428,3.0
3007429,560.0
3007430,658.0
3007431,126.006
3007432,119.0
3007433,104.0
3007434,2252.0
3007435,21.0
3007436,1.0
3007437,35.0
3007438,24.0
3007439,0.0
3007440,150.0
3007441,13.0
3007442,66.0
3007443,3.0
3007444,84.0
3007445,18.0
3007446,200.287
3007447,173.0
3007448,4.0
3007449,10.0
3007450,198.005
3007451,29.865
3007452,1853.27
3007453,1.0
3007454,8.904
3007455,10.0
3007456,0.0
3007457,4.0
3007458,5094.003
3007459,0.0
3007460,488.0
3007461,30.0
3007462,1171.0
3007463,637.0
3007464,304.294
3007465,224.0
3007466,165.36
3007467,4838.0205
3007468,18.0
3007469,0.0
3007470,21.0
3007471,26.0
3007472,0.0
3007473,232.0
3007474,0.0
3007475,9.0
3007476,6.0
3007477,204.0
3007478,0.0
3007479,201.291
3007480,213.0
3007481,5.0
3007482,0.0
3007483,214.698
3007484,91.144
3007485,1127.177
3007486,4.0
3007487,0.0
3007488,12.0
3007489,0.0
3007490,19.0
3007491,11365.084
3007492,0.0
3007493,1625.735
3007494,23.0
3007495,2397.4702
3007496,2803.1545
3007497,562.529
3007498,665.0
3007499,426.0
3007500,11300.285
3007501,63.0
3007502,3.0
3007503,121.0
3007504,123.0
3007505,0.0
3007506,684.0
3007507,17.0
3007508,37.0
3007509,70.0
3007510,454.0
3007511,34.0
3007512,906.706
3007513,595.0
3007514,44.0
3007515,32.0
3007516,1238.589
3007517,263.702
3007518,10261.567
3007519,611.0
3007520,87.267
3007521,22.0
3007522,0.0
3007523,13.0
3007524,10727.754
3007525,0.0
3007526,1252.026
3007527,38.0
3007528,2594.1084
3007529,2425.2227
3007530,784.226
3007531,401.0
3007532,416.069
3007533,12471.065
3007534,106.0
3007535,2.0
3007536,128.0
3007537,127.0
3007538,2.0
3007539,647.0
3007540,11.0
3007541,37.0
3007542,0.0
3007543,362.0
3007544,27.0
3007545,1162.8411
3007546,760.0
3007547,37.0
3007548,32.0
3007549,1361.544
3007550,282.336
3007551,6895.8105
3007552,434.0
3007553,92.479004
3007554,16.0
3007555,0.0
3007556,27.0
3007557,7057.942
3007558,0.0
3007559,943.0
3007560,24.0
3007561,2417.4695
3007562,1497.0
3007563,884.115
3007564,163.0
3007565,255.577
3007566,11170.177
3007567,62.0
3007568,12.0
3007569,56.0
3007570,25.0
3007571,2.0
3007572,653.0
3007573,44.0
3007574,43.0
3007575,12.0
3007576,225.0
3007577,16.0
3007578,957.547
3007579,774.0
3007580,30.0
3007581,53.0
3007582,833.863
3007583,165.772
3007584,3224.2068
3007585,478.0
3007586,53.406
3007587,23.0
3007588,0.0
3007589,28.0
3007590,9870.798
3007591,0.0
3007592,1227.991
3007593,15.0
3007594,2323.0352
3007595,2229.7542
3007596,644.508
3007597,379.0
3007598,281.331
3007599,11423.071
3007600,42.0
3007601,0.0
3007602,89.0
3007603,68.0
3007604,2.0
3007605,570.0
3007606,22.0
3007607,36.0
3007608,7.0
3007609,338.0
3007610,19.0
3007611,949.932
3007612,743.0
3007613,42.0
3007614,34.0
3007615,1121.684
3007616,242.139
3007617,5917.481
3007618,557.0
3007619,81.053
3007620,19.0
3007621,0.0
3007622,32.0
3007623,5425.6914
3007624,0.0
3007625,961.0
3007626,17.0
3007627,2209.8752
3007628,1364.0
3007629,651.343
3007630,122.0
3007631,237.202
3007632,9678.878
3007633,55.0
3007634,0.0
3007635,52.0
3007636,30.0
3007637,0.0
3007638,571.0
3007639,38.0
3007640,15.0
3007641,5.0
3007642,191.0
3007643,13.0
3007644,844.178
3007645,828.0
3007646,25.0
3007647,37.0
3007648,833.251
3007649,124.282
3007650,2185.398
3007651,461.0
3007652,32.198
3007653,8.0
3007654,0.0
3007655,9.0
3007656,7544.295
3007657,0.0
3007658,1131.045
3007659,21.0
3007660,1747.3004
3007661,2154.3708
3007662,417.34
3007663,433.0
3007664,336.897
3007665,8261.783
3007666,77.0
3007667,5.0
3007668,42.0
3007669,55.0
3007670,0.0
3007671,451.0
3007672,10.0
3007673,32.0
3007674,5.0
3007675,380.0
3007676,20.0
3007677,788.915
3007678,576.0
3007679,26.0
3007680,56.0
3007681,889.85004
3007682,192.412
3007683,7507.0405
3007684,259.0
3007685,72.866
3007686,1.0
3007687,0.0
3007688,10.0
3007689,1781.8398
3007690,0.0
3007691,247.893
3007692,23.0
3007693,686.0
3007694,433.0
3007695,167.978
3007696,77.0
3007697,164.378
3007698,2888.6753
3007699,23.0
3007700,1.0
3007701,33.0
3007702,17.0
3007703,0.0
3007704,129.0
3007705,13.0
3007706,12.0
3007707,8.0
3007708,133.0
3007709,8.0
3007710,234.644
3007711,159.0
3007712,3.0
3007713,6.0
3007714,214.238
3007715,46.91
3007716,1466.709
3007717,3.0
3007718,7.32
3007719,14.0
3007720,0.0
3007721,15.0
3007722,4909.3457
3007723,0.0
3007724,500.757
3007725,37.0
3007726,1750.4374
3007727,1087.0
3007728,459.709
3007729,121.0
3007730,186.0
3007731,7250.251
3007732,58.0
3007733,5.0
3007734,76.0
3007735,58.0
3007736,0.0
3007737,391.0
3007738,10.0
3007739,13.0
3007740,11.0
3007741,188.0
3007742,15.0
3007743,495.966
3007744,551.0
3007745,13.0
3007746,33.0
3007747,392.521
3007748,77.255
3007749,2243.3604
3007750,367.0
3007751,15.801001
3007752,7.0
3007753,0.0
3007754,7.0
3007755,4870.94
3007756,0.0
3007757,760.013
3007758,12.0
3007759,1477.6067
3007760,1711.4636
3007761,199.885
3007762,293.0
3007763,307.135
3007764,5325.6157
3007765,42.0
3007766,1.0
3007767,87.0
3007768,30.0
3007769,0.0
3007770,276.0
3007771,2.0
3007772,53.0
3007773,4.0
3007774,304.0
3007775,15.0
3007776,580.566
3007777,337.0
3007778,20.0
3007779,6.0
3007780,557.544
3007781,112.321
3007782,5394.1123
3007783,1.0
3007784,38.772
3007785,13.0
3007786,0.0
3007787,8.0
3007788,4388.0
3007789,0.0
3007790,914.489
3007791,22.0
3007792,1392.0
3007793,1149.0
3007794,381.137
3007795,223.0
3007796,457.555
3007797,6710.0
3007798,41.0
3007799,8.0
3007800,80.0
3007801,44.0
3007802,0.0
3007803,363.0
3007804,14.0
3007805,86.0
3007806,13.0
3007807,482.0
3007808,10.0
3007809,456.389
3007810,380.0
3007811,17.0
3007812,31.0
3007813,495.055
3007814,89.385
3007815,4250.356
3007816,2.0
3007817,5.0
3007818,6.0
3007819,0.0
3007820,4.0
3007821,2105.0
3007822,0.0
3007823,535.714
3007824,10.0
3007825,984.0
3007826,603.0
3007827,209.254
3007828,98.0
3007829,222.0
3007830,3523.166
3007831,24.0
3007832,1.0
3007833,50.0
3007834,22.0
3007835,0.0
3007836,200.0
3007837,15.0
3007838,18.0
3007839,12.0
3007840,248.0
3007841,3.0
3007842,353.372
3007843,261.0
3007844,8.0
3007845,4.0
3007846,223.098
3007847,80.798
3007848,2342.9219
3007849,0.0
3007850,6.0
3007851,10.0
3007852,0.0
3007853,0.0
3007854,1827.0
3007855,0.0
3007856,210.0
3007857,6.0
3007858,942.0
3007859,215.0
3007860,230.008
3007861,66.0
3007862,42.0
3007863,3733.819
3007864,8.0
3007865,1.0
3007866,29.0
3007867,6.0
3007868,0.0
3007869,234.0
3007870,0.0
3007871,0.0
3007872,17.0
3007873,38.0
3007874,1.0
3007875,53.079002
3007876,169.0
3007877,0.0
3007878,4.0
3007879,91.671
3007880,81.0
3007881,696.92
3007882,0.0
3007883,1.0
3007884,7.0
3007885,0.0
3007886,6.0
3007887,3352.5034
3007888,0.0
3007889,536.026
3007890,11.0
3007891,917.0
3007892,895.0
3007893,357.473
3007894,172.0
3007895,135.0
3007896,4680.0674
3007897,46.0
3007898,0.0
3007899,28.0
3007900,29.0
3007901,0.0
3007902,268.0
3007903,17.0
3007904,27.0
3007905,11.0
3007906,198.0
3007907,5.0
3007908,461.069
3007909,325.0
3007910,16.0
3007911,21.0
3007912,511.378
3007913,98.66
3007914,2612.7405
3007915,0.0
3007916,35.03
3007917,10.0
3007918,0.0
3007919,4.0
3007920,3465.9312
3007921,0.0
3007922,551.645
3007923,18.0
3007924,671.0
3007925,1056.0
3007926,133.877
3007927,255.0
3007928,182.0
3007929,3242.308
3007930,37.0
3007931,4.0
3007932,75.0
3007933,31.0
3007934,0.0
3007935,183.0
3007936,15.0
3007937,50.0
3007938,7.0
3007939,238.0
3007940,24.0
3007941,371.711
3007942,159.0
3007943,4.0
3007944,11.0
3007945,476.67902
3007946,112.963
3007947,4367.972
3007948,0.0
3007949,42.545002
3007950,3.0
3007951,0.0
3007952,21.0
3007953,4825.601
3007954,0.0
3007955,809.417
3007956,29.0
3007957,1015.0
3007958,1280.0
3007959,250.70801
3007960,360.0
3007961,167.993
3007962,5130.725
3007963,43.0
3007964,2.0
3007965,47.0
3007966,46.0
3007967,0.0
3007968,291.0
3007969,42.0
3007970,33.0
3007971,19.0
3007972,204.0
3007973,30.0
3007974,389.796
3007975,354.0
3007976,21.0
3007977,26.0
3007978,579.493
3007979,139.568
3007980,4596.491
3007981,0.0
3007982,25.244
3007983,8.0
3007984,0.0
3007985,14.0
3007986,3853.2644
3007987,0.0
3007988,457.0
3007989,18.0
3007990,1622.6328
3007991,767.0
3007992,477.783
3007993,163.0
3007994,132.903
3007995,6772.3506
3007996,19.0
3007997,3.0
3007998,57.0
3007999,59.0
3008000,0.0
3008001,409.0
3008002,5.0
3008003,4.0
3008004,11.0
3008005,129.0
3008006,2.0
3008007,260.298
3008008,400.0
3008009,7.0
3008010,10.0
3008011,383.387
3008012,129.90399
3008013,1419.264
3008014,138.0
3008015,16.859001
3008016,1.0
3008017,0.0
3008018,1.0
3008019,832.5815
3008020,0.0
3008021,136.679
3008022,1.0
3008023,169.0
3008024,266.0
3008025,47.77
3008026,60.0
3008027,50.0
3008028,954.22375
3008029,6.0
3008030,1.0
3008031,13.0
3008032,8.0
3008033,0.0
3008034,61.0
3008035,7.0
3008036,8.0
3008037,3.0
3008038,35.0
3008039,4.0
3008040,88.182
3008041,45.0
3008042,2.0
3008043,0.0
3008044,115.758
3008045,20.346
3008046,939.6596
3008047,0.0
3008048,11.378
3008049,0.0
3008050,0.0
3008051,5.0
3008052,1526.0
3008053,0.0
3008054,119.0
3008055,6.0
3008056,670.0
3008057,270.0
3008058,251.0
3008059,62.0
3008060,42.0
3008061,2907.7183
3008062,13.0
3008063,0.0
3008064,11.0
3008065,13.0
3008066,0.0
3008067,163.0
3008068,2.0
3008069,0.0
3008070,1.0
3008071,8.0
3008072,1.0
3008073,156.282
3008074,150.0
3008075,1.0
3008076,3.0
3008077,201.742
3008078,13.0
3008079,248.518
3008080,3.0
3008081,0.0
3008082,6.0
3008083,0.0
3008084,2.0
3008085,4694.31
3008086,0.0
3008087,582.0
3008088,16.0
3008089,1866.6562
3008090,569.0
3008091,501.876
3008092,338.0
3008093,129.41699
3008094,7686.524
3008095,29.0
3008096,0.0
3008097,35.0
3008098,12.0
3008099,0.0
3008100,444.0
3008101,4.0
3008102,3.0
3008103,7.0
3008104,18.0
3008105,1.0
3008106,652.185
3008107,426.0
3008108,2.0
3008109,20.0
3008110,489.115
3008111,78.925
3008112,1290.197
3008113,13.0
3008114,10.0
3008115,12.0
3008116,0.0
3008117,4.0
3008118,1474.0
3008119,0.0
3008120,184.0
3008121,15.0
3008122,747.0
3008123,381.0
3008124,187.0
3008125,45.0
3008126,23.0
3008127,2618.8457
3008128,10.0
3008129,0.0
3008130,18.0
3008131,25.0
3008132,0.0
3008133,161.0
3008134,7.0
3008135,0.0
3008136,4.0
3008137,26.0
3008138,1.0
3008139,178.542
3008140,175.0
3008141,3.0
3008142,15.0
3008143,153.15399
3008144,17.0
3008145,347.21
3008146,8.0
3008147,2.0
3008148,2.0
3008149,0.0
3008150,3.0
3008151,1134.0
3008152,0.0
3008153,107.0
3008154,11.0
3008155,557.0
3008156,210.0
3008157,153.0
3008158,58.0
3008159,22.0
3008160,2366.908
3008161,21.0
3008162,0.0
3008163,13.0
3008164,12.0
3008165,0.0
3008166,143.0
3008167,2.0
3008168,0.0
3008169,3.0
3008170,17.0
3008171,1.0
3008172,97.952995
3008173,235.0
3008174,0.0
3008175,5.0
3008176,87.876
3008177,23.0
3008178,167.58
3008179,12.0
3008180,0.0
3008181,3.0
3008182,0.0
3008183,2.0
3008184,2017.0
3008185,0.0
3008186,140.0
3008187,5.0
3008188,568.0
3008189,229.0
3008190,143.0
3008191,17.0
3008192,32.0
3008193,2497.0896
3008194,3.0
3008195,0.0
3008196,4.0
3008197,10.0
3008198,0.0
3008199,105.0
3008200,0.0
3008201,0.0
3008202,0.0
3008203,46.0
3008204,3.0
3008205,190.086
3008206,118.0
3008207,2.0
3008208,3.0
3008209,61.86
3008210,61.0
3008211,333.363
3008212,10.0
3008213,4.0
3008214,5.0
3008215,0.0
3008216,5.0
3008217,1367.0
3008218,0.0
3008219,113.0
3008220,4.0
3008221,715.0
3008222,222.0
3008223,165.0
3008224,95.0
3008225,54.0
3008226,2252.5452
3008227,1.0
3008228,2.0
3008229,4.0
3008230,15.0
3008231,0.0
3008232,171.0
3008233,5.0
3008234,0.0
3008235,2.0
3008236,11.0
3008237,2.0
3008238,82.31
3008239,156.0
3008240,2.0
3008241,6.0
3008242,90.946
3008243,36.0
3008244,562.08
3008245,27.0
3008246,2.0
3008247,8.0
3008248,1.0
3008249,1.0
3008250,1494.0
3008251,0.0
3008252,208.0
3008253,6.0
3008254,833.0
3008255,324.0
3008256,182.0
3008257,112.0
3008258,35.0
3008259,2543.269
3008260,4.0
3008261,0.0
3008262,19.0
3008263,27.0
3008264,0.0
3008265,206.0
3008266,0.0
3008267,0.0
3008268,3.0
3008269,24.0
3008270,0.0
3008271,70.859
3008272,155.0
3008273,0.0
3008274,3.0
3008275,70.961
3008276,38.0
3008277,605.757
3008278,0.0
3008279,6.0
3008280,2.0
3008281,1.0
3008282,4.0
3008283,3835.2373
3008284,0.0
3008285,428.0
3008286,7.0
3008287,1147.0
3008288,793.0
3008289,559.0
3008290,226.0
3008291,120.0
3008292,5067.9126
3008293,20.0
3008294,4.0
3008295,43.0
3008296,42.0
3008297,0.0
3008298,314.0
3008299,0.0
3008300,0.0
3008301,4.0
3008302,52.0
3008303,4.0
3008304,269.594
3008305,330.0
3008306,2.0
3008307,13.0
3008308,376.227
3008309,62.0
3008310,1664.754
3008311,18.0
3008312,19.0
3008313,7.0
3008314,0.0
3008315,3.0
3008316,2505.6956
3008317,0.0
3008318,664.0
3008319,8.0
3008320,598.0
3008321,657.0
3008322,201.703
3008323,239.0
3008324,63.0
3008325,3214.344
3008326,14.0
3008327,2.0
3008328,29.0
3008329,21.0
3008330,0.0
3008331,269.0
3008332,14.0
3008333,1.0
3008334,4.0
3008335,36.0
3008336,2.0
3008337,89.544
3008338,168.0
3008339,8.0
3008340,9.0
3008341,189.90201
3008342,50.802002
3008343,2095.933
3008344,45.0
3008345,15.931
3008346,3.0
3008347,0.0
3008348,1.0
3008349,2274.564
3008350,0.0
3008351,172.0
3008352,2.0
3008353,835.0
3008354,352.0
3008355,335.0
3008356,78.0
3008357,24.886
3008358,3259.8416
3008359,1.0
3008360,0.0
3008361,12.0
3008362,12.0
3008363,0.0
3008364,125.0
3008365,11.0
3008366,0.0
3008367,1.0
3008368,58.0
3008369,5.0
3008370,122.796
3008371,172.0
3008372,3.0
3008373,5.0
3008374,57.03
3008375,23.0
3008376,371.185
3008377,3.0
3008378,4.0
3008379,9.0
3008380,0.0
3008381,10.0
3008382,3095.6453
3008383,0.0
3008384,642.0
3008385,16.0
3008386,752.0
3008387,892.0
3008388,192.428
3008389,208.0
3008390,98.0
3008391,4195.4746
3008392,41.0
3008393,1.0
3008394,33.0
3008395,87.0
3008396,0.0
3008397,234.0
3008398,25.0
3008399,23.0
3008400,8.0
3008401,100.0
3008402,11.0
3008403,315.441
3008404,277.0
3008405,6.0
3008406,11.0
3008407,470.487
3008408,101.716995
3008409,2507.1501
3008410,0.0
3008411,44.046
3008412,9.0
3008413,0.0
3008414,3.0
3008415,5577.6064
3008416,0.0
3008417,1220.0
3008418,6.0
3008419,1676.0
3008420,1071.0
3008421,831.231
3008422,243.0
3008423,89.0
3008424,7967.6304
3008425,14.0
3008426,1.0
3008427,19.0
3008428,32.0
3008429,0.0
3008430,453.0
3008431,3.0
3008432,15.0
3008433,4.0
3008434,38.0
3008435,6.0
3008436,374.908
3008437,541.0
3008438,4.0
3008439,16.0
3008440,454.663
3008441,87.181
3008442,1398.493
3008443,151.0
3008444,18.246
3008445,21.0
3008446,3.0
3008447,11.0
3008448,3893.0
3008449,0.0
3008450,907.0
3008451,10.0
3008452,1644.0
3008453,886.0
3008454,511.045
3008455,380.0
3008456,91.0
3008457,6020.5303
3008458,21.0
3008459,0.0
3008460,29.0
3008461,45.0
3008462,0.0
3008463,445.0
3008464,5.0
3008465,2.0
3008466,16.0
3008467,57.0
3008468,4.0
3008469,169.066
3008470,413.0
3008471,0.0
3008472,13.0
3008473,197.075
3008474,229.77701
3008475,1695.623
3008476,0.0
3008477,5.0
3008478,11.0
3008479,0.0
3008480,2.0
3008481,1947.0
3008482,0.0
3008483,151.0
3008484,5.0
3008485,685.0
3008486,454.0
3008487,180.0
3008488,39.0
3008489,50.0
3008490,2534.0
3008491,3.0
3008492,0.0
3008493,22.0
3008494,22.0
3008495,0.0
3008496,164.0
3008497,2.0
3008498,0.0
3008499,4.0
3008500,28.0
3008501,7.0
3008502,161.89099
3008503,145.0
3008504,3.0
3008505,7.0
3008506,206.838
3008507,40.0
3008508,348.453
3008509,7.0
3008510,2.0
3008511,4.0
3008512,0.0
3008513,3.0
3008514,1305.0
3008515,0.0
3008516,220.836
3008517,4.0
3008518,467.0
3008519,497.0
3008520,133.727
3008521,49.0
3008522,41.0
3008523,2031.9614
3008524,20.0
3008525,0.0
3008526,17.0
3008527,9.0
3008528,0.0
3008529,107.0
3008530,16.0
3008531,1.0
3008532,0.0
3008533,48.0
3008534,3.0
3008535,1065.345
3008536,159.0
3008537,9.0
3008538,9.0
3008539,373.316
3008540,33.513
3008541,1198.302
3008542,0.0
3008543,6.561
3008544,0.0
3008545,0.0
3008546,0.0
3008547,3484.4795
3008548,0.0
3008549,757.417
3008550,9.0
3008551,810.0
3008552,1217.0
3008553,229.157
3008554,218.0
3008555,105.315
3008556,3697.6658
3008557,26.0
3008558,1.0
3008559,24.0
3008560,44.0
3008561,0.0
3008562,237.0
3008563,18.0
3008564,20.0
3008565,4.0
3008566,62.0
3008567,3.0
3008568,291.282
3008569,244.0
3008570,13.0
3008571,10.0
3008572,399.215
3008573,91.201004
3008574,2995.7441
3008575,0.0
3008576,14.335
3008577,2.0
3008578,0.0
3008579,3.0
3008580,2445.0134
3008581,0.0
3008582,400.953
3008583,3.0
3008584,449.0
3008585,658.0
3008586,180.484
3008587,117.0
3008588,107.0
3008589,2158.074
3008590,13.0
3008591,5.0
3008592,29.0
3008593,9.0
3008594,0.0
3008595,104.0
3008596,0.0
3008597,9.0
3008598,2.0
3008599,208.0
3008600,12.0
3008601,169.441
3008602,114.0
3008603,4.0
3008604,1.0
3008605,192.425
3008606,50.870003
3008607,1518.425
3008608,4.0
3008609,5.0
3008610,3.0
3008611,0.0
3008612,1.0
3008613,1048.0
3008614,0.0
3008615,252.0
3008616,8.0
3008617,406.0
3008618,355.0
3008619,105.751
3008620,41.0
3008621,41.0
3008622,1746.2969
3008623,0.0
3008624,2.0
3008625,12.0
3008626,10.0
3008627,0.0
3008628,93.0
3008629,0.0
3008630,12.0
3008631,1.0
3008632,20.0
3008633,0.0
3008634,286.219
3008635,128.0
3008636,0.0
3008637,2.0
3008638,114.663
3008639,43.0
3008640,526.365
3008641,0.0
3008642,1.0
3008643,8.0
3008644,0.0
3008645,2.0
3008646,4177.0728
3008647,1.0
3008648,905.246
3008649,10.0
3008650,1025.0
3008651,1461.0
3008652,415.794
3008653,323.0
3008654,159.892
3008655,4962.2007
3008656,37.0
3008657,8.0
3008658,28.0
3008659,39.0
3008660,0.0
3008661,284.0
3008662,16.0
3008663,45.0
3008664,18.0
3008665,131.0
3008666,7.0
3008667,330.70502
3008668,338.0
3008669,12.0
3008670,10.0
3008671,487.426
3008672,105.834
3008673,2996.4287
3008674,3.0
3008675,23.296
3008676,8.0
3008677,0.0
3008678,4.0
3008679,4869.342
3008680,0.0
3008681,1032.0
3008682,15.0
3008683,1333.0
3008684,1434.0
3008685,478.18
3008686,285.0
3008687,86.95
3008688,8076.257
3008689,47.0
3008690,2.0
3008691,39.0
3008692,17.0
3008693,0.0
3008694,359.0
3008695,0.0
3008696,8.0
3008697,8.0
3008698,55.0
3008699,1.0
3008700,225.448
3008701,324.0
3008702,6.0
3008703,10.0
3008704,291.083
3008705,126.978
3008706,1932.402
3008707,2.0
3008708,2.0
3008709,4.0
3008710,0.0
3008711,5.0
3008712,4674.0
3008713,0.0
3008714,1114.0
3008715,8.0
3008716,1224.0
3008717,1110.0
3008718,409.808
3008719,290.0
3008720,65.0
3008721,5072.075
3008722,27.0
3008723,5.0
3008724,41.0
3008725,21.0
3008726,0.0
3008727,324.0
3008728,0.0
3008729,8.0
3008730,9.0
3008731,42.0
3008732,3.0
3008733,157.371
3008734,272.0
3008735,6.0
3008736,10.0
3008737,218.471
3008738,89.765
3008739,1536.727
3008740,1.0
3008741,12.0
3008742,15.0
3008743,0.0
3008744,26.0
3008745,10172.687
3008746,0.0
3008747,1182.917
3008748,26.0
3008749,2041.8878
3008750,2301.844
3008751,395.272
3008752,555.0
3008753,361.183
3008754,9313.055
3008755,85.0
3008756,2.0
3008757,111.0
3008758,51.0
3008759,0.0
3008760,587.0
3008761,68.0
3008762,42.0
3008763,28.0
3008764,212.0
3008765,33.0
3008766,697.172
3008767,700.0
3008768,18.0
3008769,34.0
3008770,1094.738
3008771,198.679
3008772,9081.076
3008773,1.0
3008774,77.398
3008775,1.0
3008776,3.0
3008777,0.0
3008778,1517.0
3008779,0.0
3008780,222.0
3008781,14.0
3008782,564.0
3008783,286.0
3008784,112.0
3008785,203.0
3008786,25.0
3008787,2033.9025
3008788,12.0
3008789,1.0
3008790,19.0
3008791,6.0
3008792,0.0
3008793,118.0
3008794,6.0
3008795,0.0
3008796,3.0
3008797,25.0
3008798,0.0
3008799,56.191
3008800,91.0
3008801,2.0
3008802,6.0
3008803,108.153
3008804,29.0
3008805,479.459
3008806,0.0
3008807,2.0
3008808,7.0
3008809,0.0
3008810,1.0
3008811,3934.2522
3008812,0.0
3008813,718.0
3008814,6.0
3008815,1349.0
3008816,859.0
3008817,273.456
3008818,411.0
3008819,42.0
3008820,5510.2817
3008821,9.0
3008822,1.0
3008823,42.0
3008824,33.0
3008825,0.0
3008826,349.0
3008827,1.0
3008828,7.0
3008829,10.0
3008830,15.0
3008831,4.0
3008832,373.06702
3008833,329.0
3008834,5.0
3008835,8.0
3008836,134.592
3008837,112.055
3008838,1324.669
3008839,3.0
3008840,6.0
3008841,1.0
3008842,0.0
3008843,1.0
3008844,1098.0
3008845,0.0
3008846,160.0
3008847,10.0
3008848,433.0
3008849,219.0
3008850,125.0
3008851,173.0
3008852,18.0
3008853,1885.5206
3008854,1.0
3008855,0.0
3008856,10.0
3008857,1.0
3008858,0.0
3008859,89.0
3008860,0.0
3008861,0.0
3008862,1.0
3008863,42.0
3008864,0.0
3008865,66.024
3008866,71.0
3008867,1.0
3008868,2.0
3008869,67.727
3008870,12.0
3008871,276.838
3008872,0.0
3008873,2.0
3008874,5.0
3008875,0.0
3008876,5.0
3008877,2090.0
3008878,0.0
3008879,333.0
3008880,6.0
3008881,1140.0
3008882,514.0
3008883,250.0
3008884,140.0
3008885,41.0
3008886,3394.1658
3008887,5.0
3008888,1.0
3008889,34.0
3008890,30.0
3008891,0.0
3008892,281.0
3008893,0.0
3008894,0.0
3008895,11.0
3008896,28.0
3008897,2.0
3008898,330.482
3008899,263.0
3008900,1.0
3008901,2.0
3008902,261.164
3008903,31.0
3008904,1346.043
3008905,0.0
3008906,0.0
3008907,4.0
3008908,0.0
3008909,2.0
3008910,2669.184
3008911,0.0
3008912,677.0
3008913,4.0
3008914,642.0
3008915,675.0
3008916,210.663
3008917,113.0
3008918,56.0
3008919,4406.383
3008920,11.0
3008921,1.0
3008922,21.0
3008923,15.0
3008924,0.0
3008925,196.0
3008926,3.0
3008927,5.0
3008928,1.0
3008929,23.0
3008930,1.0
3008931,165.617
3008932,239.0
3008933,3.0
3008934,9.0
3008935,159.386
3008936,22.0
3008937,634.453
3008938,9.0
3008939,0.0
3008940,3.0
3008941,0.0
3008942,1.0
3008943,1648.0
3008944,0.0
3008945,168.0
3008946,1.0
3008947,457.0
3008948,172.0
3008949,100.0
3008950,81.0
3008951,154.0
3008952,2229.608
3008953,4.0
3008954,0.0
3008955,6.0
3008956,4.0
3008957,0.0
3008958,94.0
3008959,0.0
3008960,0.0
3008961,1.0
3008962,27.0
3008963,2.0
3008964,199.894
3008965,79.0
3008966,0.0
3008967,0.0
3008968,55.579998
3008969,27.0
3008970,405.799
3008971,0.0
3008972,3.0
3008973,10.0
3008974,0.0
3008975,1.0
3008976,4181.341
3008977,0.0
3008978,713.0
3008979,8.0
3008980,781.0
3008981,723.0
3008982,242.869
3008983,125.0
3008984,119.931
3008985,4414.121
3008986,16.0
3008987,0.0
3008988,19.0
3008989,18.0
3008990,0.0
3008991,256.0
3008992,0.0
3008993,15.0
3008994,1.0
3008995,105.0
3008996,3.0
3008997,196.056
3008998,227.0
3008999,5.0
3009000,1.0
3009001,86.841
3009002,32.0
3009003,1142.276
3009004,2.0
3009005,2.0
3009006,2.0
3009007,0.0
3009008,8.0
3009009,2140.703
3009010,0.0
3009011,333.391
3009012,6.0
3009013,451.0
3009014,496.0
3009015,105.733
3009016,68.0
3009017,75.529
3009018,2453.5684
3009019,16.0
3009020,3.0
3009021,36.0
3009022,30.0
3009023,0.0
3009024,136.0
3009025,10.0
3009026,16.0
3009027,0.0
3009028,81.0
3009029,9.0
3009030,137.788
3009031,151.0
3009032,14.0
3009033,14.0
3009034,213.526
3009035,57.597
3009036,1817.2571
3009037,0.0
3009038,8.898
3009039,3.0
3009040,0.0
3009041,11.0
3009042,2308.1882
3009043,0.0
3009044,430.342
3009045,11.0
3009046,865.0
3009047,759.0
3009048,158.747
3009049,100.0
3009050,71.0
3009051,3812.9663
3009052,25.0
3009053,0.0
3009054,37.0
3009055,19.0
3009056,0.0
3009057,314.0
3009058,34.0
3009059,11.0
3009060,5.0
3009061,250.0
3009062,13.0
3009063,106.105
3009064,424.0
3009065,9.0
3009066,11.0
3009067,94.22
3009068,87.12
3009069,1910.769
3009070,0.0
3009071,12.313
3009072,5.0
3009073,0.0
3009074,1.0
3009075,4184.98
3009076,0.0
3009077,678.0
3009078,6.0
3009079,1730.0
3009080,558.0
3009081,177.358
3009082,108.0
3009083,72.0
3009084,5209.0303
3009085,24.0
3009086,3.0
3009087,34.0
3009088,13.0
3009089,0.0
3009090,336.0
3009091,7.0
3009092,9.0
3009093,3.0
3009094,25.0
3009095,8.0
3009096,68.965004
3009097,280.0
3009098,6.0
3009099,8.0
3009100,160.18001
3009101,41.238
3009102,1251.286
3009103,14.0
3009104,12.0
3009105,6.0
3009106,0.0
3009107,7.0
3009108,2853.488
3009109,0.0
3009110,403.816
3009111,10.0
3009112,695.0
3009113,919.0
3009114,173.935
3009115,190.0
3009116,110.0
3009117,3752.3552
3009118,27.0
3009119,1.0
3009120,16.0
3009121,14.0
3009122,0.0
3009123,199.0
3009124,41.0
3009125,27.0
3009126,1.0
3009127,82.0
3009128,8.0
3009129,345.605
3009130,283.0
3009131,13.0
3009132,14.0
3009133,453.172
3009134,76.337
3009135,2664.3367
3009136,1.0
3009137,34.833
3009138,1.0
3009139,0.0
3009140,2.0
3009141,4772.5283
3009142,0.0
3009143,519.0
3009144,3.0
3009145,1237.0
3009146,651.0
3009147,254.0
3009148,227.0
3009149,53.81
3009150,6532.347
3009151,8.0
3009152,2.0
3009153,16.0
3009154,25.0
3009155,0.0
3009156,373.0
3009157,0.0
3009158,0.0
3009159,14.0
3009160,10.0
3009161,4.0
3009162,154.804
3009163,288.0
3009164,0.0
3009165,16.0
3009166,148.19
3009167,62.0
3009168,1044.284
3009169,0.0
3009170,2.0
3009171,8.0
3009172,0.0
3009173,12.0
3009174,2765.1714
3009175,0.0
3009176,635.786
3009177,7.0
3009178,1059.0
3009179,896.0
3009180,267.471
3009181,172.0
3009182,187.974
3009183,4741.645
3009184,53.0
3009185,4.0
3009186,43.0
3009187,47.0
3009188,0.0
3009189,287.0
3009190,26.0
3009191,21.0
3009192,9.0
3009193,57.0
3009194,17.0
3009195,278.601
3009196,364.0
3009197,16.0
3009198,16.0
3009199,229.912
3009200,92.673004
3009201,2439.396
3009202,0.0
3009203,8.0
3009204,7.0
3009205,0.0
3009206,12.0
3009207,1825.0
3009208,0.0
3009209,392.885
3009210,12.0
3009211,596.0
3009212,705.0
3009213,141.925
3009214,145.0
3009215,94.0
3009216,2527.0
3009217,33.0
3009218,1.0
3009219,19.0
3009220,9.0
3009221,0.0
3009222,181.0
3009223,24.0
3009224,26.0
3009225,1.0
3009226,54.0
3009227,4.0
3009228,202.263
3009229,208.0
3009230,6.0
3009231,5.0
3009232,196.726
3009233,42.193
3009234,2053.608
3009235,1.0
3009236,18.502
3009237,16.0
3009238,0.0
3009239,10.0
3009240,5442.5806
3009241,0.0
3009242,794.0
3009243,23.0
3009244,1356.0
3009245,1067.0
3009246,380.784
3009247,342.0
3009248,62.0
3009249,5740.362
3009250,18.0
3009251,0.0
3009252,12.0
3009253,17.0
3009254,1.0
3009255,293.0
3009256,0.0
3009257,12.0
3009258,5.0
3009259,47.0
3009260,1.0
3009261,261.395
3009262,326.0
3009263,6.0
3009264,0.0
3009265,303.925
3009266,239.049
3009267,1436.614
3009268,8.0
3009269,3.0
3009270,20.0
3009271,0.0
3009272,17.0
3009273,12668.901
3009274,0.0
3009275,1843.081
3009276,19.0
3009277,2449.5332
3009278,3017.6746
3009279,548.278
3009280,792.0
3009281,394.298
3009282,12523.036
3009283,64.0
3009284,7.0
3009285,148.0
3009286,131.0
3009287,0.0
3009288,741.0
3009289,34.0
3009290,28.0
3009291,103.0
3009292,252.0
3009293,33.0
3009294,829.935
3009295,651.0
3009296,56.0
3009297,41.0
3009298,1292.238
3009299,281.72
3009300,11778.235
3009301,424.0
3009302,107.092
3009303,27.0
3009304,0.0
3009305,24.0
3009306,11718.173
3009307,0.0
3009308,1416.474
3009309,23.0
3009310,2891.201
3009311,2672.4326
3009312,844.728
3009313,532.0
3009314,352.088
3009315,13974.195
3009316,106.0
3009317,5.0
3009318,104.0
3009319,79.0
3009320,1.0
3009321,816.0
3009322,33.0
3009323,33.0
3009324,10.0
3009325,166.0
3009326,35.0
3009327,1264.096
3009328,938.0
3009329,32.0
3009330,41.0
3009331,1489.133
3009332,286.27
3009333,8258.144
3009334,747.0
3009335,99.755
3009336,20.0
3009337,0.0
3009338,35.0
3009339,8461.794
3009340,0.0
3009341,1117.0
3009342,11.0
3009343,2558.3147
3009344,1837.0
3009345,1015.044
3009346,200.0
3009347,318.343
3009348,12415.518
3009349,73.0
3009350,8.0
3009351,75.0
3009352,43.0
3009353,0.0
3009354,747.0
3009355,39.0
3009356,40.0
3009357,17.0
3009358,112.0
3009359,20.0
3009360,958.745
3009361,995.0
3009362,37.0
3009363,57.0
3009364,946.357
3009365,145.888
3009366,3656.9385
3009367,406.0
3009368,59.898
3009369,27.0
3009370,0.0
3009371,29.0
3009372,11469.514
3009373,0.0
3009374,1360.306
3009375,16.0
3009376,2444.1782
3009377,2449.9702
3009378,708.298
3009379,412.0
3009380,268.84
3009381,12519.984
3009382,35.0
3009383,2.0
3009384,71.0
3009385,51.0
3009386,0.0
3009387,653.0
3009388,34.0
3009389,21.0
3009390,11.0
3009391,175.0
3009392,21.0
3009393,847.856
3009394,832.0
3009395,30.0
3009396,39.0
3009397,1117.365
3009398,230.82
3009399,6762.254
3009400,478.0
3009401,73.879
3009402,23.0
3009403,0.0
3009404,38.0
3009405,6523.9863
3009406,0.0
3009407,1074.0
3009408,15.0
3009409,2396.4756
3009410,1606.0
3009411,839.227
3009412,161.0
3009413,276.326
3009414,11467.354
3009415,58.0
3009416,1.0
3009417,55.0
3009418,22.0
3009419,0.0
3009420,650.0
3009421,37.0
3009422,23.0
3009423,11.0
3009424,97.0
3009425,11.0
3009426,961.62
3009427,1015.0
3009428,37.0
3009429,31.0
3009430,979.221
3009431,103.252
3009432,2856.344
3009433,453.0
3009434,36.005
3009435,14.0
3009436,0.0
3009437,22.0
3009438,8621.144
3009439,0.0
3009440,1189.882
3009441,13.0
3009442,1945.5372
3009443,2310.5825
3009444,469.891
3009445,542.0
3009446,343.044
3009447,9107.806
3009448,79.0
3009449,0.0
3009450,57.0
3009451,63.0
3009452,0.0
3009453,509.0
3009454,23.0
3009455,35.0
3009456,12.0
3009457,241.0
3009458,22.0
3009459,753.352
3009460,588.0
3009461,33.0
3009462,32.0
3009463,999.316
3009464,189.643
3009465,8336.406
3009466,194.0
3009467,78.171
3009468,15.0
3009469,0.0
3009470,5.0
3009471,2000.5127
3009472,0.0
3009473,366.425
3009474,20.0
3009475,927.0
3009476,572.0
3009477,254.995
3009478,100.0
3009479,68.0
3009480,3221.8818
3009481,27.0
3009482,3.0
3009483,30.0
3009484,20.0
3009485,0.0
3009486,238.0
3009487,12.0
3009488,6.0
3009489,9.0
3009490,52.0
3009491,20.0
3009492,241.696
3009493,269.0
3009494,3.0
3009495,8.0
3009496,232.897
3009497,65.945
3009498,1487.221
3009499,1.0
3009500,11.642
3009501,19.0
3009502,0.0
3009503,22.0
3009504,5228.5454
3009505,0.0
3009506,531.092
3009507,26.0
3009508,1850.5917
3009509,1144.0
3009510,453.101
3009511,113.0
3009512,119.0
3009513,8315.035
3009514,64.0
3009515,2.0
3009516,53.0
3009517,47.0
3009518,0.0
3009519,434.0
3009520,9.0
3009521,11.0
3009522,6.0
3009523,160.0
3009524,17.0
3009525,544.037
3009526,647.0
3009527,21.0
3009528,32.0
3009529,447.345
3009530,91.013
3009531,2306.9756
3009532,448.0
3009533,41.527
3009534,6.0
3009535,0.0
3009536,6.0
3009537,5388.7207
3009538,0.0
3009539,1067.729
3009540,5.0
3009541,1515.5216
3009542,1860.01
3009543,302.512
3009544,429.0
3009545,286.213
3009546,5736.209
3009547,44.0
3009548,8.0
3009549,37.0
3009550,53.0
3009551,0.0
3009552,358.0
3009553,11.0
3009554,41.0
3009555,4.0
3009556,164.0
3009557,22.0
3009558,565.69403
3009559,383.0
3009560,34.0
3009561,14.0
3009562,807.091
3009563,160.534
3009564,5818.665
3009565,5.0
3009566,39.965
3009567,21.0
3009568,0.0
3009569,12.0
3009570,4916.0
3009571,0.0
3009572,1071.987
3009573,15.0
3009574,1566.0
3009575,1400.0
3009576,435.742
3009577,281.0
3009578,283.162
3009579,7131.0
3009580,48.0
3009581,1.0
3009582,51.0
3009583,43.0
3009584,0.0
3009585,423.0
3009586,14.0
3009587,59.0
3009588,15.0
3009589,181.0
3009590,14.0
3009591,487.285
3009592,383.0
3009593,12.0
3009594,32.0
3009595,593.294
3009596,142.568
3009597,4573.067
3009598,15.0
3009599,12.0
3009600,20.0
3009601,0.0
3009602,7.0
3009603,2651.0
3009604,0.0
3009605,606.182
3009606,10.0
3009607,1025.0
3009608,673.0
3009609,287.34702
3009610,126.0
3009611,101.0
3009612,3901.72
3009613,19.0
3009614,2.0
3009615,39.0
3009616,28.0
3009617,0.0
3009618,235.0
3009619,19.0
3009620,11.0
3009621,6.0
3009622,79.0
3009623,17.0
3009624,303.257
3009625,263.0
3009626,3.0
3009627,11.0
3009628,272.606
3009629,81.652
3009630,2217.132
3009631,1.0
3009632,9.0
3009633,16.0
3009634,0.0
3009635,0.0
3009636,4824.0
3009637,0.0
3009638,393.0
3009639,4.0
3009640,1719.0
3009641,371.0
3009642,305.026
3009643,74.0
3009644,38.0
3009645,4415.8286
3009646,25.0
3009647,1.0
3009648,30.0
3009649,13.0
3009650,0.0
3009651,306.0
3009652,0.0
3009653,0.0
3009654,6.0
3009655,17.0
3009656,3.0
3009657,67.435
3009658,244.0
3009659,0.0
3009660,2.0
3009661,79.062996
3009662,91.0
3009663,877.304
3009664,0.0
3009665,2.0
3009666,11.0
3009667,0.0
3009668,9.0
3009669,4229.787
3009670,0.0
3009671,577.442
3009672,16.0
3009673,1345.0
3009674,1257.0
3009675,461.025
3009676,247.0
3009677,189.901
3009678,5612.209
3009679,48.0
3009680,1.0
3009681,31.0
3009682,22.0
3009683,0.0
3009684,315.0
3009685,49.0
3009686,23.0
3009687,5.0
3009688,89.0
3009689,6.0
3009690,465.10098
3009691,404.0
3009692,8.0
3009693,21.0
3009694,666.659
3009695,109.625
3009696,3054.0933
3009697,0.0
3009698,58.47
3009699,3.0
3009700,0.0
3009701,9.0
3009702,3470.3293
3009703,0.0
3009704,552.075
3009705,7.0
3009706,704.0
3009707,1023.0
3009708,133.361
3009709,229.0
3009710,153.66
3009711,3061.9626
3009712,33.0
3009713,1.0
3009714,21.0
3009715,24.0
3009716,0.0
3009717,277.0
3009718,7.0
3009719,28.0
3009720,8.0
3009721,169.0
3009722,13.0
3009723,408.49
3009724,220.0
3009725,6.0
3009726,22.0
3009727,487.113
3009728,94.795
3009729,4399.3804
3009730,0.0
3009731,33.648
3009732,2.0
3009733,1.0
3009734,8.0
3009735,5149.946
3009736,0.0
3009737,793.814
3009738,5.0
3009739,1131.0
3009740,1526.0
3009741,268.323
3009742,403.0
3009743,149.794
3009744,5328.6636
3009745,53.0
3009746,9.0
3009747,45.0
3009748,58.0
3009749,0.0
3009750,347.0
3009751,30.0
3009752,39.0
3009753,20.0
3009754,98.0
3009755,22.0
3009756,421.731
3009757,438.0
3009758,34.0
3009759,22.0
3009760,618.844
3009761,176.765
3009762,5158.6157
3009763,0.0
3009764,35.258
3009765,15.0
3009766,0.0
3009767,15.0
3009768,4069.2222
3009769,0.0
3009770,485.0
3009771,11.0
3009772,1800.5469
3009773,795.0
3009774,503.209
3009775,161.0
3009776,62.0
3009777,7891.7393
3009778,10.0
3009779,3.0
3009780,58.0
3009781,64.0
3009782,0.0
3009783,460.0
3009784,14.0
3009785,6.0
3009786,27.0
3009787,39.0
3009788,3.0
3009789,327.206
3009790,510.0
3009791,2.0
3009792,9.0
3009793,412.458
3009794,105.169
3009795,1693.607
3009796,200.0
3009797,20.0
3009798,1.0
3009799,0.0
3009800,6.0
3009801,2010.3824
3009802,0.0
3009803,346.038
3009804,4.0
3009805,571.0
3009806,699.0
3009807,154.578
3009808,170.0
3009809,110.0
3009810,2345.4658
3009811,20.0
3009812,0.0
3009813,50.0
3009814,31.0
3009815,0.0
3009816,161.0
3009817,17.0
3009818,27.0
3009819,21.0
3009820,100.0
3009821,8.0
3009822,192.763
3009823,159.0
3009824,3.0
3009825,6.0
3009826,270.047
3009827,72.004
3009828,2411.8918
3009829,0.0
3009830,14.129
3009831,1.0
3009832,0.0
3009833,6.0
3009834,1129.0
3009835,0.0
3009836,82.0
3009837,3.0
3009838,710.0
3009839,253.0
3009840,313.0
3009841,122.0
3009842,38.0
3009843,2623.273
3009844,0.0
3009845,1.0
3009846,11.0
3009847,9.0
3009848,0.0
3009849,156.0
3009850,2.0
3009851,0.0
3009852,2.0
3009853,11.0
3009854,0.0
3009855,217.771
3009856,155.0
3009857,0.0
3009858,3.0
3009859,133.71
3009860,27.0
3009861,220.26
3009862,5.0
3009863,1.0
3009864,2.0
3009865,1.0
3009866,6.0
3009867,4184.198
3009868,0.0
3009869,583.0
3009870,11.0
3009871,1797.529
3009872,603.0
3009873,489.08
3009874,275.0
3009875,48.0
3009876,6827.5386
3009877,14.0
3009878,0.0
3009879,13.0
3009880,11.0
3009881,0.0
3009882,532.0
3009883,3.0
3009884,4.0
3009885,6.0
3009886,27.0
3009887,3.0
3009888,474.139
3009889,373.0
3009890,5.0
3009891,7.0
3009892,244.969
3009893,130.225
3009894,1239.467
3009895,26.0
3009896,3.0
3009897,6.0
3009898,0.0
3009899,2.0
3009900,1504.0
3009901,0.0
3009902,275.0
3009903,13.0
3009904,712.0
3009905,411.0
3009906,210.0
3009907,117.0
3009908,42.0
3009909,2809.0571
3009910,3.0
3009911,0.0
3009912,22.0
3009913,19.0
3009914,0.0
3009915,169.0
3009916,7.0
3009917,0.0
3009918,7.0
3009919,18.0
3009920,3.0
3009921,107.3
3009922,153.0
3009923,1.0
3009924,5.0
3009925,120.694
3009926,28.0
3009927,333.658
3009928,3.0
3009929,3.0
3009930,2.0
3009931,0.0
3009932,5.0
3009933,1512.0
3009934,0.0
3009935,154.0
3009936,8.0
3009937,661.0
3009938,227.0
3009939,192.0
3009940,42.0
3009941,28.0
3009942,2577.3792
3009943,2.0
3009944,0.0
3009945,14.0
3009946,16.0
3009947,0.0
3009948,120.0
3009949,0.0
3009950,0.0
3009951,2.0
3009952,30.0
3009953,1.0
3009954,169.356
3009955,174.0
3009956,1.0
3009957,6.0
3009958,58.017
3009959,26.0
3009960,177.561
3009961,28.0
3009962,0.0
3009963,3.0
3009964,0.0
3009965,2.0
3009966,1440.0
3009967,0.0
3009968,153.0
3009969,21.0
3009970,1139.0
3009971,353.0
3009972,263.0
3009973,13.0
3009974,30.0
3009975,2633.1519
3009976,1.0
3009977,0.0
3009978,5.0
3009979,17.0
3009980,0.0
3009981,183.0
3009982,3.0
3009983,0.0
3009984,1.0
3009985,8.0
3009986,4.0
3009987,215.026
3009988,322.0
3009989,0.0
3009990,3.0
3009991,31.508
3009992,95.0
3009993,352.513
3009994,7.0
3009995,5.0
3009996,6.0
3009997,2.0
3009998,3.0
3009999,1814.0
3010000,0.0
3010001,154.0
3010002,20.0
3010003,751.0
3010004,373.0
3010005,326.0
3010006,168.0
3010007,58.0
3010008,2726.1438
3010009,5.0
3010010,2.0
3010011,7.0
3010012,20.0
3010013,0.0
3010014,265.0
3010015,3.0
3010016,0.0
3010017,5.0
3010018,15.0
3010019,3.0
3010020,163.864
3010021,169.0
3010022,0.0
3010023,6.0
3010024,110.459
3010025,34.0
3010026,619.002
3010027,15.0
3010028,4.0
3010029,5.0
3010030,0.0
3010031,0.0
3010032,1739.0
3010033,0.0
3010034,153.0
3010035,0.0
3010036,682.0
3010037,258.0
3010038,136.0
3010039,403.0
3010040,19.0
3010041,2091.4937
3010042,8.0
3010043,0.0
3010044,15.0
3010045,18.0
3010046,0.0
3010047,165.0
3010048,0.0
3010049,0.0
3010050,1.0
3010051,12.0
3010052,2.0
3010053,43.415
3010054,103.0
3010055,3.0
3010056,2.0
3010057,53.479
3010058,51.0
3010059,470.227
3010060,0.0
3010061,0.0
3010062,14.0
3010063,1.0
3010064,3.0
3010065,2911.8108
3010066,0.0
3010067,309.0
3010068,0.0
3010069,1208.0
3010070,677.0
3010071,495.0
3010072,266.0
3010073,92.0
3010074,4432.5938
3010075,8.0
3010076,0.0
3010077,33.0
3010078,24.0
3010079,0.0
3010080,283.0
3010081,0.0
3010082,0.0
3010083,0.0
3010084,7.0
3010085,6.0
3010086,292.339
3010087,310.0
3010088,1.0
3010089,3.0
3010090,381.421
3010091,73.0
3010092,1177.229
3010093,35.0
3010094,5.0
3010095,2.0
3010096,0.0
3010097,2.0
3010098,1969.268
3010099,0.0
3010100,479.0
3010101,9.0
3010102,581.0
3010103,511.0
3010104,198.824
3010105,293.0
3010106,45.0
3010107,2706.1943
3010108,13.0
3010109,2.0
3010110,29.0
3010111,23.0
3010112,0.0
3010113,204.0
3010114,9.0
3010115,0.0
3010116,8.0
3010117,17.0
3010118,5.0
3010119,61.722
3010120,164.0
3010121,2.0
3010122,5.0
3010123,119.275
3010124,36.18
3010125,1520.275
3010126,79.0
3010127,8.9869995
3010128,3.0
3010129,0.0
3010130,3.0
3010131,2584.512
3010132,0.0
3010133,198.0
3010134,1.0
3010135,952.0
3010136,341.0
3010137,324.0
3010138,68.0
3010139,39.0
3010140,3240.3708
3010141,2.0
3010142,0.0
3010143,12.0
3010144,28.0
3010145,1.0
3010146,169.0
3010147,11.0
3010148,0.0
3010149,9.0
3010150,19.0
3010151,2.0
3010152,133.803
3010153,166.0
3010154,1.0
3010155,8.0
3010156,88.735
3010157,23.0
3010158,478.407
3010159,14.0
3010160,5.0
3010161,4.0
3010162,0.0
3010163,7.0
3010164,2584.766
3010165,0.0
3010166,597.0
3010167,7.0
3010168,730.0
3010169,738.0
3010170,188.586
3010171,155.0
3010172,108.0
3010173,3340.3572
3010174,28.0
3010175,1.0
3010176,19.0
3010177,31.0
3010178,0.0
3010179,221.0
3010180,18.0
3010181,10.0
3010182,4.0
3010183,58.0
3010184,13.0
3010185,433.778
3010186,206.0
3010187,9.0
3010188,7.0
3010189,461.51102
3010190,115.877
3010191,2141.377
3010192,0.0
3010193,34.644
3010194,8.0
3010195,1.0
3010196,4.0
3010197,3789.2656
3010198,0.0
3010199,482.0
3010200,9.0
3010201,1165.0
3010202,669.0
3010203,519.048
3010204,89.0
3010205,56.486
3010206,5820.708
3010207,16.0
3010208,0.0
3010209,16.0
3010210,14.0
3010211,0.0
3010212,341.0
3010213,2.0
3010214,8.0
3010215,15.0
3010216,20.0
3010217,5.0
3010218,295.451
3010219,326.0
3010220,4.0
3010221,6.0
3010222,315.54
3010223,56.982002
3010224,1051.358
3010225,55.0
3010226,4.642
3010227,13.0
3010228,0.0
3010229,6.0
3010230,3493.0
3010231,0.0
3010232,461.0
3010233,7.0
3010234,1102.0
3010235,646.0
3010236,303.351
3010237,528.0
3010238,69.0
3010239,4162.4575
3010240,10.0
3010241,0.0
3010242,49.0
3010243,46.0
3010244,0.0
3010245,309.0
3010246,7.0
3010247,2.0
3010248,13.0
3010249,28.0
3010250,3.0
3010251,107.639
3010252,314.0
3010253,0.0
3010254,6.0
3010255,147.382
3010256,176.078
3010257,1179.464
3010258,0.0
3010259,3.0
3010260,6.0
3010261,0.0
3010262,3.0
3010263,2107.0
3010264,0.0
3010265,117.0
3010266,9.0
3010267,697.0
3010268,313.0
3010269,144.0
3010270,57.0
3010271,37.0
3010272,2585.0
3010273,3.0
3010274,0.0
3010275,25.0
3010276,19.0
3010277,0.0
3010278,194.0
3010279,0.0
3010280,0.0
3010281,10.0
3010282,41.0
3010283,5.0
3010284,152.181
3010285,198.0
3010286,1.0
3010287,5.0
3010288,150.576
3010289,27.0
3010290,452.296
3010291,4.0
3010292,6.0
3010293,2.0
3010294,0.0
3010295,1.0
3010296,1310.0
3010297,0.0
3010298,280.509
3010299,4.0
3010300,460.0
3010301,436.0
3010302,132.072
3010303,36.0
3010304,64.0
3010305,1979.2928
3010306,20.0
3010307,1.0
3010308,10.0
3010309,19.0
3010310,0.0
3010311,142.0
3010312,19.0
3010313,2.0
3010314,0.0
3010315,38.0
3010316,5.0
3010317,355.257
3010318,147.0
3010319,5.0
3010320,5.0
3010321,349.023
3010322,16.744
3010323,1329.119
3010324,0.0
3010325,7.357
3010326,3.0
3010327,0.0
3010328,7.0
3010329,3206.94
3010330,0.0
3010331,707.966
3010332,7.0
3010333,910.0
3010334,1344.0
3010335,262.955
3010336,247.0
3010337,128.495
3010338,3724.595
3010339,40.0
3010340,2.0
3010341,10.0
3010342,22.0
3010343,0.0
3010344,256.0
3010345,10.0
3010346,40.0
3010347,21.0
3010348,54.0
3010349,19.0
3010350,356.361
3010351,252.0
3010352,16.0
3010353,7.0
3010354,540.376
3010355,122.109
3010356,3206.3198
3010357,0.0
3010358,28.54
3010359,0.0
3010360,0.0
3010361,5.0
3010362,1891.6825
3010363,0.0
3010364,417.564
3010365,5.0
3010366,359.0
3010367,590.0
3010368,164.142
3010369,138.0
3010370,94.766
3010371,1756.4617
3010372,24.0
3010373,2.0
3010374,38.0
3010375,14.0
3010376,0.0
3010377,90.0
3010378,0.0
3010379,13.0
3010380,2.0
3010381,206.0
3010382,16.0
3010383,156.883
3010384,97.0
3010385,5.0
3010386,8.0
3010387,194.46
3010388,34.349
3010389,1607.6901
3010390,0.0
3010391,9.0
3010392,3.0
3010393,0.0
3010394,0.0
3010395,553.0
3010396,0.0
3010397,211.0
3010398,6.0
3010399,206.0
3010400,203.0
3010401,82.487
3010402,22.0
3010403,33.805
3010404,1311.9756
3010405,6.0
3010406,0.0
3010407,3.0
3010408,4.0
3010409,0.0
3010410,46.0
3010411,0.0
3010412,5.0
3010413,0.0
3010414,6.0
3010415,0.0
3010416,226.395
3010417,64.0
3010418,3.0
3010419,2.0
3010420,136.362
3010421,19.0
3010422,343.082
3010423,1.0
3010424,1.0
3010425,9.0
3010426,0.0
3010427,1.0
3010428,3108.4956
3010429,0.0
3010430,662.259
3010431,15.0
3010432,877.0
3010433,1040.0
3010434,282.926
3010435,250.0
3010436,90.294
3010437,4043.2354
3010438,55.0
3010439,1.0
3010440,9.0
3010441,49.0
3010442,0.0
3010443,222.0
3010444,8.0
3010445,36.0
3010446,8.0
3010447,61.0
3010448,10.0
3010449,291.019
3010450,238.0
3010451,8.0
3010452,9.0
3010453,440.13
3010454,74.978
3010455,2737.6077
3010456,2.0
3010457,19.412
3010458,4.0
3010459,0.0
3010460,3.0
3010461,3335.2422
3010462,0.0
3010463,545.0
3010464,7.0
3010465,767.0
3010466,735.0
3010467,249.029
3010468,286.0
3010469,36.0
3010470,5154.6206
3010471,24.0
3010472,0.0
3010473,40.0
3010474,19.0
3010475,0.0
3010476,208.0
3010477,0.0
3010478,9.0
3010479,1.0
3010480,5.0
3010481,1.0
3010482,129.144
3010483,287.0
3010484,5.0
3010485,3.0
3010486,129.149
3010487,81.097
3010488,1246.04
3010489,2.0
3010490,3.0
3010491,2.0
3010492,1.0
3010493,2.0
3010494,2676.0
3010495,0.0
3010496,710.0
3010497,5.0
3010498,781.0
3010499,588.0
3010500,261.478
3010501,372.0
3010502,47.0
3010503,3872.2832
3010504,15.0
3010505,1.0
3010506,36.0
3010507,15.0
3010508,0.0
3010509,243.0
3010510,0.0
3010511,1.0
3010512,2.0
3010513,24.0
3010514,1.0
3010515,115.857
3010516,204.0
3010517,3.0
3010518,3.0
3010519,147.773
3010520,56.499
3010521,870.321
3010522,2.0
3010523,8.0
3010524,7.0
3010525,0.0
3010526,27.0
3010527,7530.2393
3010528,0.0
3010529,1163.481
3010530,20.0
3010531,1761.5764
3010532,1984.9387
3010533,375.21
3010534,466.0
3010535,317.63
3010536,7431.307
3010537,82.0
3010538,4.0
3010539,48.0
3010540,60.0
3010541,0.0
3010542,479.0
3010543,45.0
3010544,38.0
3010545,23.0
3010546,120.0
3010547,20.0
3010548,703.38403
3010549,521.0
3010550,11.0
3010551,27.0
3010552,1251.017
3010553,215.657
3010554,7412.9673
3010555,0.0
3010556,86.451996
3010557,2.0
3010558,0.0
3010559,0.0
3010560,1175.0
3010561,0.0
3010562,162.0
3010563,7.0
3010564,378.0
3010565,247.0
3010566,100.0
3010567,212.0
3010568,46.0
3010569,2003.9886
3010570,14.0
3010571,0.0
3010572,20.0
3010573,3.0
3010574,0.0
3010575,116.0
3010576,0.0
3010577,0.0
3010578,2.0
3010579,25.0
3010580,0.0
3010581,45.968
3010582,63.0
3010583,2.0
3010584,4.0
3010585,91.344
3010586,9.0
3010587,594.232
3010588,0.0
3010589,3.0
3010590,6.0
3010591,0.0
3010592,0.0
3010593,3291.6562
3010594,0.0
3010595,585.0
3010596,10.0
3010597,886.0
3010598,564.0
3010599,207.001
3010600,479.0
3010601,40.0
3010602,4164.3843
3010603,17.0
3010604,0.0
3010605,26.0
3010606,11.0
3010607,0.0
3010608,242.0
3010609,1.0
3010610,7.0
3010611,2.0
3010612,13.0
3010613,1.0
3010614,330.253
3010615,214.0
3010616,3.0
3010617,2.0
3010618,88.384
3010619,62.064
3010620,982.646
3010621,0.0
3010622,8.0
3010623,2.0
3010624,0.0
3010625,0.0
3010626,1009.0
3010627,0.0
3010628,94.0
3010629,1.0
3010630,475.0
3010631,160.0
3010632,81.0
3010633,640.0
3010634,23.511
3010635,1765.2656
3010636,3.0
3010637,0.0
3010638,6.0
3010639,7.0
3010640,0.0
3010641,92.0
3010642,0.0
3010643,0.0
3010644,2.0
3010645,3.0
3010646,1.0
3010647,72.821
3010648,67.0
3010649,0.0
3010650,2.0
3010651,35.465
3010652,13.0
3010653,154.622
3010654,0.0
3010655,2.0
3010656,5.0
3010657,0.0
3010658,2.0
3010659,2405.0
3010660,0.0
3010661,246.0
3010662,5.0
3010663,909.0
3010664,387.0
3010665,133.0
3010666,1010.0
3010667,37.0
3010668,2974.222
3010669,1.0
3010670,0.0
3010671,60.0
3010672,9.0
3010673,0.0
3010674,184.0
3010675,0.0
3010676,0.0
3010677,16.0
3010678,9.0
3010679,1.0
3010680,212.23
3010681,204.0
3010682,2.0
3010683,4.0
3010684,181.824
3010685,27.0
3010686,1115.901
3010687,0.0
3010688,0.0
3010689,4.0
3010690,0.0
3010691,2.0
3010692,2455.3477
3010693,0.0
3010694,772.0
3010695,15.0
3010696,1065.0
3010697,726.0
3010698,199.337
3010699,266.0
3010700,65.0
3010701,3880.587
3010702,6.0
3010703,3.0
3010704,11.0
3010705,43.0
3010706,0.0
3010707,208.0
3010708,2.0
3010709,8.0
3010710,8.0
3010711,19.0
3010712,6.0
3010713,201.455
3010714,274.0
3010715,6.0
3010716,11.0
3010717,181.942
3010718,28.048
3010719,690.883
3010720,3.0
3010721,3.0
3010722,3.0
3010723,0.0
3010724,0.0
3010725,1294.0
3010726,0.0
3010727,131.0
3010728,1.0
3010729,398.0
3010730,153.0
3010731,80.0
3010732,213.0
3010733,23.0
3010734,2052.354
3010735,1.0
3010736,0.0
3010737,15.0
3010738,1.0
3010739,0.0
3010740,88.0
3010741,0.0
3010742,0.0
3010743,0.0
3010744,9.0
3010745,1.0
3010746,136.39
3010747,73.0
3010748,0.0
3010749,0.0
3010750,33.268
3010751,12.0
3010752,344.70898
3010753,0.0
3010754,2.0
3010755,7.0
3010756,0.0
3010757,1.0
3010758,3317.6396
3010759,0.0
3010760,496.0
3010761,19.0
3010762,682.0
3010763,464.0
3010764,145.344
3010765,160.0
3010766,147.661
3010767,3590.3389
3010768,2.0
3010769,1.0
3010770,8.0
3010771,10.0
3010772,0.0
3010773,175.0
3010774,0.0
3010775,17.0
3010776,0.0
3010777,31.0
3010778,2.0
3010779,204.80501
3010780,177.0
3010781,6.0
3010782,0.0
3010783,116.646
3010784,38.0
3010785,1048.171
3010786,0.0
3010787,0.0
3010788,1.0
3010789,0.0
3010790,10.0
3010791,2315.2925
3010792,0.0
3010793,588.872
3010794,1.0
3010795,796.0
3010796,944.0
3010797,153.859
3010798,120.0
3010799,76.0
3010800,3172.667
3010801,38.0
3010802,1.0
3010803,43.0
3010804,25.0
3010805,0.0
3010806,196.0
3010807,23.0
3010808,9.0
3010809,2.0
3010810,70.0
3010811,12.0
3010812,170.14099
3010813,267.0
3010814,18.0
3010815,16.0
3010816,239.482
3010817,82.651
3010818,2245.0767
3010819,0.0
3010820,16.744999
3010821,2.0
3010822,0.0
3010823,8.0
3010824,1921.5369
3010825,0.0
3010826,464.677
3010827,19.0
3010828,800.0
3010829,806.0
3010830,167.557
3010831,93.0
3010832,121.0
3010833,3280.1665
3010834,25.0
3010835,0.0
3010836,44.0
3010837,25.0
3010838,0.0
3010839,289.0
3010840,25.0
3010841,8.0
3010842,4.0
3010843,51.0
3010844,10.0
3010845,177.292
3010846,362.0
3010847,10.0
3010848,6.0
3010849,171.09
3010850,75.378
3010851,2127.984
3010852,0.0
3010853,17.454
3010854,12.0
3010855,0.0
3010856,6.0
3010857,3637.153
3010858,0.0
3010859,728.0
3010860,3.0
3010861,1619.0
3010862,650.0
3010863,199.644
3010864,1540.0
3010865,57.0
3010866,5040.3833
3010867,37.0
3010868,0.0
3010869,32.0
3010870,12.0
3010871,0.0
3010872,343.0
3010873,5.0
3010874,11.0
3010875,2.0
3010876,47.0
3010877,10.0
3010878,168.458
3010879,335.0
3010880,6.0
3010881,2.0
3010882,191.08
3010883,50.879
3010884,1649.192
3010885,13.0
3010886,9.238
3010887,2.0
3010888,0.0
3010889,2.0
3010890,2145.6624
3010891,0.0
3010892,356.235
3010893,9.0
3010894,828.0
3010895,738.0
3010896,134.557
3010897,136.0
3010898,48.0
3010899,2862.8716
3010900,30.0
3010901,0.0
3010902,6.0
3010903,7.0
3010904,0.0
3010905,164.0
3010906,18.0
3010907,21.0
3010908,1.0
3010909,49.0
3010910,5.0
3010911,532.311
3010912,197.0
3010913,9.0
3010914,7.0
3010915,431.75
3010916,51.924
3010917,2049.2065
3010918,0.0
3010919,26.744
3010920,0.0
3010921,0.0
3010922,2.0
3010923,4562.8984
3010924,0.0
3010925,529.0
3010926,4.0
3010927,1626.0
3010928,730.0
3010929,262.0
3010930,262.0
3010931,49.0
3010932,5883.2065
3010933,8.0
3010934,5.0
3010935,22.0
3010936,29.0
3010937,0.0
3010938,366.0
3010939,0.0
3010940,1.0
3010941,10.0
3010942,13.0
3010943,4.0
3010944,140.987
3010945,325.0
3010946,3.0
3010947,9.0
3010948,167.93001
3010949,65.0
3010950,1112.523
3010951,0.0
3010952,11.0
3010953,5.0
3010954,0.0
3010955,11.0
3010956,2078.978
3010957,0.0
3010958,429.096
3010959,12.0
3010960,806.0
3010961,725.0
3010962,161.884
3010963,126.0
3010964,104.0
3010965,3519.961
3010966,17.0
3010967,2.0
3010968,24.0
3010969,26.0
3010970,0.0
3010971,185.0
3010972,10.0
3010973,2.0
3010974,10.0
3010975,27.0
3010976,11.0
3010977,189.196
3010978,220.0
3010979,16.0
3010980,9.0
3010981,203.552
3010982,62.846
3010983,1851.582
3010984,2.0
3010985,6.0
3010986,5.0
3010987,0.0
3010988,11.0
3010989,2317.0
3010990,0.0
3010991,494.327
3010992,10.0
3010993,695.0
3010994,794.0
3010995,146.691
3010996,139.0
3010997,99.0
3010998,3027.0
3010999,51.0
3011000,3.0
3011001,75.0
3011002,34.0
3011003,0.0
3011004,192.0
3011005,9.0
3011006,33.0
3011007,4.0
3011008,34.0
3011009,16.0
3011010,218.31801
3011011,210.0
3011012,10.0
3011013,6.0
3011014,221.677
3011015,32.651
3011016,2703.825
3011017,0.0
3011018,12.832
3011019,3.0
3011020,0.0
3011021,1.0
3011022,5427.586
3011023,0.0
3011024,595.0
3011025,7.0
3011026,1245.0
3011027,880.0
3011028,343.692
3011029,516.0
3011030,82.115
3011031,4860.576
3011032,16.0
3011033,0.0
3011034,21.0
3011035,35.0
3011036,0.0
3011037,281.0
3011038,0.0
3011039,3.0
3011040,2.0
3011041,71.0
3011042,3.0
3011043,207.491
3011044,277.0
3011045,5.0
3011046,1.0
3011047,223.058
3011048,127.135
3011049,1482.045
3011050,4.0
3011051,1.0
3011052,10.0
3011053,0.0
3011054,7.0
3011055,8049.017
3011056,0.0
3011057,1481.496
3011058,12.0
3011059,1936.6665
3011060,2123.146
3011061,455.757
3011062,586.0
3011063,286.778
3011064,8606.845
3011065,76.0
3011066,3.0
3011067,130.0
3011068,75.0
3011069,0.0
3011070,547.0
3011071,34.0
3011072,18.0
3011073,92.0
3011074,186.0
3011075,27.0
3011076,735.229
3011077,489.0
3011078,36.0
3011079,37.0
3011080,1028.516
3011081,297.046
3011082,8092.1504
3011083,326.0
3011084,81.965004
3011085,15.0
3011086,0.0
3011087,16.0
3011088,8017.0425
3011089,0.0
3011090,1115.085
3011091,13.0
3011092,2244.888
3011093,1975.058
3011094,662.163
3011095,384.0
3011096,277.447
3011097,9763.226
3011098,77.0
3011099,2.0
3011100,44.0
3011101,84.0
3011102,1.0
3011103,563.0
3011104,22.0
3011105,16.0
3011106,4.0
3011107,118.0
3011108,28.0
3011109,898.523
3011110,689.0
3011111,23.0
3011112,30.0
3011113,1263.297
3011114,248.162
3011115,5714.1357
3011116,575.0
3011117,79.414
3011118,9.0
3011119,0.0
3011120,28.0
3011121,5070.5054
3011122,0.0
3011123,810.0
3011124,22.0
3011125,1910.8145
3011126,1343.0
3011127,709.371
3011128,149.0
3011129,198.246
3011130,8633.613
3011131,35.0
3011132,5.0
3011133,32.0
3011134,22.0
3011135,1.0
3011136,534.0
3011137,30.0
3011138,13.0
3011139,7.0
3011140,88.0
3011141,19.0
3011142,1015.205
3011143,644.0
3011144,16.0
3011145,29.0
3011146,773.189
3011147,95.211
3011148,2562.0276
3011149,230.0
3011150,43.762
3011151,20.0
3011152,0.0
3011153,26.0
3011154,7544.2056
3011155,0.0
3011156,1018.968
3011157,24.0
3011158,1971.9889
3011159,1878.7329
3011160,583.603
3011161,367.0
3011162,186.0
3011163,8962.907
3011164,36.0
3011165,0.0
3011166,67.0
3011167,67.0
3011168,1.0
3011169,531.0
3011170,11.0
3011171,35.0
3011172,12.0
3011173,138.0
3011174,18.0
3011175,851.962
3011176,636.0
3011177,17.0
3011178,13.0
3011179,1105.994
3011180,247.694
3011181,5161.541
3011182,265.0
3011183,68.986
3011184,11.0
3011185,0.0
3011186,22.0
3011187,4070.9502
3011188,0.0
3011189,818.0
3011190,41.0
3011191,1830.4427
3011192,1072.0
3011193,547.021
3011194,116.0
3011195,173.313
3011196,7651.2466
3011197,41.0
3011198,0.0
3011199,14.0
3011200,26.0
3011201,0.0
3011202,409.0
3011203,8.0
3011204,5.0
3011205,1.0
3011206,71.0
3011207,6.0
3011208,749.178
3011209,657.0
3011210,18.0
3011211,21.0
3011212,904.546
3011213,91.669
3011214,1810.299
3011215,325.0
3011216,20.321
3011217,4.0
3011218,0.0
3011219,17.0
3011220,6289.1284
3011221,0.0
3011222,1144.527
3011223,31.0
3011224,1714.7273
3011225,2060.8022
3011226,385.858
3011227,467.0
3011228,286.0
3011229,7389.2627
3011230,97.0
3011231,1.0
3011232,81.0
3011233,54.0
3011234,0.0
3011235,440.0
3011236,10.0
3011237,41.0
3011238,9.0
3011239,145.0
3011240,23.0
3011241,814.506
3011242,502.0
3011243,27.0
3011244,30.0
3011245,1026.21
3011246,241.769
3011247,7282.083
3011248,304.0
3011249,79.832
3011250,6.0
3011251,0.0
3011252,6.0
3011253,1764.9789
3011254,0.0
3011255,393.15
3011256,28.0
3011257,676.0
3011258,580.0
3011259,205.163
3011260,85.0
3011261,81.15
3011262,2839.013
3011263,17.0
3011264,1.0
3011265,27.0
3011266,28.0
3011267,0.0
3011268,157.0
3011269,14.0
3011270,15.0
3011271,12.0
3011272,23.0
3011273,12.0
3011274,211.646
3011275,196.0
3011276,0.0
3011277,2.0
3011278,203.0
3011279,79.535
3011280,1453.2369
3011281,0.0
3011282,11.694
3011283,6.0
3011284,0.0
3011285,15.0
3011286,3925.281
3011287,0.0
3011288,547.679
3011289,26.0
3011290,1528.7788
3011291,1088.0
3011292,365.374
3011293,119.0
3011294,189.494
3011295,6151.942
3011296,62.0
3011297,1.0
3011298,111.0
3011299,38.0
3011300,0.0
3011301,333.0
3011302,8.0
3011303,12.0
3011304,1.0
3011305,112.0
3011306,18.0
3011307,502.453
3011308,526.0
3011309,18.0
3011310,18.0
3011311,426.174
3011312,75.712
3011313,2056.5518
3011314,316.0
3011315,12.242
3011316,8.0
3011317,0.0
3011318,3.0
3011319,4001.3938
3011320,0.0
3011321,847.47
3011322,11.0
3011323,1292.0104
3011324,1497.1743
3011325,223.416
3011326,321.0
3011327,164.0
3011328,4776.6626
3011329,55.0
3011330,0.0
3011331,8.0
3011332,105.0
3011333,0.0
3011334,227.0
3011335,0.0
3011336,41.0
3011337,2.0
3011338,60.0
3011339,14.0
3011340,528.053
3011341,234.0
3011342,21.0
3011343,7.0
3011344,681.347
3011345,124.739
3011346,4759.201
3011347,0.0
3011348,41.584
3011349,5.0
3011350,0.0
3011351,9.0
3011352,3920.0
3011353,0.0
3011354,795.737
3011355,9.0
3011356,1251.0
3011357,1062.0
3011358,274.628
3011359,221.0
3011360,290.547
3011361,5088.0
3011362,29.0
3011363,6.0
3011364,45.0
3011365,29.0
3011366,0.0
3011367,285.0
3011368,13.0
3011369,43.0
3011370,8.0
3011371,180.0
3011372,11.0
3011373,370.455
3011374,257.0
3011375,18.0
3011376,17.0
3011377,376.245
3011378,128.321
3011379,4090.845
3011380,1.0
3011381,6.5950003
3011382,2.0
3011383,0.0
3011384,1.0
3011385,1624.0
3011386,0.0
3011387,401.222
3011388,1.0
3011389,699.0
3011390,452.0
3011391,165.198
3011392,82.0
3011393,82.228
3011394,2877.138
3011395,10.0
3011396,2.0
3011397,21.0
3011398,11.0
3011399,0.0
3011400,182.0
3011401,11.0
3011402,10.0
3011403,6.0
3011404,37.0
3011405,3.0
3011406,195.48
3011407,210.0
3011408,7.0
3011409,6.0
3011410,134.377
3011411,50.028
3011412,1594.208
3011413,0.0
3011414,9.0
3011415,4.0
3011416,0.0
3011417,0.0
3011418,5403.0
3011419,0.0
3011420,231.0
3011421,1.0
3011422,996.0
3011423,306.0
3011424,207.0
3011425,113.0
3011426,25.0
3011427,3295.7712
3011428,20.0
3011429,2.0
3011430,47.0
3011431,15.0
3011432,0.0
3011433,175.0
3011434,0.0
3011435,0.0
3011436,2.0
3011437,7.0
3011438,1.0
3011439,64.224
3011440,200.0
3011441,0.0
3011442,1.0
3011443,56.155
3011444,147.0
3011445,585.615
3011446,0.0
3011447,0.0
3011448,10.0
3011449,0.0
3011450,7.0
3011451,3018.0706
3011452,0.0
3011453,504.859
3011454,7.0
3011455,1014.0
3011456,907.0
3011457,321.352
3011458,178.0
3011459,118.125
3011460,4435.968
3011461,38.0
3011462,0.0
3011463,28.0
3011464,29.0
3011465,0.0
3011466,248.0
3011467,14.0
3011468,11.0
3011469,8.0
3011470,51.0
3011471,11.0
3011472,360.109
3011473,308.0
3011474,7.0
3011475,13.0
3011476,523.63403
3011477,96.745
3011478,2467.0955
3011479,0.0
3011480,37.879
3011481,3.0
3011482,0.0
3011483,9.0
3011484,3611.4429
3011485,0.0
3011486,719.231
3011487,22.0
3011488,1055.0
3011489,1398.0
3011490,216.397
3011491,331.0
3011492,186.0
3011493,3526.6748
3011494,58.0
3011495,3.0
3011496,38.0
3011497,197.0
3011498,0.0
3011499,230.0
3011500,25.0
3011501,39.0
3011502,2.0
3011503,97.0
3011504,24.0
3011505,515.925
3011506,268.0
3011507,11.0
3011508,14.0
3011509,745.509
3011510,127.118
3011511,4875.7056
3011512,1.0
3011513,47.977
3011514,6.0
3011515,3.0
3011516,7.0
3011517,3931.7148
3011518,0.0
3011519,815.009
3011520,20.0
3011521,1126.0
3011522,1411.0
3011523,264.137
3011524,309.0
3011525,158.578
3011526,4369.306
3011527,49.0
3011528,7.0
3011529,21.0
3011530,40.0
3011531,0.0
3011532,323.0
3011533,24.0
3011534,32.0
3011535,22.0
3011536,79.0
3011537,12.0
3011538,428.8
3011539,449.0
3011540,13.0
3011541,27.0
3011542,611.781
3011543,153.151
3011544,4112.7515
3011545,1.0
3011546,33.253
3011547,8.0
3011548,0.0
3011549,4.0
3011550,3387.755
3011551,0.0
3011552,447.0
3011553,12.0
3011554,1507.3663
3011555,746.0
3011556,493.971
3011557,277.0
3011558,70.0
3011559,5999.583
3011560,6.0
3011561,1.0
3011562,41.0
3011563,43.0
3011564,0.0
3011565,355.0
3011566,6.0
3011567,8.0
3011568,4.0
3011569,51.0
3011570,12.0
3011571,330.975
3011572,445.0
3011573,2.0
3011574,14.0
3011575,283.429
3011576,114.12
3011577,1348.425
3011578,182.0
3011579,17.0
3011580,4.0
3011581,0.0
3011582,4.0
3011583,2094.0923
3011584,0.0
3011585,329.54102
3011586,21.0
3011587,703.0
3011588,602.0
3011589,116.402
3011590,131.0
3011591,89.0
3011592,2393.1301
3011593,13.0
3011594,3.0
3011595,30.0
3011596,33.0
3011597,0.0
3011598,156.0
3011599,9.0
3011600,17.0
3011601,4.0
3011602,94.0
3011603,3.0
3011604,274.176
3011605,173.0
3011606,3.0
3011607,21.0
3011608,234.892
3011609,42.822998
3011610,2132.1714
3011611,0.0
3011612,22.487
3011613,4.0
3011614,0.0
3011615,4.0
3011616,1608.0
3011617,0.0
3011618,112.0
3011619,2.0
3011620,731.0
3011621,328.0
3011622,175.0
3011623,40.0
3011624,49.0
3011625,2552.376
3011626,5.0
3011627,1.0
3011628,5.0
3011629,12.0
3011630,0.0
3011631,193.0
3011632,13.0
3011633,0.0
3011634,1.0
3011635,14.0
3011636,1.0
3011637,235.604
3011638,176.0
3011639,2.0
3011640,2.0
3011641,102.077
3011642,26.0
3011643,256.911
3011644,18.0
3011645,11.0
3011646,6.0
3011647,0.0
3011648,7.0
3011649,4023.529
3011650,0.0
3011651,2080.0
3011652,8.0
3011653,1706.6047
3011654,611.0
3011655,489.812
3011656,438.0
3011657,65.0
3011658,6555.7725
3011659,14.0
3011660,1.0
3011661,23.0
3011662,14.0
3011663,0.0
3011664,466.0
3011665,16.0
3011666,5.0
3011667,11.0
3011668,12.0
3011669,4.0
3011670,829.919
3011671,401.0
3011672,0.0
3011673,20.0
3011674,526.459
3011675,111.556
3011676,2309.767
3011677,25.0
3011678,3.0
3011679,2.0
3011680,0.0
3011681,2.0
3011682,1625.0
3011683,0.0
3011684,176.0
3011685,10.0
3011686,850.0
3011687,373.0
3011688,145.0
3011689,15.0
3011690,23.0
3011691,2507.565
3011692,8.0
3011693,0.0
3011694,12.0
3011695,29.0
3011696,0.0
3011697,143.0
3011698,8.0
3011699,0.0
3011700,0.0
3011701,22.0
3011702,4.0
3011703,189.658
3011704,199.0
3011705,2.0
3011706,6.0
3011707,162.205
3011708,61.0
3011709,393.182
3011710,11.0
3011711,1.0
3011712,4.0
3011713,0.0
3011714,4.0
3011715,1290.0
3011716,0.0
3011717,148.0
3011718,3.0
3011719,663.0
3011720,272.0
3011721,149.0
3011722,60.0
3011723,29.0
3011724,2454.2046
3011725,1.0
3011726,0.0
3011727,12.0
3011728,9.0
3011729,0.0
3011730,122.0
3011731,1.0
3011732,0.0
3011733,2.0
3011734,7.0
3011735,1.0
3011736,187.51201
3011737,177.0
3011738,0.0
3011739,5.0
3011740,74.084
3011741,21.0
3011742,303.455
3011743,7.0
3011744,1.0
3011745,6.0
3011746,0.0
3011747,2.0
3011748,2400.0
3011749,0.0
3011750,227.0
3011751,3.0
3011752,821.0
3011753,436.0
3011754,256.0
3011755,35.0
3011756,34.0
3011757,2906.011
3011758,2.0
3011759,0.0
3011760,2.0
3011761,19.0
3011762,0.0
3011763,166.0
3011764,0.0
3011765,0.0
3011766,7.0
3011767,19.0
3011768,5.0
3011769,116.747
3011770,264.0
3011771,1.0
3011772,13.0
3011773,50.337
3011774,107.0
3011775,551.648
3011776,4.0
3011777,6.0
3011778,3.0
3011779,1.0
3011780,6.0
3011781,1825.0
3011782,0.0
3011783,187.0
3011784,2.0
3011785,694.0
3011786,358.0
3011787,255.0
3011788,90.0
3011789,54.0
3011790,2601.8225
3011791,7.0
3011792,1.0
3011793,15.0
3011794,13.0
3011795,0.0
3011796,185.0
3011797,7.0
3011798,0.0
3011799,8.0
3011800,15.0
3011801,1.0
3011802,180.437
3011803,161.0
3011804,1.0
3011805,5.0
3011806,128.693
3011807,61.0
3011808,1047.301
3011809,3.0
3011810,4.0
3011811,5.0
3011812,0.0
3011813,0.0
3011814,1702.0
3011815,0.0
3011816,205.0
3011817,3.0
3011818,1206.0
3011819,268.0
3011820,195.0
3011821,102.0
3011822,28.0
3011823,1935.5529
3011824,4.0
3011825,0.0
3011826,12.0
3011827,16.0
3011828,0.0
3011829,133.0
3011830,0.0
3011831,0.0
3011832,6.0
3011833,9.0
3011834,1.0
3011835,77.791
3011836,119.0
3011837,0.0
3011838,2.0
3011839,64.859
3011840,41.0
3011841,913.778
3011842,0.0
3011843,2.0
3011844,9.0
3011845,0.0
3011846,2.0
3011847,2796.9153
3011848,0.0
3011849,333.0
3011850,6.0
3011851,1175.0
3011852,707.0
3011853,420.0
3011854,213.0
3011855,140.0
3011856,4204.5376
3011857,10.0
3011858,3.0
3011859,17.0
3011860,22.0
3011861,0.0
3011862,266.0
3011863,0.0
3011864,0.0
3011865,3.0
3011866,15.0
3011867,5.0
3011868,285.509
3011869,262.0
3011870,2.0
3011871,6.0
3011872,314.182
3011873,61.0
3011874,2300.077
3011875,57.0
3011876,15.0
3011877,1.0
3011878,4.0
3011879,7.0
3011880,2010.8938
3011881,0.0
3011882,606.0
3011883,13.0
3011884,606.0
3011885,569.0
3011886,197.847
3011887,149.0
3011888,45.0
3011889,2710.3237
3011890,8.0
3011891,1.0
3011892,11.0
3011893,28.0
3011894,0.0
3011895,161.0
3011896,4.0
3011897,0.0
3011898,3.0
3011899,52.0
3011900,2.0
3011901,84.173004
3011902,157.0
3011903,1.0
3011904,9.0
3011905,145.543
3011906,71.548996
3011907,3164.252
3011908,30.0
3011909,21.364
3011910,8.0
3011911,1.0
3011912,5.0
3011913,2421.2656
3011914,0.0
3011915,197.0
3011916,10.0
3011917,952.0
3011918,339.0
3011919,358.0
3011920,57.0
3011921,33.0
3011922,3141.169
3011923,6.0
3011924,2.0
3011925,11.0
3011926,9.0
3011927,0.0
3011928,201.0
3011929,7.0
3011930,0.0
3011931,9.0
3011932,12.0
3011933,10.0
3011934,160.44
3011935,178.0
3011936,2.0
3011937,4.0
3011938,72.127
3011939,31.0
3011940,554.62
3011941,14.0
3011942,12.0
3011943,2.0
3011944,0.0
3011945,9.0
3011946,2272.2903
3011947,0.0
3011948,607.0
3011949,8.0
3011950,659.0
3011951,703.0
3011952,232.882
3011953,154.0
3011954,79.0
3011955,3193.8608
3011956,21.0
3011957,1.0
3011958,19.0
3011959,26.0
3011960,0.0
3011961,187.0
3011962,15.0
3011963,21.0
3011964,3.0
3011965,65.0
3011966,15.0
3011967,357.513
3011968,202.0
3011969,3.0
3011970,6.0
3011971,365.424
3011972,90.849
3011973,1893.4417
3011974,0.0
3011975,32.718002
3011976,11.0
3011977,0.0
3011978,4.0
3011979,3621.1206
3011980,0.0
3011981,437.0
3011982,4.0
3011983,1146.0
3011984,632.0
3011985,658.019
3011986,47.0
3011987,63.0
3011988,4770.32
3011989,9.0
3011990,0.0
3011991,15.0
3011992,16.0
3011993,0.0
3011994,282.0
3011995,0.0
3011996,4.0
3011997,5.0
3011998,28.0
3011999,2.0
3012000,329.746
3012001,349.0
3012002,0.0
3012003,8.0
3012004,273.341
3012005,66.982
3012006,1343.671
3012007,92.0
3012008,5.0
3012009,12.0
3012010,0.0
3012011,2.0
3012012,3860.0
3012013,0.0
3012014,483.0
3012015,9.0
3012016,1064.0
3012017,574.0
3012018,311.309
3012019,321.0
3012020,83.736
3012021,3980.0496
3012022,13.0
3012023,0.0
3012024,50.0
3012025,21.0
3012026,0.0
3012027,285.0
3012028,5.0
3012029,3.0
3012030,7.0
3012031,96.0
3012032,5.0
3012033,112.286
3012034,236.0
3012035,3.0
3012036,8.0
3012037,138.924
3012038,135.858
3012039,2310.433
3012040,0.0
3012041,3.0
3012042,1.0
3012043,0.0
3012044,6.0
3012045,2193.0
3012046,0.0
3012047,122.0
3012048,1.0
3012049,581.0
3012050,289.0
3012051,121.0
3012052,95.0
3012053,55.0
3012054,2128.0
3012055,5.0
3012056,1.0
3012057,41.0
3012058,19.0
3012059,0.0
3012060,155.0
3012061,1.0
3012062,0.0
3012063,4.0
3012064,32.0
3012065,4.0
3012066,141.749
3012067,112.0
3012068,0.0
3012069,4.0
3012070,131.07399
3012071,31.0
3012072,634.965
3012073,8.0
3012074,1.0
3012075,1.0
3012076,0.0
3012077,3.0
3012078,1253.0
3012079,0.0
3012080,243.799
3012081,11.0
3012082,473.0
3012083,421.0
3012084,94.624
3012085,48.0
3012086,75.844
3012087,1922.0784
3012088,25.0
3012089,0.0
3012090,11.0
3012091,20.0
3012092,0.0
3012093,115.0
3012094,19.0
3012095,0.0
3012096,4.0
3012097,44.0
3012098,4.0
3012099,918.841
3012100,140.0
3012101,5.0
3012102,5.0
3012103,439.349
3012104,22.795
3012105,1156.31
3012106,0.0
3012107,2.0
3012108,1.0
3012109,0.0
3012110,2.0
3012111,3004.1611
3012112,0.0
3012113,720.1
3012114,15.0
3012115,1003.0
3012116,1197.0
3012117,284.71
3012118,218.0
3012119,138.52
3012120,3592.5723
3012121,32.0
3012122,2.0
3012123,19.0
3012124,39.0
3012125,0.0
3012126,239.0
3012127,2.0
3012128,21.0
3012129,10.0
3012130,62.0
3012131,16.0
3012132,397.13
3012133,257.0
3012134,22.0
3012135,8.0
3012136,513.652
3012137,103.035995
3012138,3176.2126
3012139,0.0
3012140,35.914
3012141,7.0
3012142,0.0
3012143,3.0
3012144,1541.1014
3012145,0.0
3012146,385.94
3012147,5.0
3012148,312.0
3012149,484.0
3012150,102.582
3012151,104.0
3012152,58.0
3012153,1518.6711
3012154,9.0
3012155,0.0
3012156,11.0
3012157,7.0
3012158,0.0
3012159,72.0
3012160,0.0
3012161,12.0
3012162,6.0
3012163,96.0
3012164,10.0
3012165,180.107
3012166,93.0
3012167,3.0
3012168,3.0
3012169,172.517
3012170,25.468
3012171,1269.174
3012172,1.0
3012173,4.0
3012174,3.0
3012175,0.0
3012176,0.0
3012177,762.0
3012178,0.0
3012179,215.0
3012180,4.0
3012181,284.0
3012182,263.0
3012183,92.42
3012184,36.0
3012185,25.0
3012186,1155.6467
3012187,3.0
3012188,0.0
3012189,12.0
3012190,6.0
3012191,0.0
3012192,79.0
3012193,0.0
3012194,0.0
3012195,0.0
3012196,9.0
3012197,0.0
3012198,165.26
3012199,118.0
3012200,2.0
3012201,0.0
3012202,118.622
3012203,18.0
3012204,377.595
3012205,0.0
3012206,2.0
3012207,5.0
3012208,1.0
3012209,3.0
3012210,2687.491
3012211,0.0
3012212,637.12
3012213,16.0
3012214,937.0
3012215,885.0
3012216,311.631
3012217,233.0
3012218,103.0
3012219,3418.6587
3012220,37.0
3012221,7.0
3012222,19.0
3012223,21.0
3012224,0.0
3012225,181.0
3012226,7.0
3012227,27.0
3012228,6.0
3012229,68.0
3012230,4.0
3012231,245.882
3012232,239.0
3012233,14.0
3012234,12.0
3012235,382.93
3012236,89.543
3012237,2204.518
3012238,0.0
3012239,19.214
3012240,6.0
3012241,0.0
3012242,5.0
3012243,3215.521
3012244,0.0
3012245,685.0
3012246,4.0
3012247,1193.0
3012248,1047.0
3012249,376.378
3012250,301.0
3012251,73.0
3012252,4254.1313
3012253,21.0
3012254,0.0
3012255,38.0
3012256,13.0
3012257,1.0
3012258,311.0
3012259,0.0
3012260,9.0
3012261,7.0
3012262,27.0
3012263,1.0
3012264,249.189
3012265,420.0
3012266,3.0
3012267,2.0
3012268,194.748
3012269,87.969
3012270,3322.75
3012271,1.0
3012272,12.0
3012273,5.0
3012274,0.0
3012275,5.0
3012276,3765.0
3012277,0.0
3012278,1180.0
3012279,13.0
3012280,1071.0
3012281,713.0
3012282,385.777
3012283,292.0
3012284,74.0
3012285,3823.7693
3012286,24.0
3012287,2.0
3012288,33.0
3012289,18.0
3012290,0.0
3012291,279.0
3012292,0.0
3012293,6.0
3012294,3.0
3012295,66.0
3012296,4.0
3012297,130.392
3012298,216.0
3012299,0.0
3012300,3.0
3012301,165.984
3012302,93.841
3012303,2541.333
3012304,0.0
3012305,4.0
3012306,12.0
3012307,0.0
3012308,13.0
3012309,6752.5576
3012310,0.0
3012311,1052.915
3012312,31.0
3012313,1642.0077
3012314,1749.7104
3012315,299.215
3012316,403.0
3012317,273.655
3012318,6719.311
3012319,64.0
3012320,2.0
3012321,49.0
3012322,35.0
3012323,0.0
3012324,423.0
3012325,33.0
3012326,43.0
3012327,28.0
3012328,184.0
3012329,37.0
3012330,662.149
3012331,455.0
3012332,12.0
3012333,30.0
3012334,1155.024
3012335,222.294
3012336,6297.6733
3012337,1.0
3012338,71.061
3012339,4.0
3012340,0.0
3012341,0.0
3012342,4052.0
3012343,0.0
3012344,180.0
3012345,5.0
3012346,914.0
3012347,308.0
3012348,166.0
3012349,88.0
3012350,43.0
3012351,2097.501
3012352,5.0
3012353,0.0
3012354,8.0
3012355,8.0
3012356,0.0
3012357,152.0
3012358,0.0
3012359,0.0
3012360,2.0
3012361,8.0
3012362,1.0
3012363,91.051
3012364,167.0
3012365,2.0
3012366,6.0
3012367,132.532
3012368,66.0
3012369,1263.186
3012370,0.0
3012371,5.0
3012372,7.0
3012373,0.0
3012374,0.0
3012375,3441.7727
3012376,0.0
3012377,700.0
3012378,9.0
3012379,994.0
3012380,624.0
3012381,209.515
3012382,366.0
3012383,98.611
3012384,4291.3784
3012385,11.0
3012386,2.0
3012387,16.0
3012388,15.0
3012389,0.0
3012390,268.0
3012391,0.0
3012392,6.0
3012393,13.0
3012394,21.0
3012395,0.0
3012396,332.096
3012397,224.0
3012398,3.0
3012399,4.0
3012400,101.463
3012401,66.924
3012402,2777.268
3012403,1.0
3012404,3.0
3012405,0.0
3012406,0.0
3012407,1.0
3012408,1246.0
3012409,0.0
3012410,127.0
3012411,1.0
3012412,789.0
3012413,169.0
3012414,112.0
3012415,175.0
3012416,18.0
3012417,2079.3003
3012418,2.0
3012419,0.0
3012420,6.0
3012421,5.0
3012422,0.0
3012423,82.0
3012424,0.0
3012425,0.0
3012426,1.0
3012427,6.0
3012428,0.0
3012429,95.489
3012430,90.0
3012431,1.0
3012432,2.0
3012433,54.942
3012434,16.0
3012435,490.481
3012436,0.0
3012437,2.0
3012438,10.0
3012439,0.0
3012440,3.0
3012441,2549.0
3012442,0.0
3012443,251.0
3012444,12.0
3012445,1196.0
3012446,488.0
3012447,245.0
3012448,163.0
3012449,40.0
3012450,2808.8684
3012451,2.0
3012452,0.0
3012453,20.0
3012454,19.0
3012455,0.0
3012456,210.0
3012457,0.0
3012458,0.0
3012459,12.0
3012460,25.0
3012461,2.0
3012462,291.54
3012463,226.0
3012464,4.0
3012465,3.0
3012466,217.068
3012467,43.0
3012468,2376.963
3012469,0.0
3012470,1.0
3012471,6.0
3012472,0.0
3012473,0.0
3012474,2110.6545
3012475,0.0
3012476,669.0
3012477,13.0
3012478,971.0
3012479,595.0
3012480,219.528
3012481,99.0
3012482,54.0
3012483,3779.4539
3012484,14.0
3012485,1.0
3012486,22.0
3012487,51.0
3012488,0.0
3012489,230.0
3012490,1.0
3012491,2.0
3012492,1.0
3012493,13.0
3012494,5.0
3012495,181.096
3012496,270.0
3012497,6.0
3012498,4.0
3012499,115.923996
3012500,35.999
3012501,910.804
3012502,3.0
3012503,3.0
3012504,5.0
3012505,0.0
3012506,1.0
3012507,1411.0
3012508,0.0
3012509,108.0
3012510,1.0
3012511,389.0
3012512,130.0
3012513,121.0
3012514,186.0
3012515,36.0
3012516,1860.2941
3012517,9.0
3012518,0.0
3012519,19.0
3012520,4.0
3012521,1.0
3012522,81.0
3012523,0.0
3012524,0.0
3012525,0.0
3012526,85.0
3012527,1.0
3012528,234.121
3012529,74.0
3012530,2.0
3012531,1.0
3012532,36.813
3012533,27.0
3012534,578.222
3012535,0.0
3012536,3.0
3012537,2.0
3012538,0.0
3012539,0.0
3012540,3357.9902
3012541,0.0
3012542,1096.0
3012543,5.0
3012544,826.0
3012545,700.0
3012546,212.582
3012547,195.0
3012548,31.0
3012549,3757.4866
3012550,10.0
3012551,0.0
3012552,32.0
3012553,9.0
3012554,0.0
3012555,232.0
3012556,0.0
3012557,22.0
3012558,4.0
3012559,51.0
3012560,4.0
3012561,250.613
3012562,217.0
3012563,7.0
3012564,4.0
3012565,191.675
3012566,68.316
3012567,2889.672
3012568,3.0
3012569,0.0
3012570,1.0
3012571,0.0
3012572,6.0
3012573,2305.5244
3012574,0.0
3012575,446.972
3012576,4.0
3012577,829.0
3012578,748.0
3012579,145.796
3012580,121.0
3012581,120.155
3012582,3277.033
3012583,51.0
3012584,1.0
3012585,24.0
3012586,24.0
3012587,0.0
3012588,214.0
3012589,24.0
3012590,25.0
3012591,1.0
3012592,71.0
3012593,17.0
3012594,240.529
3012595,300.0
3012596,9.0
3012597,17.0
3012598,243.605
3012599,72.354996
3012600,2095.1008
3012601,0.0
3012602,13.659
3012603,7.0
3012604,0.0
3012605,9.0
3012606,1710.7615
3012607,0.0
3012608,400.957
3012609,11.0
3012610,809.0
3012611,737.0
3012612,124.406
3012613,70.0
3012614,108.204
3012615,2948.411
3012616,11.0
3012617,0.0
3012618,31.0
3012619,22.0
3012620,0.0
3012621,270.0
3012622,36.0
3012623,11.0
3012624,10.0
3012625,51.0
3012626,10.0
3012627,133.633
3012628,287.0
3012629,11.0
3012630,13.0
3012631,99.694
3012632,72.589
3012633,1812.146
3012634,27.0
3012635,10.623
3012636,3.0
3012637,0.0
3012638,5.0
3012639,3326.9006
3012640,0.0
3012641,639.0
3012642,5.0
3012643,1256.0
3012644,618.0
3012645,204.459
3012646,391.0
3012647,61.79
3012648,4849.8413
3012649,36.0
3012650,1.0
3012651,39.0
3012652,16.0
3012653,0.0
3012654,359.0
3012655,6.0
3012656,15.0
3012657,8.0
3012658,74.0
3012659,9.0
3012660,178.75099
3012661,321.0
3012662,6.0
3012663,5.0
3012664,175.668
3012665,44.0
3012666,2748.888
3012667,6.0
3012668,14.92
3012669,7.0
3012670,0.0
3012671,5.0
3012672,1880.9778
3012673,0.0
3012674,278.259
3012675,6.0
3012676,687.0
3012677,568.0
3012678,178.76
3012679,115.0
3012680,58.838
3012681,2736.1892
3012682,22.0
3012683,2.0
3012684,27.0
3012685,9.0
3012686,0.0
3012687,179.0
3012688,14.0
3012689,14.0
3012690,3.0
3012691,59.0
3012692,8.0
3012693,295.524
3012694,214.0
3012695,5.0
3012696,5.0
3012697,372.486
3012698,44.085
3012699,1891.5045
3012700,0.0
3012701,20.37
3012702,5.0
3012703,0.0
3012704,1.0
3012705,4230.5776
3012706,0.0
3012707,475.0
3012708,5.0
3012709,3112.0
3012710,604.0
3012711,267.0
3012712,166.0
3012713,77.916
3012714,4963.3643
3012715,4.0
3012716,2.0
3012717,29.0
3012718,21.0
3012719,0.0
3012720,311.0
3012721,0.0
3012722,0.0
3012723,10.0
3012724,26.0
3012725,3.0
3012726,138.198
3012727,277.0
3012728,4.0
3012729,9.0
3012730,126.911
3012731,52.0
3012732,2184.91
3012733,0.0
3012734,4.0
3012735,8.0
3012736,0.0
3012737,7.0
3012738,1788.1929
3012739,0.0
3012740,417.936
3012741,5.0
3012742,749.0
3012743,562.0
3012744,170.607
3012745,122.0
3012746,69.0
3012747,3138.4924
3012748,30.0
3012749,2.0
3012750,31.0
3012751,17.0
3012752,0.0
3012753,197.0
3012754,22.0
3012755,6.0
3012756,4.0
3012757,42.0
3012758,14.0
3012759,172.31
3012760,240.0
3012761,19.0
3012762,3.0
3012763,165.2
3012764,54.958
3012765,1698.713
3012766,0.0
3012767,10.0
3012768,4.0
3012769,0.0
3012770,4.0
3012771,1827.0
3012772,0.0
3012773,376.342
3012774,10.0
3012775,642.0
3012776,709.0
3012777,172.829
3012778,90.0
3012779,68.0
3012780,2325.0
3012781,26.0
3012782,0.0
3012783,35.0
3012784,107.0
3012785,0.0
3012786,165.0
3012787,10.0
3012788,27.0
3012789,3.0
3012790,37.0
3012791,10.0
3012792,191.18199
3012793,192.0
3012794,14.0
3012795,11.0
3012796,220.959
3012797,57.013
3012798,1906.525
3012799,1.0
3012800,9.92
3012801,2.0
3012802,0.0
3012803,9.0
3012804,4747.859
3012805,0.0
3012806,583.0
3012807,14.0
3012808,1041.0
3012809,668.0
3012810,305.773
3012811,137.0
3012812,98.769
3012813,4541.9272
3012814,12.0
3012815,0.0
3012816,27.0
3012817,18.0
3012818,0.0
3012819,245.0
3012820,0.0
3012821,8.0
3012822,0.0
3012823,57.0
3012824,2.0
3012825,253.651
3012826,277.0
3012827,4.0
3012828,4.0
3012829,239.972
3012830,128.714
3012831,1743.106
3012832,2.0
3012833,0.0
3012834,15.0
3012835,0.0
3012836,9.0
3012837,7077.4355
3012838,0.0
3012839,1241.632
3012840,40.0
3012841,1876.786
3012842,1844.1702
3012843,468.755
3012844,506.0
3012845,307.0
3012846,7837.8564
3012847,84.0
3012848,2.0
3012849,136.0
3012850,103.0
3012851,0.0
3012852,529.0
3012853,24.0
3012854,22.0
3012855,61.0
3012856,206.0
3012857,20.0
3012858,669.362
3012859,447.0
3012860,26.0
3012861,34.0
3012862,909.194
3012863,329.522
3012864,7046.2627
3012865,345.0
3012866,80.24
3012867,11.0
3012868,0.0
3012869,15.0
3012870,6884.0103
3012871,0.0
3012872,970.325
3012873,21.0
3012874,1960.2438
3012875,1728.2043
3012876,655.843
3012877,311.0
3012878,202.047
3012879,8850.322
3012880,79.0
3012881,1.0
3012882,63.0
3012883,83.0
3012884,0.0
3012885,570.0
3012886,17.0
3012887,35.0
3012888,17.0
3012889,155.0
3012890,23.0
3012891,864.86
3012892,632.0
3012893,17.0
3012894,26.0
3012895,1132.536
3012896,188.238
3012897,4871.5654
3012898,418.0
3012899,81.885
3012900,19.0
3012901,0.0
3012902,23.0
3012903,4352.5977
3012904,0.0
3012905,745.0
3012906,10.0
3012907,1630.5789
3012908,1203.0
3012909,645.291
3012910,100.0
3012911,217.0
3012912,7016.395
3012913,47.0
3012914,3.0
3012915,64.0
3012916,22.0
3012917,0.0
3012918,519.0
3012919,27.0
3012920,25.0
3012921,8.0
3012922,84.0
3012923,18.0
3012924,972.00397
3012925,692.0
3012926,23.0
3012927,45.0
3012928,631.656
3012929,95.588
3012930,2093.0798
3012931,353.0
3012932,48.217
3012933,5.0
3012934,0.0
3012935,28.0
3012936,6628.333
3012937,0.0
3012938,1012.113
3012939,25.0
3012940,1821.6769
3012941,1693.6006
3012942,556.34
3012943,316.0
3012944,195.419
3012945,8219.033
3012946,32.0
3012947,0.0
3012948,130.0
3012949,58.0
3012950,0.0
3012951,538.0
3012952,8.0
3012953,34.0
3012954,75.0
3012955,162.0
3012956,18.0
3012957,767.419
3012958,681.0
3012959,18.0
3012960,24.0
3012961,960.4
3012962,277.028
3012963,4488.0317
3012964,351.0
3012965,65.72
3012966,6.0
3012967,0.0
3012968,18.0
3012969,3427.9792
3012970,0.0
3012971,679.0
3012972,10.0
3012973,1611.3433
3012974,971.0
3012975,470.311
3012976,81.0
3012977,122.0
3012978,6273.317
3012979,23.0
3012980,0.0
3012981,42.0
3012982,16.0
3012983,0.0
3012984,427.0
3012985,34.0
3012986,7.0
3012987,0.0
3012988,73.0
3012989,9.0
3012990,669.91
3012991,560.0
3012992,16.0
3012993,15.0
3012994,670.679
3012995,80.586
3012996,1438.812
3012997,197.0
3012998,19.752
3012999,11.0
3013000,0.0
3013001,26.0
3013002,5440.189
3013003,0.0
3013004,1019.124
3013005,23.0
3013006,1561.2666
3013007,1730.0101
3013008,376.486
3013009,418.0
3013010,274.0
3013011,6486.064
3013012,95.0
3013013,1.0
3013014,38.0
3013015,50.0
3013016,0.0
3013017,473.0
3013018,10.0
3013019,16.0
3013020,7.0
3013021,153.0
3013022,20.0
3013023,767.027
3013024,493.0
3013025,11.0
3013026,30.0
3013027,926.492
3013028,207.888
3013029,5975.617
3013030,192.0
3013031,56.842003
3013032,9.0
3013033,0.0
3013034,7.0
3013035,1466.1953
3013036,0.0
3013037,334.434
3013038,28.0
3013039,721.0
3013040,547.0
3013041,194.971
3013042,68.0
3013043,49.465
3013044,2460.2163
3013045,21.0
3013046,0.0
3013047,26.0
3013048,15.0
3013049,0.0
3013050,173.0
3013051,14.0
3013052,2.0
3013053,13.0
3013054,33.0
3013055,15.0
3013056,226.199
3013057,183.0
3013058,4.0
3013059,9.0
3013060,241.011
3013061,52.121
3013062,1357.823
3013063,0.0
3013064,9.669
3013065,11.0
3013066,0.0
3013067,16.0
3013068,3611.7656
3013069,0.0
3013070,466.13
3013071,45.0
3013072,1311.0875
3013073,1018.0
3013074,429.619
3013075,87.0
3013076,95.520004
3013077,5705.5835
3013078,68.0
3013079,4.0
3013080,34.0
3013081,19.0
3013082,0.0
3013083,303.0
3013084,2.0
3013085,5.0
3013086,3.0
3013087,85.0
3013088,13.0
3013089,425.802
3013090,396.0
3013091,9.0
3013092,22.0
3013093,356.51
3013094,73.852
3013095,1759.2242
3013096,219.0
3013097,15.314
3013098,11.0
3013099,0.0
3013100,2.0
3013101,3726.7957
3013102,0.0
3013103,704.801
3013104,16.0
3013105,1178.9064
3013106,1291.5237
3013107,217.886
3013108,353.0
3013109,208.04
3013110,4294.5815
3013111,96.0
3013112,3.0
3013113,32.0
3013114,24.0
3013115,0.0
3013116,277.0
3013117,6.0
3013118,52.0
3013119,6.0
3013120,78.0
3013121,13.0
3013122,567.849
3013123,234.0
3013124,15.0
3013125,25.0
3013126,686.941
3013127,91.976
3013128,4464.7153
3013129,0.0
3013130,52.876
3013131,2.0
3013132,0.0
3013133,4.0
3013134,3744.0
3013135,0.0
3013136,756.481
3013137,15.0
3013138,1412.0
3013139,1053.0
3013140,298.611
3013141,177.0
3013142,220.0
3013143,5141.0
3013144,30.0
3013145,1.0
3013146,61.0
3013147,54.0
3013148,0.0
3013149,302.0
3013150,7.0
3013151,54.0
3013152,6.0
3013153,171.0
3013154,19.0
3013155,435.828
3013156,278.0
3013157,9.0
3013158,20.0
3013159,397.34
3013160,104.418
3013161,3803.368
3013162,17.0
3013163,7.0
3013164,9.0
3013165,0.0
3013166,7.0
3013167,1646.0
3013168,0.0
3013169,380.199
3013170,4.0
3013171,706.0
3013172,431.0
3013173,186.868
3013174,74.0
3013175,74.0
3013176,2416.1377
3013177,16.0
3013178,1.0
3013179,16.0
3013180,18.0
3013181,0.0
3013182,156.0
3013183,15.0
3013184,13.0
3013185,7.0
3013186,29.0
3013187,5.0
3013188,185.798
3013189,153.0
3013190,5.0
3013191,5.0
3013192,148.015
3013193,37.82
3013194,1432.489
3013195,0.0
3013196,5.0
3013197,8.0
3013198,0.0
3013199,0.0
3013200,4332.0
3013201,0.0
3013202,304.0
3013203,4.0
3013204,1415.0
3013205,261.0
3013206,222.026
3013207,79.0
3013208,32.0
3013209,3200.056
3013210,13.0
3013211,0.0
3013212,24.0
3013213,19.0
3013214,0.0
3013215,202.0
3013216,0.0
3013217,0.0
3013218,4.0
3013219,210.0
3013220,2.0
3013221,57.842
3013222,169.0
3013223,0.0
3013224,2.0
3013225,59.619
3013226,94.0
3013227,915.371
3013228,0.0
3013229,3.0
3013230,7.0
3013231,0.0
3013232,6.0
3013233,2725.6401
3013234,0.0
3013235,499.485
3013236,8.0
3013237,1004.0
3013238,845.0
3013239,328.256
3013240,147.0
3013241,111.0
3013242,4125.972
3013243,41.0
3013244,1.0
3013245,24.0
3013246,37.0
3013247,0.0
3013248,258.0
3013249,17.0
3013250,18.0
3013251,6.0
3013252,56.0
3013253,6.0
3013254,417.345
3013255,316.0
3013256,11.0
3013257,15.0
3013258,434.57
3013259,102.341995
3013260,1999.1359
3013261,0.0
3013262,47.575
3013263,5.0
3013264,0.0
3013265,11.0
3013266,3466.0015
3013267,0.0
3013268,659.156
3013269,11.0
3013270,1139.0
3013271,1279.0
3013272,172.975
3013273,299.0
3013274,235.351
3013275,3488.243
3013276,33.0
3013277,1.0
3013278,42.0
3013279,44.0
3013280,1.0
3013281,228.0
3013282,21.0
3013283,43.0
3013284,10.0
3013285,125.0
3013286,24.0
3013287,500.31198
3013288,238.0
3013289,5.0
3013290,19.0
3013291,622.673
3013292,136.361
3013293,4515.0884
3013294,2.0
3013295,46.507
3013296,4.0
3013297,1.0
3013298,8.0
3013299,3609.0098
3013300,0.0
3013301,740.434
3013302,13.0
3013303,1198.0
3013304,1330.0
3013305,276.639
3013306,298.0
3013307,158.993
3013308,4005.1072
3013309,27.0
3013310,0.0
3013311,40.0
3013312,35.0
3013313,0.0
3013314,321.0
3013315,31.0
3013316,38.0
3013317,20.0
3013318,142.0
3013319,20.0
3013320,359.392
3013321,313.0
3013322,11.0
3013323,22.0
3013324,548.982
3013325,143.714
3013326,3737.0046
3013327,0.0
3013328,23.33
3013329,15.0
3013330,0.0
3013331,10.0
3013332,3213.1587
3013333,0.0
3013334,528.0
3013335,16.0
3013336,1307.8163
3013337,835.0
3013338,551.713
3013339,244.0
3013340,133.738
3013341,5643.5366
3013342,9.0
3013343,1.0
3013344,64.0
3013345,61.0
3013346,0.0
3013347,373.0
3013348,10.0
3013349,11.0
3013350,6.0
3013351,25.0
3013352,11.0
3013353,449.228
3013354,522.0
3013355,6.0
3013356,6.0
3013357,438.133
3013358,154.553
3013359,2419.729
3013360,121.0
3013361,16.0
3013362,7.0
3013363,0.0
3013364,4.0
3013365,2208.963
3013366,0.0
3013367,399.547
3013368,12.0
3013369,651.0
3013370,789.0
3013371,123.496
3013372,134.0
3013373,154.309
3013374,2469.877
3013375,20.0
3013376,3.0
3013377,29.0
3013378,16.0
3013379,0.0
3013380,161.0
3013381,31.0
3013382,20.0
3013383,0.0
3013384,99.0
3013385,2.0
3013386,373.666
3013387,288.0
3013388,7.0
3013389,12.0
3013390,289.324
3013391,51.189
3013392,3720.454
3013393,0.0
3013394,21.437
3013395,3.0
3013396,0.0
3013397,0.0
3013398,1188.0
3013399,0.0
3013400,65.0
3013401,2.0
3013402,695.0
3013403,462.0
3013404,274.0
3013405,72.0
3013406,29.0
3013407,2399.729
3013408,2.0
3013409,0.0
3013410,7.0
3013411,7.0
3013412,0.0
3013413,128.0
3013414,4.0
3013415,0.0
3013416,2.0
3013417,21.0
3013418,0.0
3013419,186.801
3013420,141.0
3013421,0.0
3013422,2.0
3013423,119.395996
3013424,19.0
3013425,168.519
3013426,0.0
3013427,1.0
3013428,2.0
3013429,0.0
3013430,1.0
3013431,3897.9934
3013432,0.0
3013433,472.0
3013434,15.0
3013435,1631.5526
3013436,626.0
3013437,473.384
3013438,177.0
3013439,78.0
3013440,6253.822
3013441,14.0
3013442,1.0
3013443,43.0
3013444,16.0
3013445,0.0
3013446,535.0
3013447,5.0
3013448,0.0
3013449,14.0
3013450,23.0
3013451,1.0
3013452,691.098
3013453,410.0
3013454,1.0
3013455,11.0
3013456,434.008
3013457,110.466
3013458,1082.373
3013459,40.0
3013460,13.0
3013461,3.0
3013462,0.0
3013463,1.0
3013464,1367.0
3013465,0.0
3013466,181.0
3013467,2.0
3013468,812.0
3013469,366.0
3013470,186.0
3013471,38.0
3013472,38.0
3013473,2523.0566
3013474,3.0
3013475,0.0
3013476,11.0
3013477,19.0
3013478,0.0
3013479,165.0
3013480,11.0
3013481,0.0
3013482,2.0
3013483,27.0
3013484,2.0
3013485,112.992004
3013486,181.0
3013487,0.0
3013488,4.0
3013489,136.282
3013490,32.0
3013491,295.779
3013492,20.0
3013493,2.0
3013494,6.0
3013495,0.0
3013496,4.0
3013497,1343.0
3013498,0.0
3013499,75.0
3013500,2.0
3013501,676.0
3013502,251.0
3013503,142.0
3013504,42.0
3013505,35.0
3013506,2352.0364
3013507,25.0
3013508,1.0
3013509,6.0
3013510,6.0
3013511,0.0
3013512,125.0
3013513,0.0
3013514,0.0
3013515,1.0
3013516,43.0
3013517,4.0
3013518,48.937
3013519,222.0
3013520,0.0
3013521,2.0
3013522,52.939
3013523,17.0
3013524,132.879
3013525,0.0
3013526,2.0
3013527,3.0
3013528,0.0
3013529,2.0
3013530,1377.0
3013531,0.0
3013532,146.0
3013533,4.0
3013534,823.0
3013535,445.0
3013536,280.0
3013537,14.0
3013538,25.0
3013539,2527.829
3013540,1.0
3013541,0.0
3013542,9.0
3013543,10.0
3013544,0.0
3013545,200.0
3013546,3.0
3013547,0.0
3013548,2.0
3013549,14.0
3013550,2.0
3013551,132.048
3013552,264.0
3013553,1.0
3013554,3.0
3013555,43.655
3013556,73.0
3013557,285.639
3013558,4.0
3013559,6.0
3013560,3.0
3013561,1.0
3013562,2.0
3013563,1469.0
3013564,0.0
3013565,145.0
3013566,7.0
3013567,750.0
3013568,359.0
3013569,175.0
3013570,103.0
3013571,54.0
3013572,2488.0513
3013573,10.0
3013574,1.0
3013575,13.0
3013576,25.0
3013577,0.0
3013578,209.0
3013579,5.0
3013580,0.0
3013581,1.0
3013582,22.0
3013583,1.0
3013584,108.08
3013585,198.0
3013586,0.0
3013587,4.0
3013588,78.226
3013589,44.0
3013590,506.084
3013591,8.0
3013592,9.0
3013593,2.0
3013594,0.0
3013595,0.0
3013596,1038.0
3013597,0.0
3013598,116.0
3013599,6.0
3013600,543.0
3013601,238.0
3013602,100.0
3013603,89.0
3013604,25.0
3013605,2050.5771
3013606,4.0
3013607,0.0
3013608,11.0
3013609,9.0
3013610,0.0
3013611,120.0
3013612,0.0
3013613,0.0
3013614,2.0
3013615,22.0
3013616,0.0
3013617,41.286
3013618,106.0
3013619,1.0
3013620,5.0
3013621,60.762
3013622,35.0
3013623,344.264
3013624,0.0
3013625,1.0
3013626,6.0
3013627,0.0
3013628,1.0
3013629,2293.4932
3013630,0.0
3013631,268.0
3013632,2.0
3013633,906.0
3013634,1177.0
3013635,421.0
3013636,133.0
3013637,72.0
3013638,3793.2578
3013639,12.0
3013640,0.0
3013641,22.0
3013642,21.0
3013643,0.0
3013644,203.0
3013645,0.0
3013646,0.0
3013647,3.0
3013648,22.0
3013649,6.0
3013650,220.233
3013651,188.0
3013652,5.0
3013653,13.0
3013654,260.253
3013655,61.0
3013656,1045.323
3013657,0.0
3013658,7.0
3013659,2.0
3013660,0.0
3013661,2.0
3013662,1727.964
3013663,0.0
3013664,468.0
3013665,6.0
3013666,451.0
3013667,568.0
3013668,183.979
3013669,138.0
3013670,37.0
3013671,2311.6924
3013672,11.0
3013673,1.0
3013674,15.0
3013675,13.0
3013676,0.0
3013677,136.0
3013678,9.0
3013679,2.0
3013680,5.0
3013681,63.0
3013682,3.0
3013683,79.506
3013684,129.0
3013685,3.0
3013686,3.0
3013687,134.292
3013688,51.901
3013689,1065.354
3013690,35.0
3013691,9.886
3013692,9.0
3013693,1.0
3013694,3.0
3013695,2281.4827
3013696,0.0
3013697,131.0
3013698,6.0
3013699,645.0
3013700,313.0
3013701,216.0
3013702,40.0
3013703,29.0
3013704,3015.0212
3013705,17.0
3013706,1.0
3013707,10.0
3013708,14.0
3013709,0.0
3013710,141.0
3013711,9.0
3013712,0.0
3013713,1.0
3013714,19.0
3013715,5.0
3013716,119.267
3013717,146.0
3013718,0.0
3013719,6.0
3013720,78.859
3013721,21.0
3013722,359.513
3013723,2.0
3013724,5.0
3013725,10.0
3013726,0.0
3013727,10.0
3013728,2420.783
3013729,0.0
3013730,598.0
3013731,10.0
3013732,691.0
3013733,726.0
3013734,198.167
3013735,147.0
3013736,99.0
3013737,3196.973
3013738,20.0
3013739,0.0
3013740,18.0
3013741,136.0
3013742,0.0
3013743,196.0
3013744,13.0
3013745,14.0
3013746,7.0
3013747,90.0
3013748,14.0
3013749,401.509
3013750,220.0
3013751,13.0
3013752,8.0
3013753,398.318
3013754,109.417
3013755,3079.1196
3013756,0.0
3013757,42.032
3013758,9.0
3013759,0.0
3013760,6.0
3013761,3212.5598
3013762,0.0
3013763,389.0
3013764,7.0
3013765,854.0
3013766,653.0
3013767,469.005
3013768,62.0
3013769,55.081
3013770,4283.3374
3013771,9.0
3013772,1.0
3013773,2.0
3013774,7.0
3013775,0.0
3013776,265.0
3013777,1.0
3013778,1.0
3013779,5.0
3013780,39.0
3013781,0.0
3013782,244.255
3013783,320.0
3013784,9.0
3013785,11.0
3013786,178.597
3013787,54.138
3013788,829.829
3013789,79.0
3013790,16.389
3013791,8.0
3013792,0.0
3013793,4.0
3013794,2447.0
3013795,0.0
3013796,350.0
3013797,4.0
3013798,873.0
3013799,690.0
3013800,216.625
3013801,284.0
3013802,90.0
3013803,3508.211
3013804,17.0
3013805,0.0
3013806,35.0
3013807,28.0
3013808,0.0
3013809,243.0
3013810,2.0
3013811,3.0
3013812,4.0
3013813,99.0
3013814,0.0
3013815,127.016
3013816,196.0
3013817,3.0
3013818,4.0
3013819,149.26201
3013820,139.95801
3013821,1093.844
3013822,0.0
3013823,6.0
3013824,3.0
3013825,0.0
3013826,3.0
3013827,1719.0
3013828,0.0
3013829,130.0
3013830,8.0
3013831,898.0
3013832,314.0
3013833,144.0
3013834,28.0
3013835,41.0
3013836,2733.0
3013837,11.0
3013838,1.0
3013839,24.0
3013840,33.0
3013841,0.0
3013842,163.0
3013843,0.0
3013844,0.0
3013845,1.0
3013846,42.0
3013847,1.0
3013848,113.887
3013849,172.0
3013850,1.0
3013851,10.0
3013852,193.754
3013853,34.0
3013854,401.399
3013855,0.0
3013856,1.0
3013857,1.0
3013858,0.0
3013859,4.0
3013860,1285.0
3013861,2.0
3013862,311.605
3013863,8.0
3013864,544.0
3013865,494.0
3013866,133.937
3013867,42.0
3013868,57.0
3013869,2045.3636
3013870,33.0
3013871,0.0
3013872,20.0
3013873,14.0
3013874,0.0
3013875,107.0
3013876,13.0
3013877,0.0
3013878,1.0
3013879,30.0
3013880,4.0
3013881,1152.162
3013882,150.0
3013883,7.0
3013884,6.0
3013885,365.858
3013886,33.915
3013887,1377.942
3013888,0.0
3013889,6.679
3013890,3.0
3013891,0.0
3013892,5.0
3013893,3196.494
3013894,0.0
3013895,710.141
3013896,11.0
3013897,1174.0
3013898,1187.0
3013899,248.752
3013900,229.0
3013901,185.23
3013902,3900.912
3013903,9.0
3013904,0.0
3013905,21.0
3013906,26.0
3013907,0.0
3013908,245.0
3013909,9.0
3013910,52.0
3013911,7.0
3013912,75.0
3013913,13.0
3013914,432.086
3013915,272.0
3013916,7.0
3013917,5.0
3013918,533.535
3013919,133.945
3013920,5777.292
3013921,0.0
3013922,20.207
3013923,1.0
3013924,0.0
3013925,4.0
3013926,1626.8032
3013927,0.0
3013928,449.919
3013929,7.0
3013930,450.0
3013931,623.0
3013932,149.992
3013933,124.0
3013934,96.649
3013935,1717.8965
3013936,21.0
3013937,0.0
3013938,23.0
3013939,17.0
3013940,0.0
3013941,98.0
3013942,0.0
3013943,44.0
3013944,3.0
3013945,127.0
3013946,3.0
3013947,232.689
3013948,110.0
3013949,10.0
3013950,1.0
3013951,219.155
3013952,51.363
3013953,3086.091
3013954,0.0
3013955,1.0
3013956,3.0
3013957,0.0
3013958,0.0
3013959,549.0
3013960,0.0
3013961,211.0
3013962,1.0
3013963,157.0
3013964,174.0
3013965,48.8
3013966,20.0
3013967,26.0
3013968,1141.0776
3013969,0.0
3013970,1.0
3013971,5.0
3013972,11.0
3013973,0.0
3013974,33.0
3013975,0.0
3013976,2.0
3013977,0.0
3013978,19.0
3013979,0.0
3013980,184.173
3013981,61.0
3013982,2.0
3013983,0.0
3013984,104.133995
3013985,23.0
3013986,919.624
3013987,0.0
3013988,2.0
3013989,5.0
3013990,4.0
3013991,4.0
3013992,2549.6519
3013993,0.0
3013994,520.175
3013995,3.0
3013996,707.0
3013997,766.0
3013998,248.512
3013999,228.0
3014000,104.814
3014001,3286.5503
3014002,27.0
3014003,1.0
3014004,12.0
3014005,15.0
3014006,0.0
3014007,167.0
3014008,7.0
3014009,22.0
3014010,13.0
3014011,150.0
3014012,2.0
3014013,240.62999
3014014,181.0
3014015,7.0
3014016,13.0
3014017,338.372
3014018,64.543
3014019,3901.0234
3014020,0.0
3014021,19.904
3014022,4.0
3014023,0.0
3014024,1.0
3014025,2667.9697
3014026,0.0
3014027,427.0
3014028,19.0
3014029,600.0
3014030,580.0
3014031,254.604
3014032,141.0
3014033,43.159
3014034,3874.6455
3014035,8.0
3014036,1.0
3014037,18.0
3014038,12.0
3014039,0.0
3014040,146.0
3014041,0.0
3014042,8.0
3014043,5.0
3014044,37.0
3014045,0.0
3014046,163.799
3014047,436.0
3014048,7.0
3014049,3.0
3014050,171.418
3014051,57.978
3014052,944.797
3014053,4.0
3014054,3.0
3014055,2.0
3014056,1.0
3014057,4.0
3014058,2680.0
3014059,0.0
3014060,455.0
3014061,14.0
3014062,660.0
3014063,627.0
3014064,215.949
3014065,113.0
3014066,56.0
3014067,3205.5708
3014068,14.0
3014069,1.0
3014070,6.0
3014071,8.0
3014072,0.0
3014073,158.0
3014074,0.0
3014075,14.0
3014076,14.0
3014077,67.0
3014078,0.0
3014079,109.348
3014080,139.0
3014081,1.0
3014082,1.0
3014083,136.87
3014084,62.816
3014085,791.476
3014086,1.0
3014087,4.0
3014088,6.0
3014089,0.0
3014090,13.0
3014091,7059.906
3014092,0.0
3014093,1169.541
3014094,24.0
3014095,1641.5631
3014096,1830.2863
3014097,299.094
3014098,423.0
3014099,244.759
3014100,7229.7134
3014101,97.0
3014102,3.0
3014103,84.0
3014104,39.0
3014105,0.0
3014106,394.0
3014107,34.0
3014108,72.0
3014109,12.0
3014110,156.0
3014111,24.0
3014112,610.756
3014113,478.0
3014114,14.0
3014115,21.0
3014116,943.184
3014117,255.534
3014118,10022.509
3014119,3.0
3014120,83.973
3014121,7.0
3014122,0.0
3014123,0.0
3014124,1699.0
3014125,0.0
3014126,163.0
3014127,12.0
3014128,397.0
3014129,304.0
3014130,106.0
3014131,101.0
3014132,40.55
3014133,1975.1261
3014134,0.0
3014135,0.0
3014136,13.0
3014137,10.0
3014138,0.0
3014139,119.0
3014140,0.0
3014141,0.0
3014142,1.0
3014143,33.0
3014144,1.0
3014145,48.245
3014146,62.0
3014147,1.0
3014148,5.0
3014149,96.109
3014150,20.0
3014151,438.134
3014152,0.0
3014153,6.0
3014154,15.0
3014155,0.0
3014156,0.0
3014157,2837.8757
3014158,0.0
3014159,415.0
3014160,10.0
3014161,764.0
3014162,651.0
3014163,185.141
3014164,237.0
3014165,103.3
3014166,4021.958
3014167,24.0
3014168,0.0
3014169,12.0
3014170,14.0
3014171,0.0
3014172,191.0
3014173,3.0
3014174,9.0
3014175,4.0
3014176,11.0
3014177,3.0
3014178,280.835
3014179,186.0
3014180,3.0
3014181,4.0
3014182,92.235
3014183,44.0
3014184,934.27
3014185,1.0
3014186,4.0
3014187,1.0
3014188,0.0
3014189,0.0
3014190,745.0
3014191,0.0
3014192,158.0
3014193,4.0
3014194,352.0
3014195,136.0
3014196,69.0
3014197,143.0
3014198,19.0
3014199,1825.3444
3014200,2.0
3014201,0.0
3014202,8.0
3014203,2.0
3014204,1.0
3014205,54.0
3014206,0.0
3014207,0.0
3014208,0.0
3014209,14.0
3014210,0.0
3014211,39.672
3014212,60.0
3014213,1.0
3014214,1.0
3014215,46.765
3014216,6.0
3014217,115.995
3014218,0.0
3014219,2.0
3014220,7.0
3014221,0.0
3014222,5.0
3014223,2448.0
3014224,0.0
3014225,166.0
3014226,13.0
3014227,725.0
3014228,564.0
3014229,168.0
3014230,95.0
3014231,57.909
3014232,2542.7341
3014233,3.0
3014234,0.0
3014235,19.0
3014236,17.0
3014237,0.0
3014238,184.0
3014239,0.0
3014240,0.0
3014241,15.0
3014242,94.0
3014243,1.0
3014244,268.209
3014245,132.0
3014246,2.0
3014247,5.0
3014248,205.608
3014249,25.0
3014250,921.191
3014251,0.0
3014252,0.0
3014253,3.0
3014254,0.0
3014255,3.0
3014256,1984.0536
3014257,0.0
3014258,620.0
3014259,9.0
3014260,907.0
3014261,701.0
3014262,199.123
3014263,112.0
3014264,72.0
3014265,3349.5598
3014266,5.0
3014267,3.0
3014268,24.0
3014269,28.0
3014270,0.0
3014271,157.0
3014272,4.0
3014273,2.0
3014274,6.0
3014275,31.0
3014276,1.0
3014277,173.526
3014278,196.0
3014279,0.0
3014280,4.0
3014281,155.513
3014282,15.0
3014283,624.635
3014284,3.0
3014285,6.0
3014286,1.0
3014287,0.0
3014288,1.0
3014289,1103.0
3014290,0.0
3014291,100.0
3014292,1.0
3014293,385.0
3014294,193.0
3014295,60.0
3014296,114.0
3014297,39.0
3014298,1848.2113
3014299,1.0
3014300,3.0
3014301,3.0
3014302,2.0
3014303,0.0
3014304,39.0
3014305,0.0
3014306,0.0
3014307,0.0
3014308,42.0
3014309,0.0
3014310,110.039
3014311,72.0
3014312,0.0
3014313,2.0
3014314,16.234001
3014315,17.0
3014316,261.509
3014317,0.0
3014318,0.0
3014319,9.0
3014320,0.0
3014321,2.0
3014322,3491.644
3014323,0.0
3014324,411.0
3014325,10.0
3014326,782.0
3014327,558.0
3014328,179.069
3014329,89.0
3014330,67.0
3014331,3525.1113
3014332,4.0
3014333,0.0
3014334,12.0
3014335,8.0
3014336,0.0
3014337,177.0
3014338,0.0
3014339,18.0
3014340,5.0
3014341,59.0
3014342,0.0
3014343,209.556
3014344,184.0
3014345,6.0
3014346,6.0
3014347,93.236
3014348,43.912
3014349,1076.124
3014350,2.0
3014351,1.0
3014352,6.0
3014353,0.0
3014354,14.0
3014355,2493.6768
3014356,0.0
3014357,532.06
3014358,3.0
3014359,878.0
3014360,841.0
3014361,133.677
3014362,120.0
3014363,128.0
3014364,3500.569
3014365,38.0
3014366,3.0
3014367,26.0
3014368,23.0
3014369,0.0
3014370,237.0
3014371,19.0
3014372,28.0
3014373,2.0
3014374,92.0
3014375,8.0
3014376,230.505
3014377,271.0
3014378,10.0
3014379,23.0
3014380,268.447
3014381,78.039
3014382,3488.1262
3014383,0.0
3014384,17.58
3014385,8.0
3014386,0.0
3014387,6.0
3014388,1871.209
3014389,0.0
3014390,476.575
3014391,12.0
3014392,834.0
3014393,825.0
3014394,125.288
3014395,75.0
3014396,163.66
3014397,3309.0737
3014398,44.0
3014399,3.0
3014400,67.0
3014401,35.0
3014402,0.0
3014403,284.0
3014404,20.0
3014405,15.0
3014406,12.0
3014407,77.0
3014408,13.0
3014409,144.493
3014410,309.0
3014411,10.0
3014412,11.0
3014413,135.43
3014414,65.03
3014415,3111.337
3014416,0.0
3014417,17.347
3014418,13.0
3014419,1.0
3014420,2.0
3014421,2982.2217
3014422,0.0
3014423,671.0
3014424,5.0
3014425,1024.0
3014426,611.0
3014427,174.727
3014428,201.0
3014429,85.0
3014430,4615.071
3014431,21.0
3014432,1.0
3014433,37.0
3014434,26.0
3014435,0.0
3014436,293.0
3014437,0.0
3014438,25.0
3014439,13.0
3014440,37.0
3014441,7.0
3014442,147.709
3014443,271.0
3014444,7.0
3014445,9.0
3014446,187.646
3014447,47.427002
3014448,1492.18
3014449,6.0
3014450,16.365
3014451,4.0
3014452,0.0
3014453,6.0
3014454,1985.5533
3014455,0.0
3014456,296.955
3014457,5.0
3014458,621.0
3014459,602.0
3014460,162.535
3014461,99.0
3014462,79.0
3014463,2701.9229
3014464,13.0
3014465,1.0
3014466,19.0
3014467,12.0
3014468,0.0
3014469,167.0
3014470,19.0
3014471,36.0
3014472,3.0
3014473,57.0
3014474,15.0
3014475,276.36
3014476,206.0
3014477,5.0
3014478,10.0
3014479,312.375
3014480,47.978
3014481,2991.868
3014482,0.0
3014483,17.544
3014484,2.0
3014485,0.0
3014486,1.0
3014487,4178.6025
3014488,0.0
3014489,440.0
3014490,28.0
3014491,1174.0
3014492,966.0
3014493,280.0
3014494,167.0
3014495,70.462
3014496,4817.5093
3014497,7.0
3014498,1.0
3014499,28.0
3014500,24.0
3014501,0.0
3014502,275.0
3014503,0.0
3014504,0.0
3014505,12.0
3014506,21.0
3014507,0.0
3014508,129.781
3014509,245.0
3014510,4.0
3014511,8.0
3014512,129.854
3014513,50.0
3014514,1012.359
3014515,0.0
3014516,12.0
3014517,5.0
3014518,0.0
3014519,12.0
3014520,1857.5801
3014521,0.0
3014522,485.38
3014523,6.0
3014524,794.0
3014525,696.0
3014526,164.419
3014527,103.0
3014528,119.905
3014529,3455.9487
3014530,34.0
3014531,3.0
3014532,19.0
3014533,24.0
3014534,0.0
3014535,222.0
3014536,10.0
3014537,20.0
3014538,9.0
3014539,32.0
3014540,9.0
3014541,172.695
3014542,243.0
3014543,19.0
3014544,8.0
3014545,165.673
3014546,100.919
3014547,2606.681
3014548,2.0
3014549,11.0
3014550,3.0
3014551,0.0
3014552,3.0
3014553,1943.0
3014554,0.0
3014555,422.16
3014556,4.0
3014557,585.0
3014558,688.0
3014559,118.814
3014560,97.0
3014561,109.0
3014562,2732.0
3014563,26.0
3014564,2.0
3014565,20.0
3014566,6.0
3014567,0.0
3014568,194.0
3014569,7.0
3014570,37.0
3014571,5.0
3014572,49.0
3014573,9.0
3014574,219.305
3014575,242.0
3014576,9.0
3014577,13.0
3014578,190.282
3014579,55.258
3014580,3107.149
3014581,1.0
3014582,10.891
3014583,4.0
3014584,0.0
3014585,4.0
3014586,4239.3096
3014587,0.0
3014588,500.0
3014589,11.0
3014590,1091.0
3014591,640.0
3014592,249.057
3014593,167.0
3014594,30.0
3014595,4021.2544
3014596,13.0
3014597,1.0
3014598,11.0
3014599,27.0
3014600,0.0
3014601,241.0
3014602,0.0
3014603,9.0
3014604,2.0
3014605,42.0
3014606,23.0
3014607,183.815
3014608,259.0
3014609,4.0
3014610,3.0
3014611,230.282
3014612,102.0
3014613,1217.357
3014614,1.0
3014615,0.0
3014616,14.0
3014617,0.0
3014618,14.0
3014619,7740.887
3014620,0.0
3014621,1325.756
3014622,40.0
3014623,1924.4669
3014624,2093.775
3014625,443.26498
3014626,511.0
3014627,345.822
3014628,8204.024
3014629,101.0
3014630,8.0
3014631,127.0
3014632,233.0
3014633,0.0
3014634,506.0
3014635,13.0
3014636,19.0
3014637,64.0
3014638,260.0
3014639,27.0
3014640,751.269
3014641,432.0
3014642,42.0
3014643,35.0
3014644,1117.861
3014645,289.667
3014646,11710.041
3014647,288.0
3014648,73.954
3014649,16.0
3014650,0.0
3014651,9.0
3014652,7132.7036
3014653,0.0
3014654,1154.667
3014655,28.0
3014656,1970.4576
3014657,1758.5497
3014658,529.525
3014659,323.0
3014660,295.424
3014661,9238.348
3014662,96.0
3014663,1.0
3014664,63.0
3014665,79.0
3014666,0.0
3014667,523.0
3014668,4.0
3014669,35.0
3014670,1.0
3014671,229.0
3014672,17.0
3014673,874.046
3014674,729.0
3014675,18.0
3014676,28.0
3014677,979.273
3014678,227.474
3014679,7792.145
3014680,522.0
3014681,79.776
3014682,5.0
3014683,0.0
3014684,16.0
3014685,4446.68
3014686,0.0
3014687,732.0
3014688,9.0
3014689,1656.4521
3014690,1158.0
3014691,605.886
3014692,106.0
3014693,227.0
3014694,7135.5767
3014695,19.0
3014696,1.0
3014697,29.0
3014698,25.0
3014699,1.0
3014700,452.0
3014701,12.0
3014702,22.0
3014703,3.0
3014704,100.0
3014705,7.0
3014706,959.615
3014707,587.0
3014708,16.0
3014709,40.0
3014710,617.435
3014711,144.72101
3014712,3079.362
3014713,271.0
3014714,36.43
3014715,3.0
3014716,0.0
3014717,23.0
3014718,6775.233
3014719,0.0
3014720,1054.31
3014721,16.0
3014722,1864.3557
3014723,1750.0323
3014724,465.065
3014725,290.0
3014726,219.274
3014727,8408.481
3014728,38.0
3014729,1.0
3014730,62.0
3014731,58.0
3014732,1.0
3014733,485.0
3014734,25.0
3014735,28.0
3014736,3.0
3014737,174.0
3014738,12.0
3014739,735.374
3014740,586.0
3014741,26.0
3014742,32.0
3014743,817.339
3014744,208.85
3014745,7067.1904
3014746,339.0
3014747,66.463
3014748,8.0
3014749,0.0
3014750,20.0
3014751,3484.0198
3014752,0.0
3014753,640.0
3014754,11.0
3014755,1497.6741
3014756,780.0
3014757,439.927
3014758,72.0
3014759,178.494
3014760,5948.3384
3014761,15.0
3014762,0.0
3014763,17.0
3014764,55.0
3014765,0.0
3014766,384.0
3014767,17.0
3014768,20.0
3014769,0.0
3014770,70.0
3014771,2.0
3014772,602.357
3014773,501.0
3014774,21.0
3014775,21.0
3014776,625.742
3014777,73.112
3014778,1985.897
3014779,516.0
3014780,18.722
3014781,8.0
3014782,0.0
3014783,7.0
3014784,5576.9854
3014785,0.0
3014786,1237.521
3014787,15.0
3014788,1569.0312
3014789,1834.21
3014790,361.739
3014791,419.0
3014792,294.136
3014793,6875.4204
3014794,56.0
3014795,0.0
3014796,56.0
3014797,36.0
3014798,2.0
3014799,360.0
3014800,10.0
3014801,58.0
3014802,10.0
3014803,175.0
3014804,20.0
3014805,616.141
3014806,428.0
3014807,7.0
3014808,21.0
3014809,819.36
3014810,213.571
3014811,9312.588
3014812,263.0
3014813,79.022
3014814,3.0
3014815,0.0
3014816,3.0
3014817,1581.7422
3014818,0.0
3014819,347.098
3014820,26.0
3014821,687.0
3014822,520.0
3014823,191.371
3014824,78.0
3014825,87.0
3014826,2635.296
3014827,17.0
3014828,4.0
3014829,30.0
3014830,14.0
3014831,0.0
3014832,165.0
3014833,5.0
3014834,6.0
3014835,14.0
3014836,67.0
3014837,5.0
3014838,200.516
3014839,212.0
3014840,6.0
3014841,10.0
3014842,215.72
3014843,53.745
3014844,1901.853
3014845,1.0
3014846,9.355
3014847,8.0
3014848,0.0
3014849,19.0
3014850,3684.7146
3014851,0.0
3014852,607.662
3014853,33.0
3014854,1320.0029
3014855,946.0
3014856,460.226
3014857,101.0
3014858,131.468
3014859,5627.534
3014860,52.0
3014861,3.0
3014862,56.0
3014863,15.0
3014864,0.0
3014865,319.0
3014866,14.0
3014867,15.0
3014868,1.0
3014869,101.0
3014870,11.0
3014871,518.742
3014872,478.0
3014873,6.0
3014874,26.0
3014875,365.353
3014876,99.714005
3014877,2396.2864
3014878,400.0
3014879,12.332
3014880,6.0
3014881,0.0
3014882,9.0
3014883,4227.3394
3014884,0.0
3014885,883.987
3014886,12.0
3014887,1316.5657
3014888,1539.0538
3014889,247.257
3014890,341.0
3014891,195.919
3014892,4938.4253
3014893,68.0
3014894,3.0
3014895,60.0
3014896,35.0
3014897,0.0
3014898,291.0
3014899,0.0
3014900,47.0
3014901,8.0
3014902,156.0
3014903,11.0
3014904,579.05
3014905,275.0
3014906,20.0
3014907,12.0
3014908,684.901
3014909,147.079
3014910,8199.616
3014911,1.0
3014912,51.152
3014913,11.0
3014914,0.0
3014915,9.0
3014916,4094.0
3014917,0.0
3014918,902.763
3014919,12.0
3014920,1566.0
3014921,1238.0
3014922,299.065
3014923,256.0
3014924,279.8
3014925,5783.0
3014926,31.0
3014927,9.0
3014928,35.0
3014929,48.0
3014930,0.0
3014931,281.0
3014932,5.0
3014933,38.0
3014934,19.0
3014935,212.0
3014936,11.0
3014937,429.973
3014938,332.0
3014939,10.0
3014940,48.0
3014941,433.775
3014942,180.823
3014943,7873.919
3014944,5.0
3014945,8.0
3014946,10.0
3014947,0.0
3014948,4.0
3014949,1995.0
3014950,0.0
3014951,452.344
3014952,6.0
3014953,864.0
3014954,411.0
3014955,233.178
3014956,104.0
3014957,99.0
3014958,2671.6345
3014959,14.0
3014960,4.0
3014961,35.0
3014962,24.0
3014963,0.0
3014964,155.0
3014965,5.0
3014966,5.0
3014967,2.0
3014968,48.0
3014969,5.0
3014970,291.998
3014971,193.0
3014972,5.0
3014973,12.0
3014974,179.684
3014975,121.771
3014976,2684.282
3014977,0.0
3014978,5.0
3014979,6.0
3014980,0.0
3014981,0.0
3014982,1918.0
3014983,0.0
3014984,197.0
3014985,2.0
3014986,733.0
3014987,307.0
3014988,182.0
3014989,47.0
3014990,14.0
3014991,3082.9695
3014992,5.0
3014993,5.0
3014994,7.0
3014995,7.0
3014996,0.0
3014997,172.0
3014998,0.0
3014999,0.0
3015000,2.0
3015001,20.0
3015002,2.0
3015003,46.564
3015004,141.0
3015005,0.0
3015006,3.0
3015007,51.015
3015008,91.0
3015009,595.185
3015010,0.0
3015011,4.0
3015012,6.0
3015013,0.0
3015014,10.0
3015015,2738.8345
3015016,0.0
3015017,515.895
3015018,13.0
3015019,1130.0
3015020,837.0
3015021,269.276
3015022,153.0
3015023,135.419
3015024,4239.5874
3015025,29.0
3015026,0.0
3015027,10.0
3015028,53.0
3015029,0.0
3015030,217.0
3015031,14.0
3015032,23.0
3015033,14.0
3015034,50.0
3015035,6.0
3015036,395.181
3015037,326.0
3015038,6.0
3015039,10.0
3015040,409.068
3015041,85.632996
3015042,3197.5989
3015043,0.0
3015044,30.630001
3015045,6.0
3015046,0.0
3015047,10.0
3015048,3706.1667
3015049,0.0
3015050,578.09
3015051,17.0
3015052,1069.0
3015053,1274.0
3015054,172.702
3015055,269.0
3015056,173.92
3015057,3779.2195
3015058,43.0
3015059,4.0
3015060,28.0
3015061,21.0
3015062,2.0
3015063,239.0
3015064,15.0
3015065,35.0
3015066,10.0
3015067,130.0
3015068,23.0
3015069,386.325
3015070,271.0
3015071,5.0
3015072,14.0
3015073,607.70703
3015074,120.619
3015075,6657.846
3015076,0.0
3015077,48.765
3015078,2.0
3015079,0.0
3015080,15.0
3015081,4171.4087
3015082,0.0
3015083,783.058
3015084,20.0
3015085,1140.0
3015086,1286.0
3015087,234.87
3015088,264.0
3015089,149.278
3015090,4304.03
3015091,30.0
3015092,1.0
3015093,60.0
3015094,80.0
3015095,0.0
3015096,272.0
3015097,23.0
3015098,48.0
3015099,6.0
3015100,126.0
3015101,21.0
3015102,402.044
3015103,260.0
3015104,19.0
3015105,20.0
3015106,481.08398
3015107,144.043
3015108,6215.72
3015109,1.0
3015110,35.36
3015111,13.0
3015112,2.0
3015113,10.0
3015114,2773.6677
3015115,0.0
3015116,423.0
3015117,20.0
3015118,1277.5446
3015119,687.0
3015120,451.742
3015121,123.0
3015122,114.14
3015123,5520.482
3015124,5.0
3015125,1.0
3015126,40.0
3015127,27.0
3015128,0.0
3015129,359.0
3015130,8.0
3015131,3.0
3015132,9.0
3015133,51.0
3015134,5.0
3015135,328.959
3015136,401.0
3015137,5.0
3015138,4.0
3015139,333.132
3015140,123.465
3015141,1310.448
3015142,83.0
3015143,17.602
3015144,9.0
3015145,0.0
3015146,10.0
3015147,2036.5305
3015148,0.0
3015149,417.021
3015150,17.0
3015151,696.0
3015152,736.0
3015153,139.761
3015154,114.0
3015155,167.70999
3015156,2297.3267
3015157,23.0
3015158,1.0
3015159,39.0
3015160,31.0
3015161,0.0
3015162,170.0
3015163,7.0
3015164,22.0
3015165,8.0
3015166,142.0
3015167,7.0
3015168,243.94301
3015169,183.0
3015170,5.0
3015171,11.0
3015172,268.744
3015173,97.532
3015174,2024.6727
3015175,0.0
3015176,39.369
3015177,0.0
3015178,0.0
3015179,0.0
3015180,1676.0
3015181,0.0
3015182,72.0
3015183,6.0
3015184,573.0
3015185,211.0
3015186,140.0
3015187,10.0
3015188,23.0
3015189,2269.546
3015190,7.0
3015191,0.0
3015192,20.0
3015193,2.0
3015194,0.0
3015195,137.0
3015196,5.0
3015197,0.0
3015198,2.0
3015199,7.0
3015200,0.0
3015201,211.658
3015202,147.0
3015203,1.0
3015204,2.0
3015205,120.494995
3015206,54.0
3015207,191.106
3015208,0.0
3015209,1.0
3015210,10.0
3015211,0.0
3015212,6.0
3015213,3841.9946
3015214,0.0
3015215,868.0
3015216,17.0
3015217,1560.0626
3015218,575.0
3015219,411.592
3015220,340.0
3015221,77.0
3015222,5765.908
3015223,41.0
3015224,1.0
3015225,16.0
3015226,24.0
3015227,0.0
3015228,404.0
3015229,2.0
3015230,0.0
3015231,8.0
3015232,68.0
3015233,2.0
3015234,655.65
3015235,351.0
3015236,1.0
3015237,9.0
3015238,246.44499
3015239,142.355
3015240,1467.928
3015241,36.0
3015242,8.0
3015243,10.0
3015244,0.0
3015245,2.0
3015246,1543.0
3015247,0.0
3015248,175.0
3015249,13.0
3015250,584.0
3015251,341.0
3015252,203.0
3015253,92.0
3015254,24.0
3015255,2395.66
3015256,8.0
3015257,0.0
3015258,13.0
3015259,19.0
3015260,0.0
3015261,127.0
3015262,7.0
3015263,0.0
3015264,8.0
3015265,48.0
3015266,1.0
3015267,184.114
3015268,112.0
3015269,1.0
3015270,9.0
3015271,162.061
3015272,45.0
3015273,326.918
3015274,8.0
3015275,0.0
3015276,2.0
3015277,0.0
3015278,3.0
3015279,1501.0
3015280,0.0
3015281,71.0
3015282,4.0
3015283,544.0
3015284,218.0
3015285,88.0
3015286,22.0
3015287,18.0
3015288,2218.4197
3015289,6.0
3015290,0.0
3015291,9.0
3015292,12.0
3015293,0.0
3015294,110.0
3015295,1.0
3015296,0.0
3015297,0.0
3015298,44.0
3015299,0.0
3015300,176.716
3015301,134.0
3015302,0.0
3015303,8.0
3015304,126.257
3015305,21.0
3015306,167.708
3015307,4.0
3015308,0.0
3015309,1.0
3015310,0.0
3015311,1.0
3015312,1188.0
3015313,0.0
3015314,149.0
3015315,9.0
3015316,666.0
3015317,332.0
3015318,207.0
3015319,81.0
3015320,33.0
3015321,2409.0872
3015322,3.0
3015323,0.0
3015324,16.0
3015325,20.0
3015326,0.0
3015327,156.0
3015328,0.0
3015329,0.0
3015330,4.0
3015331,7.0
3015332,2.0
3015333,398.36
3015334,191.0
3015335,0.0
3015336,7.0
3015337,123.056
3015338,99.0
3015339,327.063
3015340,12.0
3015341,4.0
3015342,5.0
3015343,2.0
3015344,4.0
3015345,1466.0
3015346,0.0
3015347,151.0
3015348,3.0
3015349,850.0
3015350,353.0
3015351,196.0
3015352,115.0
3015353,64.0
3015354,2509.7612
3015355,7.0
3015356,2.0
3015357,12.0
3015358,20.0
3015359,0.0
3015360,187.0
3015361,6.0
3015362,0.0
3015363,4.0
3015364,27.0
3015365,2.0
3015366,157.345
3015367,167.0
3015368,3.0
3015369,9.0
3015370,127.53
3015371,43.0
3015372,568.0
3015373,3.0
3015374,6.0
3015375,1.0
3015376,1.0
3015377,0.0
3015378,1399.0
3015379,0.0
3015380,88.0
3015381,10.0
3015382,508.0
3015383,192.0
3015384,136.0
3015385,108.0
3015386,28.0
3015387,1756.6545
3015388,9.0
3015389,0.0
3015390,3.0
3015391,11.0
3015392,0.0
3015393,126.0
3015394,0.0
3015395,0.0
3015396,4.0
3015397,19.0
3015398,1.0
3015399,47.499
3015400,124.0
3015401,1.0
3015402,3.0
3015403,51.864
3015404,31.0
3015405,341.752
3015406,0.0
3015407,0.0
3015408,5.0
3015409,0.0
3015410,7.0
3015411,2348.8162
3015412,0.0
3015413,255.0
3015414,0.0
3015415,730.0
3015416,458.0
3015417,364.0
3015418,165.0
3015419,42.0
3015420,3418.5803
3015421,23.0
3015422,1.0
3015423,21.0
3015424,23.0
3015425,0.0
3015426,204.0
3015427,0.0
3015428,0.0
3015429,6.0
3015430,45.0
3015431,4.0
3015432,293.82
3015433,170.0
3015434,4.0
3015435,10.0
3015436,293.557
3015437,61.0
3015438,907.016
3015439,3.0
3015440,9.0
3015441,2.0
3015442,0.0
3015443,7.0
3015444,1704.1027
3015445,0.0
3015446,470.0
3015447,5.0
3015448,385.0
3015449,414.0
3015450,116.461
3015451,131.0
3015452,43.0
3015453,2247.087
3015454,17.0
3015455,1.0
3015456,4.0
3015457,12.0
3015458,0.0
3015459,122.0
3015460,3.0
3015461,3.0
3015462,3.0
3015463,61.0
3015464,3.0
3015465,127.317
3015466,126.0
3015467,3.0
3015468,10.0
3015469,129.792
3015470,42.742
3015471,965.368
3015472,49.0
3015473,11.0
3015474,5.0
3015475,0.0
3015476,3.0
3015477,1966.6399
3015478,0.0
3015479,130.0
3015480,11.0
3015481,687.0
3015482,280.0
3015483,247.0
3015484,65.0
3015485,49.0
3015486,2710.4355
3015487,8.0
3015488,2.0
3015489,17.0
3015490,5.0
3015491,0.0
3015492,125.0
3015493,6.0
3015494,0.0
3015495,1.0
3015496,34.0
3015497,2.0
3015498,155.72299
3015499,144.0
3015500,0.0
3015501,6.0
3015502,207.206
3015503,25.0
3015504,495.999
3015505,8.0
3015506,7.0
3015507,9.0
3015508,0.0
3015509,9.0
3015510,2468.0627
3015511,0.0
3015512,501.0
3015513,16.0
3015514,575.0
3015515,597.0
3015516,136.807
3015517,139.0
3015518,73.0
3015519,2936.0496
3015520,42.0
3015521,4.0
3015522,20.0
3015523,22.0
3015524,0.0
3015525,193.0
3015526,11.0
3015527,17.0
3015528,2.0
3015529,118.0
3015530,14.0
3015531,894.182
3015532,144.0
3015533,10.0
3015534,7.0
3015535,358.922
3015536,73.426
3015537,1898.1919
3015538,0.0
3015539,22.127
3015540,8.0
3015541,0.0
3015542,3.0
3015543,3504.6858
3015544,0.0
3015545,369.0
3015546,4.0
3015547,1004.0
3015548,578.0
3015549,452.248
3015550,126.0
3015551,100.0
3015552,4386.4653
3015553,17.0
3015554,1.0
3015555,21.0
3015556,6.0
3015557,0.0
3015558,280.0
3015559,0.0
3015560,4.0
3015561,3.0
3015562,77.0
3015563,0.0
3015564,710.44403
3015565,304.0
3015566,3.0
3015567,4.0
3015568,190.978
3015569,56.304
3015570,692.266
3015571,60.0
3015572,14.43
3015573,3.0
3015574,0.0
3015575,1.0
3015576,2215.0
3015577,0.0
3015578,279.0
3015579,15.0
3015580,727.0
3015581,446.0
3015582,171.095
3015583,174.0
3015584,85.0
3015585,3118.3987
3015586,13.0
3015587,2.0
3015588,43.0
3015589,18.0
3015590,0.0
3015591,281.0
3015592,0.0
3015593,0.0
3015594,3.0
3015595,72.0
3015596,2.0
3015597,83.109
3015598,191.0
3015599,4.0
3015600,7.0
3015601,159.317
3015602,143.073
3015603,945.33
3015604,0.0
3015605,1.0
3015606,4.0
3015607,0.0
3015608,9.0
3015609,1984.0
3015610,0.0
3015611,107.0
3015612,5.0
3015613,613.0
3015614,299.0
3015615,141.0
3015616,27.0
3015617,48.0
3015618,3444.0
3015619,13.0
3015620,0.0
3015621,22.0
3015622,21.0
3015623,0.0
3015624,158.0
3015625,0.0
3015626,0.0
3015627,2.0
3015628,222.0
3015629,0.0
3015630,104.842
3015631,118.0
3015632,0.0
3015633,3.0
3015634,135.9
3015635,30.0
3015636,357.722
3015637,12.0
3015638,1.0
3015639,4.0
3015640,0.0
3015641,6.0
3015642,1350.0
3015643,0.0
3015644,287.421
3015645,9.0
3015646,479.0
3015647,483.0
3015648,111.059
3015649,55.0
3015650,72.0
3015651,1966.9181
3015652,47.0
3015653,0.0
3015654,8.0
3015655,3.0
3015656,0.0
3015657,137.0
3015658,8.0
3015659,7.0
3015660,1.0
3015661,55.0
3015662,4.0
3015663,932.507
3015664,124.0
3015665,4.0
3015666,8.0
3015667,251.106
3015668,31.948
3015669,1057.37
3015670,0.0
3015671,5.0
3015672,3.0
3015673,0.0
3015674,2.0
3015675,2832.2637
3015676,0.0
3015677,688.038
3015678,20.0
3015679,957.0
3015680,1016.0
3015681,206.479
3015682,190.0
3015683,132.79
3015684,3280.1035
3015685,62.0
3015686,0.0
3015687,17.0
3015688,27.0
3015689,0.0
3015690,223.0
3015691,13.0
3015692,42.0
3015693,6.0
3015694,101.0
3015695,9.0
3015696,340.118
3015697,193.0
3015698,23.0
3015699,14.0
3015700,418.697
3015701,94.067
3015702,2852.76
3015703,0.0
3015704,14.918
3015705,2.0
3015706,0.0
3015707,3.0
3015708,1799.3082
3015709,0.0
3015710,551.577
3015711,7.0
3015712,570.0
3015713,672.0
3015714,180.459
3015715,189.0
3015716,140.0
3015717,1797.2289
3015718,21.0
3015719,1.0
3015720,22.0
3015721,22.0
3015722,0.0
3015723,121.0
3015724,0.0
3015725,31.0
3015726,3.0
3015727,422.0
3015728,16.0
3015729,234.157
3015730,119.0
3015731,5.0
3015732,7.0
3015733,249.468
3015734,47.055
3015735,1864.718
3015736,0.0
3015737,4.0
3015738,2.0
3015739,0.0
3015740,1.0
3015741,601.0
3015742,0.0
3015743,131.0
3015744,1.0
3015745,240.0
3015746,160.0
3015747,39.784
3015748,20.0
3015749,12.0
3015750,1087.1681
3015751,2.0
3015752,0.0
3015753,3.0
3015754,3.0
3015755,0.0
3015756,57.0
3015757,0.0
3015758,13.0
3015759,0.0
3015760,36.0
3015761,0.0
3015762,194.382
3015763,61.0
3015764,1.0
3015765,1.0
3015766,103.881996
3015767,12.0
3015768,318.202
3015769,1.0
3015770,1.0
3015771,1.0
3015772,0.0
3015773,2.0
3015774,2198.3604
3015775,0.0
3015776,387.6
3015777,18.0
3015778,591.0
3015779,683.0
3015780,242.407
3015781,188.0
3015782,109.112
3015783,2909.2808
3015784,30.0
3015785,2.0
3015786,25.0
3015787,21.0
3015788,0.0
3015789,153.0
3015790,4.0
3015791,38.0
3015792,12.0
3015793,185.0
3015794,6.0
3015795,262.661
3015796,186.0
3015797,7.0
3015798,10.0
3015799,259.455
3015800,66.048996
3015801,2014.5486
3015802,2.0
3015803,11.432
3015804,4.0
3015805,0.0
3015806,4.0
3015807,2652.1724
3015808,0.0
3015809,374.0
3015810,7.0
3015811,900.0
3015812,462.0
3015813,239.448
3015814,123.0
3015815,77.0
3015816,3716.3074
3015817,5.0
3015818,0.0
3015819,23.0
3015820,14.0
3015821,1.0
3015822,178.0
3015823,0.0
3015824,4.0
3015825,3.0
3015826,76.0
3015827,2.0
3015828,266.97
3015829,138.0
3015830,1.0
3015831,6.0
3015832,139.72
3015833,38.721
3015834,914.357
3015835,0.0
3015836,2.0
3015837,6.0
3015838,0.0
3015839,0.0
3015840,2242.0
3015841,0.0
3015842,424.0
3015843,13.0
3015844,598.0
3015845,439.0
3015846,179.246
3015847,141.0
3015848,73.0
3015849,3118.516
3015850,12.0
3015851,0.0
3015852,31.0
3015853,9.0
3015854,0.0
3015855,169.0
3015856,0.0
3015857,8.0
3015858,5.0
3015859,119.0
3015860,2.0
3015861,124.842
3015862,144.0
3015863,5.0
3015864,2.0
3015865,126.267
3015866,48.889
3015867,728.328
3015868,1.0
3015869,6.0
3015870,3.0
3015871,0.0
3015872,16.0
3015873,6371.679
3015874,0.0
3015875,952.513
3015876,96.0
3015877,1434.1298
3015878,1645.8817
3015879,292.491
3015880,387.0
3015881,265.568
3015882,5997.569
3015883,55.0
3015884,1.0
3015885,73.0
3015886,39.0
3015887,0.0
3015888,336.0
3015889,18.0
3015890,30.0
3015891,23.0
3015892,315.0
3015893,22.0
3015894,545.235
3015895,356.0
3015896,26.0
3015897,21.0
3015898,806.341
3015899,197.133
3015900,5755.4326
3015901,0.0
3015902,64.095
3015903,8.0
3015904,0.0
3015905,0.0
3015906,1195.0
3015907,0.0
3015908,148.0
3015909,3.0
3015910,473.0
3015911,182.0
3015912,103.0
3015913,60.0
3015914,51.0
3015915,2132.397
3015916,7.0
3015917,0.0
3015918,6.0
3015919,9.0
3015920,0.0
3015921,249.0
3015922,0.0
3015923,0.0
3015924,2.0
3015925,36.0
3015926,2.0
3015927,140.068
3015928,77.0
3015929,1.0
3015930,5.0
3015931,104.863
3015932,22.0
3015933,425.557
3015934,0.0
3015935,1.0
3015936,7.0
3015937,0.0
3015938,2.0
3015939,2602.7568
3015940,0.0
3015941,441.0
3015942,13.0
3015943,800.0
3015944,456.0
3015945,194.645
3015946,164.0
3015947,71.254
3015948,3527.446
3015949,5.0
3015950,0.0
3015951,24.0
3015952,12.0
3015953,0.0
3015954,284.0
3015955,0.0
3015956,7.0
3015957,12.0
3015958,23.0
3015959,1.0
3015960,680.762
3015961,170.0
3015962,2.0
3015963,2.0
3015964,148.15799
3015965,43.043
3015966,985.37
3015967,0.0
3015968,2.0
3015969,1.0
3015970,0.0
3015971,0.0
3015972,689.0
3015973,0.0
3015974,151.0
3015975,10.0
3015976,552.0
3015977,93.0
3015978,85.0
3015979,249.0
3015980,10.0
3015981,1804.0348
3015982,0.0
3015983,0.0
3015984,10.0
3015985,8.0
3015986,0.0
3015987,72.0
3015988,0.0
3015989,0.0
3015990,0.0
3015991,42.0
3015992,0.0
3015993,121.398
3015994,59.0
3015995,0.0
3015996,0.0
3015997,34.059
3015998,12.0
3015999,178.966
3016000,0.0
3016001,2.0
3016002,4.0
3016003,0.0
3016004,0.0
3016005,1326.0
3016006,0.0
3016007,164.0
3016008,3.0
3016009,584.0
3016010,258.0
3016011,138.0
3016012,108.0
3016013,52.0
3016014,2240.2766
3016015,2.0
3016016,1.0
3016017,31.0
3016018,9.0
3016019,0.0
3016020,135.0
3016021,0.0
3016022,0.0
3016023,10.0
3016024,42.0
3016025,4.0
3016026,320.664
3016027,186.0
3016028,1.0
3016029,3.0
3016030,209.943
3016031,24.0
3016032,981.239
3016033,0.0
3016034,0.0
3016035,1.0
3016036,1.0
3016037,3.0
3016038,2161.7742
3016039,0.0
3016040,702.0
3016041,22.0
3016042,680.0
3016043,542.0
3016044,229.501
3016045,147.0
3016046,77.66
3016047,3688.2725
3016048,7.0
3016049,6.0
3016050,16.0
3016051,29.0
3016052,0.0
3016053,175.0
3016054,1.0
3016055,3.0
3016056,7.0
3016057,24.0
3016058,0.0
3016059,206.901
3016060,220.0
3016061,2.0
3016062,10.0
3016063,130.43001
3016064,36.0
3016065,557.384
3016066,3.0
3016067,4.0
3016068,4.0
3016069,0.0
3016070,0.0
3016071,1307.0
3016072,0.0
3016073,132.0
3016074,0.0
3016075,358.0
3016076,121.0
3016077,93.0
3016078,80.0
3016079,38.0
3016080,1717.7083
3016081,5.0
3016082,2.0
3016083,11.0
3016084,7.0
3016085,0.0
3016086,92.0
3016087,0.0
3016088,0.0
3016089,1.0
3016090,16.0
3016091,1.0
3016092,320.23
3016093,48.0
3016094,2.0
3016095,0.0
3016096,113.377
3016097,11.0
3016098,301.136
3016099,0.0
3016100,0.0
3016101,3.0
3016102,0.0
3016103,0.0
3016104,3054.3818
3016105,0.0
3016106,493.0
3016107,15.0
3016108,758.0
3016109,473.0
3016110,161.934
3016111,230.0
3016112,72.0
3016113,3171.7556
3016114,21.0
3016115,1.0
3016116,14.0
3016117,3.0
3016118,0.0
3016119,133.0
3016120,0.0
3016121,48.0
3016122,9.0
3016123,36.0
3016124,1.0
3016125,455.432
3016126,174.0
3016127,3.0
3016128,3.0
3016129,112.285995
3016130,32.858
3016131,1107.478
3016132,1.0
3016133,1.0
3016134,3.0
3016135,0.0
3016136,6.0
3016137,2316.0825
3016138,0.0
3016139,587.295
3016140,12.0
3016141,761.0
3016142,790.0
3016143,190.259
3016144,119.0
3016145,116.0
3016146,3132.186
3016147,48.0
3016148,1.0
3016149,33.0
3016150,21.0
3016151,0.0
3016152,209.0
3016153,12.0
3016154,24.0
3016155,0.0
3016156,157.0
3016157,9.0
3016158,254.324
3016159,255.0
3016160,10.0
3016161,9.0
3016162,225.9
3016163,88.102005
3016164,2256.227
3016165,0.0
3016166,16.618
3016167,8.0
3016168,0.0
3016169,9.0
3016170,1815.136
3016171,0.0
3016172,432.902
3016173,17.0
3016174,706.0
3016175,616.0
3016176,153.571
3016177,80.0
3016178,104.0
3016179,2925.0356
3016180,40.0
3016181,0.0
3016182,52.0
3016183,22.0
3016184,0.0
3016185,267.0
3016186,18.0
3016187,22.0
3016188,23.0
3016189,88.0
3016190,14.0
3016191,158.685
3016192,263.0
3016193,10.0
3016194,20.0
3016195,132.537
3016196,96.997
3016197,1865.809
3016198,0.0
3016199,20.042
3016200,6.0
3016201,0.0
3016202,0.0
3016203,2931.5188
3016204,0.0
3016205,644.0
3016206,7.0
3016207,1081.0
3016208,475.0
3016209,142.395
3016210,320.0
3016211,43.0
3016212,4661.4497
3016213,28.0
3016214,1.0
3016215,26.0
3016216,13.0
3016217,0.0
3016218,321.0
3016219,7.0
3016220,14.0
3016221,7.0
3016222,67.0
3016223,4.0
3016224,214.003
3016225,251.0
3016226,6.0
3016227,16.0
3016228,232.954
3016229,33.804
3016230,1152.492
3016231,15.0
3016232,10.0
3016233,5.0
3016234,0.0
3016235,5.0
3016236,1866.2231
3016237,0.0
3016238,327.107
3016239,8.0
3016240,545.0
3016241,526.0
3016242,165.915
3016243,102.0
3016244,53.0
3016245,2524.869
3016246,19.0
3016247,2.0
3016248,7.0
3016249,2.0
3016250,0.0
3016251,117.0
3016252,8.0
3016253,22.0
3016254,0.0
3016255,135.0
3016256,8.0
3016257,266.629
3016258,147.0
3016259,4.0
3016260,5.0
3016261,250.717
3016262,62.181
3016263,1823.459
3016264,0.0
3016265,14.259
3016266,4.0
3016267,0.0
3016268,6.0
3016269,4101.198
3016270,0.0
3016271,352.0
3016272,10.0
3016273,1030.0
3016274,474.0
3016275,206.0
3016276,178.0
3016277,72.514
3016278,4475.6694
3016279,19.0
3016280,0.0
3016281,30.0
3016282,23.0
3016283,0.0
3016284,587.0
3016285,0.0
3016286,0.0
3016287,7.0
3016288,27.0
3016289,1.0
3016290,132.837
3016291,233.0
3016292,2.0
3016293,5.0
3016294,183.88
3016295,41.0
3016296,889.311
3016297,0.0
3016298,4.0
3016299,4.0
3016300,0.0
3016301,12.0
3016302,1625.62
3016303,0.0
3016304,396.635
3016305,19.0
3016306,703.0
3016307,574.0
3016308,205.926
3016309,119.0
3016310,130.0
3016311,3034.1594
3016312,23.0
3016313,0.0
3016314,59.0
3016315,17.0
3016316,0.0
3016317,152.0
3016318,8.0
3016319,6.0
3016320,14.0
3016321,82.0
3016322,12.0
3016323,163.657
3016324,241.0
3016325,8.0
3016326,3.0
3016327,133.156
3016328,50.886
3016329,1545.652
3016330,0.0
3016331,3.0
3016332,1.0
3016333,0.0
3016334,2.0
3016335,1965.0
3016336,0.0
3016337,338.923
3016338,7.0
3016339,504.0
3016340,665.0
3016341,159.192
3016342,103.0
3016343,106.0
3016344,2716.0
3016345,23.0
3016346,0.0
3016347,50.0
3016348,15.0
3016349,0.0
3016350,187.0
3016351,8.0
3016352,27.0
3016353,2.0
3016354,95.0
3016355,8.0
3016356,270.367
3016357,131.0
3016358,12.0
3016359,7.0
3016360,190.284
3016361,53.592
3016362,1876.164
3016363,0.0
3016364,10.769
3016365,10.0
3016366,0.0
3016367,3.0
3016368,4394.017
3016369,0.0
3016370,521.0
3016371,30.0
3016372,1060.0
3016373,560.0
3016374,241.822
3016375,154.0
3016376,86.0
3016377,3903.8604
3016378,11.0
3016379,0.0
3016380,15.0
3016381,23.0
3016382,0.0
3016383,209.0
3016384,0.0
3016385,8.0
3016386,1.0
3016387,112.0
3016388,13.0
3016389,253.289
3016390,262.0
3016391,2.0
3016392,0.0
3016393,217.714
3016394,91.013
3016395,1149.686
3016396,2.0
3016397,0.0
3016398,16.0
3016399,0.0
3016400,22.0
3016401,7200.7207
3016402,0.0
3016403,1216.585
3016404,35.0
3016405,1764.1212
3016406,1776.01
3016407,380.921
3016408,409.0
3016409,369.054
3016410,7227.3457
3016411,102.0
3016412,7.0
3016413,109.0
3016414,76.0
3016415,0.0
3016416,472.0
3016417,15.0
3016418,29.0
3016419,36.0
3016420,387.0
3016421,21.0
3016422,726.99
3016423,342.0
3016424,27.0
3016425,40.0
3016426,922.268
3016427,300.255
3016428,6701.963
3016429,264.0
3016430,50.77
3016431,11.0
3016432,0.0
3016433,9.0
3016434,6449.506
3016435,0.0
3016436,957.481
3016437,43.0
3016438,1816.1775
3016439,1604.8462
3016440,519.248
3016441,256.0
3016442,308.281
3016443,8014.5366
3016444,76.0
3016445,2.0
3016446,58.0
3016447,61.0
3016448,0.0
3016449,420.0
3016450,6.0
3016451,23.0
3016452,1.0
3016453,339.0
3016454,18.0
3016455,895.588
3016456,467.0
3016457,19.0
3016458,19.0
3016459,925.294
3016460,215.702
3016461,4566.6606
3016462,235.0
3016463,45.124
3016464,9.0
3016465,0.0
3016466,20.0
3016467,4134.278
3016468,0.0
3016469,720.0
3016470,14.0
3016471,1529.831
3016472,1082.0
3016473,494.37
3016474,98.0
3016475,171.479
3016476,6512.4185
3016477,31.0
3016478,0.0
3016479,53.0
3016480,29.0
3016481,1.0
3016482,378.0
3016483,16.0
3016484,15.0
3016485,14.0
3016486,124.0
3016487,12.0
3016488,592.348
3016489,488.0
3016490,13.0
3016491,34.0
3016492,530.253
3016493,108.162
3016494,1967.7217
3016495,193.0
3016496,35.176003
3016497,17.0
3016498,0.0
3016499,22.0
3016500,5840.4775
3016501,0.0
3016502,1002.517
3016503,18.0
3016504,1590.382
3016505,1504.7742
3016506,482.198
3016507,238.0
3016508,198.921
3016509,7455.176
3016510,44.0
3016511,2.0
3016512,164.0
3016513,51.0
3016514,0.0
3016515,408.0
3016516,19.0
3016517,35.0
3016518,5.0
3016519,267.0
3016520,17.0
3016521,759.595
3016522,486.0
3016523,9.0
3016524,34.0
3016525,743.893
3016526,165.696
3016527,4048.1538
3016528,228.0
3016529,42.085
3016530,8.0
3016531,0.0
3016532,21.0
3016533,3372.1282
3016534,0.0
3016535,631.0
3016536,23.0
3016537,1338.1251
3016538,839.0
3016539,506.738
3016540,58.0
3016541,157.747
3016542,5413.569
3016543,57.0
3016544,0.0
3016545,47.0
3016546,13.0
3016547,0.0
3016548,362.0
3016549,12.0
3016550,14.0
3016551,7.0
3016552,214.0
3016553,3.0
3016554,619.865
3016555,471.0
3016556,13.0
3016557,25.0
3016558,611.637
3016559,78.996
3016560,1297.083
3016561,578.0
3016562,15.932
3016563,10.0
3016564,0.0
3016565,7.0
3016566,4874.972
3016567,0.0
3016568,1043.679
3016569,36.0
3016570,1391.1798
3016571,1649.4202
3016572,292.935
3016573,374.0
3016574,265.696
3016575,5741.6255
3016576,54.0
3016577,3.0
3016578,58.0
3016579,47.0
3016580,2.0
3016581,309.0
3016582,8.0
3016583,30.0
3016584,11.0
3016585,365.0
3016586,13.0
3016587,714.826
3016588,339.0
3016589,18.0
3016590,27.0
3016591,673.765
3016592,168.075
3016593,5627.85
3016594,164.0
3016595,55.971
3016596,7.0
3016597,0.0
3016598,3.0
3016599,1505.9912
3016600,0.0
3016601,344.701
3016602,29.0
3016603,845.0
3016604,495.0
3016605,199.37
3016606,69.0
3016607,95.907
3016608,2427.934
3016609,35.0
3016610,1.0
3016611,27.0
3016612,25.0
3016613,0.0
3016614,163.0
3016615,8.0
3016616,6.0
3016617,15.0
3016618,83.0
3016619,11.0
3016620,265.429
3016621,188.0
3016622,1.0
3016623,6.0
3016624,198.971
3016625,53.276
3016626,1383.316
3016627,0.0
3016628,7.0959997
3016629,12.0
3016630,0.0
3016631,15.0
3016632,3814.1084
3016633,0.0
3016634,488.327
3016635,70.0
3016636,1322.7806
3016637,896.0
3016638,398.553
3016639,89.0
3016640,234.244
3016641,5823.903
3016642,56.0
3016643,1.0
3016644,90.0
3016645,24.0
3016646,0.0
3016647,233.0
3016648,11.0
3016649,9.0
3016650,5.0
3016651,142.0
3016652,8.0
3016653,553.829
3016654,453.0
3016655,9.0
3016656,24.0
3016657,298.216
3016658,115.298004
3016659,2094.4885
3016660,285.0
3016661,9.0
3016662,9.0
3016663,0.0
3016664,3.0
3016665,3459.0
3016666,0.0
3016667,611.017
3016668,12.0
3016669,1089.6073
3016670,1231.6798
3016671,162.062
3016672,214.0
3016673,280.203
3016674,3853.844
3016675,29.0
3016676,0.0
3016677,32.0
3016678,19.0
3016679,0.0
3016680,180.0
3016681,1.0
3016682,57.0
3016683,2.0
3016684,186.0
3016685,11.0
3016686,544.498
3016687,140.0
3016688,10.0
3016689,14.0
3016690,468.644
3016691,109.363
3016692,3929.7964
3016693,0.0
3016694,26.804
3016695,7.0
3016696,0.0
3016697,3.0
3016698,3776.0
3016699,0.0
3016700,755.812
3016701,14.0
3016702,1399.0
3016703,1041.0
3016704,305.095
3016705,188.0
3016706,392.227
3016707,5377.0
3016708,34.0
3016709,2.0
3016710,82.0
3016711,40.0
3016712,0.0
3016713,271.0
3016714,6.0
3016715,35.0
3016716,14.0
3016717,299.0
3016718,16.0
3016719,376.239
3016720,276.0
3016721,14.0
3016722,27.0
3016723,381.248
3016724,151.925
3016725,4129.067
3016726,4.0
3016727,9.0
3016728,3.0
3016729,0.0
3016730,1.0
3016731,1692.0
3016732,0.0
3016733,351.045
3016734,15.0
3016735,674.0
3016736,367.0
3016737,209.01399
3016738,70.0
3016739,160.0
3016740,2215.972
3016741,7.0
3016742,1.0
3016743,60.0
3016744,20.0
3016745,0.0
3016746,136.0
3016747,1.0
3016748,10.0
3016749,10.0
3016750,130.0
3016751,7.0
3016752,195.374
3016753,152.0
3016754,3.0
3016755,6.0
3016756,117.427
3016757,56.183
3016758,1637.204
3016759,1.0
3016760,2.0
3016761,6.0
3016762,0.0
3016763,0.0
3016764,4686.0
3016765,0.0
3016766,144.0
3016767,10.0
3016768,720.0
3016769,190.0
3016770,152.002
3016771,44.0
3016772,40.31
3016773,2791.304
3016774,60.0
3016775,0.0
3016776,13.0
3016777,5.0
3016778,1.0
3016779,170.0
3016780,0.0
3016781,0.0
3016782,2.0
3016783,14.0
3016784,1.0
3016785,52.716
3016786,151.0
3016787,0.0
3016788,0.0
3016789,49.666
3016790,61.0
3016791,498.122
3016792,0.0
3016793,2.0
3016794,6.0
3016795,0.0
3016796,5.0
3016797,2523.7473
3016798,0.0
3016799,392.718
3016800,6.0
3016801,759.0
3016802,695.0
3016803,203.828
3016804,125.0
3016805,98.0
3016806,3604.5947
3016807,24.0
3016808,2.0
3016809,17.0
3016810,40.0
3016811,0.0
3016812,164.0
3016813,8.0
3016814,20.0
3016815,17.0
3016816,105.0
3016817,6.0
3016818,364.42398
3016819,250.0
3016820,7.0
3016821,15.0
3016822,371.706
3016823,75.479996
3016824,1916.542
3016825,0.0
3016826,18.449
3016827,5.0
3016828,0.0
3016829,9.0
3016830,3152.7031
3016831,0.0
3016832,573.494
3016833,21.0
3016834,816.0
3016835,1085.0
3016836,159.617
3016837,227.0
3016838,160.04
3016839,3148.2734
3016840,23.0
3016841,3.0
3016842,54.0
3016843,28.0
3016844,1.0
3016845,163.0
3016846,14.0
3016847,24.0
3016848,13.0
3016849,187.0
3016850,10.0
3016851,365.215
3016852,160.0
3016853,8.0
3016854,15.0
3016855,556.61
3016856,124.843
3016857,3813.879
3016858,0.0
3016859,32.756
3016860,4.0
3016861,1.0
3016862,7.0
3016863,3454.3765
3016864,0.0
3016865,676.615
3016866,30.0
3016867,948.0
3016868,1163.0
3016869,232.795
3016870,219.0
3016871,117.0
3016872,3742.2114
3016873,29.0
3016874,1.0
3016875,25.0
3016876,42.0
3016877,0.0
3016878,252.0
3016879,17.0
3016880,38.0
3016881,36.0
3016882,195.0
3016883,19.0
3016884,368.729
3016885,269.0
3016886,15.0
3016887,11.0
3016888,437.536
3016889,159.784
3016890,3275.7256
3016891,0.0
3016892,29.789
3016893,15.0
3016894,0.0
3016895,15.0
3016896,2520.325
3016897,0.0
3016898,309.0
3016899,16.0
3016900,1196.855
3016901,555.0
3016902,420.792
3016903,123.0
3016904,110.436
3016905,4861.49
3016906,9.0
3016907,1.0
3016908,50.0
3016909,29.0
3016910,0.0
3016911,280.0
3016912,1.0
3016913,6.0
3016914,5.0
3016915,57.0
3016916,3.0
3016917,484.43402
3016918,329.0
3016919,11.0
3016920,4.0
3016921,291.82098
3016922,111.93
3016923,1036.439
3016924,148.0
3016925,14.35
3016926,1.0
3016927,0.0
3016928,1.0
3016929,1942.3646
3016930,0.0
3016931,145.607
3016932,4.0
3016933,341.0
3016934,343.0
3016935,64.302
3016936,86.0
3016937,61.0
3016938,2189.8438
3016939,9.0
3016940,1.0
3016941,27.0
3016942,14.0
3016943,0.0
3016944,74.0
3016945,3.0
3016946,15.0
3016947,1.0
3016948,67.0
3016949,4.0
3016950,385.99402
3016951,53.0
3016952,5.0
3016953,3.0
3016954,259.118
3016955,24.963001
3016956,1901.7451
3016957,0.0
3016958,19.424
3016959,2.0
3016960,0.0
3016961,2.0
3016962,1459.0
3016963,0.0
3016964,76.0
3016965,5.0
3016966,532.0
3016967,251.0
3016968,269.0
3016969,23.0
3016970,36.0
3016971,2261.0273
3016972,2.0
3016973,0.0
3016974,9.0
3016975,8.0
3016976,1.0
3016977,128.0
3016978,2.0
3016979,0.0
3016980,4.0
3016981,14.0
3016982,1.0
3016983,155.992
3016984,193.0
3016985,2.0
3016986,3.0
3016987,169.418
3016988,10.0
3016989,224.769
3016990,0.0
3016991,1.0
3016992,10.0
3016993,0.0
3016994,4.0
3016995,4543.073
3016996,0.0
3016997,634.0
3016998,35.0
3016999,1666.3418
3017000,608.0
3017001,486.824
3017002,163.0
3017003,116.835
3017004,6319.553
3017005,25.0
3017006,0.0
3017007,47.0
3017008,10.0
3017009,0.0
3017010,428.0
3017011,9.0
3017012,1.0
3017013,6.0
3017014,60.0
3017015,1.0
3017016,660.14
3017017,320.0
3017018,1.0
3017019,14.0
3017020,560.17
3017021,101.867
3017022,1449.669
3017023,32.0
3017024,10.0
3017025,6.0
3017026,0.0
3017027,2.0
3017028,1481.0
3017029,0.0
3017030,145.0
3017031,66.0
3017032,719.0
3017033,387.0
3017034,238.0
3017035,65.0
3017036,81.573
3017037,2454.0605
3017038,2.0
3017039,1.0
3017040,4.0
3017041,17.0
3017042,0.0
3017043,115.0
3017044,10.0
3017045,0.0
3017046,1.0
3017047,51.0
3017048,2.0
3017049,112.489
3017050,178.0
3017051,2.0
3017052,4.0
3017053,182.591
3017054,30.0
3017055,330.446
3017056,7.0
3017057,6.0
3017058,6.0
3017059,0.0
3017060,0.0
3017061,1601.0
3017062,0.0
3017063,100.0
3017064,13.0
3017065,534.0
3017066,250.0
3017067,172.0
3017068,47.0
3017069,37.0
3017070,2504.5889
3017071,13.0
3017072,0.0
3017073,17.0
3017074,5.0
3017075,0.0
3017076,111.0
3017077,0.0
3017078,0.0
3017079,2.0
3017080,59.0
3017081,0.0
3017082,126.81
3017083,135.0
3017084,1.0
3017085,2.0
3017086,103.2
3017087,16.0
3017088,221.247
3017089,5.0
3017090,1.0
3017091,1.0
3017092,0.0
3017093,1.0
3017094,1522.0
3017095,0.0
3017096,167.0
3017097,28.0
3017098,763.0
3017099,332.0
3017100,379.0
3017101,32.0
3017102,47.0
3017103,2727.7922
3017104,4.0
3017105,0.0
3017106,5.0
3017107,19.0
3017108,0.0
3017109,137.0
3017110,0.0
3017111,0.0
3017112,4.0
3017113,19.0
3017114,2.0
3017115,206.772
3017116,255.0
3017117,1.0
3017118,8.0
3017119,77.553
3017120,84.0
3017121,375.697
3017122,3.0
3017123,3.0
3017124,4.0
3017125,0.0
3017126,7.0
3017127,1378.0
3017128,0.0
3017129,99.0
3017130,0.0
3017131,541.0
3017132,269.0
3017133,309.0
3017134,83.0
3017135,69.0
3017136,2240.7952
3017137,5.0
3017138,0.0
3017139,17.0
3017140,8.0
3017141,0.0
3017142,154.0
3017143,15.0
3017144,0.0
3017145,1.0
3017146,27.0
3017147,2.0
3017148,110.297
3017149,154.0
3017150,0.0
3017151,2.0
3017152,128.714
3017153,29.0
3017154,415.663
3017155,9.0
3017156,2.0
3017157,4.0
3017158,0.0
3017159,0.0
3017160,1639.0
3017161,0.0
3017162,125.0
3017163,3.0
3017164,670.0
3017165,254.0
3017166,160.0
3017167,100.0
3017168,55.0
3017169,1929.3864
3017170,12.0
3017171,0.0
3017172,22.0
3017173,16.0
3017174,0.0
3017175,187.0
3017176,0.0
3017177,0.0
3017178,1.0
3017179,69.0
3017180,4.0
3017181,58.346
3017182,105.0
3017183,2.0
3017184,2.0
3017185,137.913
3017186,29.0
3017187,480.763
3017188,0.0
3017189,0.0
3017190,8.0
3017191,1.0
3017192,1.0
3017193,2708.0044
3017194,0.0
3017195,276.0
3017196,18.0
3017197,913.0
3017198,569.0
3017199,661.0
3017200,121.0
3017201,119.0
3017202,3728.071
3017203,7.0
3017204,0.0
3017205,30.0
3017206,21.0
3017207,0.0
3017208,240.0
3017209,0.0
3017210,0.0
3017211,4.0
3017212,83.0
3017213,8.0
3017214,222.451
3017215,229.0
3017216,3.0
3017217,15.0
3017218,427.813
3017219,66.0
3017220,1408.649
3017221,20.0
3017222,9.0
3017223,5.0
3017224,0.0
3017225,1.0
3017226,1787.4347
3017227,0.0
3017228,427.0
3017229,9.0
3017230,516.0
3017231,447.0
3017232,166.224
3017233,115.0
3017234,58.0
3017235,2174.9165
3017236,10.0
3017237,0.0
3017238,42.0
3017239,27.0
3017240,0.0
3017241,158.0
3017242,5.0
3017243,1.0
3017244,3.0
3017245,138.0
3017246,6.0
3017247,77.35
3017248,121.0
3017249,4.0
3017250,6.0
3017251,163.395
3017252,47.021
3017253,1297.814
3017254,54.0
3017255,8.0
3017256,8.0
3017257,1.0
3017258,2.0
3017259,2564.1682
3017260,0.0
3017261,116.0
3017262,12.0
3017263,722.0
3017264,303.0
3017265,293.0
3017266,77.0
3017267,57.0
3017268,3120.784
3017269,6.0
3017270,1.0
3017271,19.0
3017272,18.0
3017273,0.0
3017274,167.0
3017275,6.0
3017276,0.0
3017277,6.0
3017278,99.0
3017279,1.0
3017280,123.751
3017281,227.0
3017282,3.0
3017283,8.0
3017284,129.239
3017285,13.0
3017286,540.878
3017287,9.0
3017288,2.0
3017289,14.0
3017290,0.0
3017291,8.0
3017292,2489.0732
3017293,0.0
3017294,601.0
3017295,11.0
3017296,678.0
3017297,790.0
3017298,212.375
3017299,138.0
3017300,133.0
3017301,3349.6365
3017302,29.0
3017303,3.0
3017304,25.0
3017305,25.0
3017306,0.0
3017307,183.0
3017308,14.0
3017309,10.0
3017310,8.0
3017311,157.0
3017312,8.0
3017313,977.961
3017314,353.0
3017315,18.0
3017316,5.0
3017317,533.774
3017318,128.282
3017319,2097.0413
3017320,0.0
3017321,25.675001
3017322,11.0
3017323,0.0
3017324,6.0
3017325,3763.9626
3017326,0.0
3017327,409.0
3017328,5.0
3017329,1307.0
3017330,718.0
3017331,982.318
3017332,96.0
3017333,154.784
3017334,5372.243
3017335,13.0
3017336,1.0
3017337,23.0
3017338,12.0
3017339,0.0
3017340,329.0
3017341,0.0
3017342,8.0
3017343,4.0
3017344,99.0
3017345,1.0
3017346,267.493
3017347,396.0
3017348,5.0
3017349,11.0
3017350,692.722
3017351,89.261
3017352,938.272
3017353,77.0
3017354,24.866
3017355,7.0
3017356,0.0
3017357,2.0
3017358,3568.0
3017359,0.0
3017360,379.0
3017361,4.0
3017362,1387.0
3017363,519.0
3017364,360.11
3017365,187.0
3017366,115.0
3017367,3722.39
3017368,19.0
3017369,2.0
3017370,45.0
3017371,37.0
3017372,0.0
3017373,296.0
3017374,3.0
3017375,6.0
3017376,7.0
3017377,139.0
3017378,3.0
3017379,107.32
3017380,277.0
3017381,7.0
3017382,9.0
3017383,213.296
3017384,153.625
3017385,1262.278
3017386,0.0
3017387,5.0
3017388,0.0
3017389,0.0
3017390,0.0
3017391,1719.0
3017392,0.0
3017393,121.0
3017394,9.0
3017395,538.0
3017396,239.0
3017397,99.0
3017398,31.0
3017399,63.0
3017400,1855.0
3017401,8.0
3017402,2.0
3017403,34.0
3017404,17.0
3017405,0.0
3017406,171.0
3017407,0.0
3017408,0.0
3017409,14.0
3017410,569.0
3017411,1.0
3017412,31.83
3017413,103.0
3017414,0.0
3017415,8.0
3017416,242.621
3017417,21.0
3017418,435.929
3017419,18.0
3017420,0.0
3017421,2.0
3017422,0.0
3017423,2.0
3017424,1195.0
3017425,0.0
3017426,281.876
3017427,8.0
3017428,441.0
3017429,519.0
3017430,149.573
3017431,47.0
3017432,104.0
3017433,1936.0616
3017434,31.0
3017435,1.0
3017436,7.0
3017437,17.0
3017438,0.0
3017439,101.0
3017440,11.0
3017441,2.0
3017442,9.0
3017443,139.0
3017444,8.0
3017445,434.715
3017446,159.0
3017447,0.0
3017448,4.0
3017449,351.438
3017450,31.789
3017451,1150.094
3017452,0.0
3017453,5.639
3017454,2.0
3017455,0.0
3017456,4.0
3017457,3327.8604
3017458,0.0
3017459,745.226
3017460,14.0
3017461,885.0
3017462,1174.0
3017463,273.081
3017464,234.0
3017465,251.185
3017466,3729.4192
3017467,86.0
3017468,1.0
3017469,19.0
3017470,15.0
3017471,0.0
3017472,213.0
3017473,1.0
3017474,34.0
3017475,19.0
3017476,137.0
3017477,9.0
3017478,609.059
3017479,251.0
3017480,14.0
3017481,11.0
3017482,605.144
3017483,122.957
3017484,3225.4785
3017485,0.0
3017486,24.329
3017487,9.0
3017488,0.0
3017489,10.0
3017490,2413.9739
3017491,0.0
3017492,930.325
3017493,27.0
3017494,1070.0
3017495,1604.0
3017496,308.133
3017497,386.0
3017498,366.95
3017499,2199.5708
3017500,79.0
3017501,4.0
3017502,61.0
3017503,23.0
3017504,0.0
3017505,236.0
3017506,0.0
3017507,69.0
3017508,13.0
3017509,1109.0
3017510,50.0
3017511,597.431
3017512,257.0
3017513,13.0
3017514,20.0
3017515,431.745
3017516,87.988
3017517,4266.269
3017518,0.0
3017519,21.0
3017520,5.0
3017521,0.0
3017522,1.0
3017523,668.0
3017524,0.0
3017525,214.0
3017526,8.0
3017527,287.0
3017528,248.0
3017529,116.474
3017530,42.0
3017531,76.027
3017532,1404.761
3017533,5.0
3017534,0.0
3017535,13.0
3017536,8.0
3017537,1.0
3017538,61.0
3017539,0.0
3017540,3.0
3017541,1.0
3017542,49.0
3017543,0.0
3017544,503.869
3017545,110.0
3017546,4.0
3017547,3.0
3017548,273.818
3017549,22.0
3017550,663.417
3017551,4.0
3017552,1.0
3017553,9.0
3017554,0.0
3017555,3.0
3017556,2637.0208
3017557,0.0
3017558,621.936
3017559,40.0
3017560,885.0
3017561,1124.0
3017562,296.887
3017563,256.0
3017564,245.423
3017565,3297.4058
3017566,57.0
3017567,4.0
3017568,43.0
3017569,71.0
3017570,0.0
3017571,197.0
3017572,1.0
3017573,69.0
3017574,17.0
3017575,450.0
3017576,4.0
3017577,415.957
3017578,260.0
3017579,19.0
3017580,7.0
3017581,506.21802
3017582,79.923996
3017583,2277.7795
3017584,1.0
3017585,38.094
3017586,5.0
3017587,0.0
3017588,3.0
3017589,3062.9954
3017590,0.0
3017591,614.0
3017592,21.0
3017593,1148.0
3017594,774.0
3017595,479.409
3017596,209.0
3017597,106.0
3017598,4354.51
3017599,18.0
3017600,0.0
3017601,35.0
3017602,42.0
3017603,2.0
3017604,256.0
3017605,0.0
3017606,11.0
3017607,13.0
3017608,115.0
3017609,0.0
3017610,200.318
3017611,299.0
3017612,10.0
3017613,8.0
3017614,328.414
3017615,117.655
3017616,1563.95
3017617,4.0
3017618,4.0
3017619,6.0
3017620,0.0
3017621,4.0
3017622,3695.0
3017623,0.0
3017624,548.0
3017625,19.0
3017626,1000.0
3017627,600.0
3017628,316.551
3017629,132.0
3017630,99.0
3017631,3395.6533
3017632,16.0
3017633,2.0
3017634,28.0
3017635,23.0
3017636,0.0
3017637,221.0
3017638,0.0
3017639,4.0
3017640,5.0
3017641,278.0
3017642,0.0
3017643,118.437
3017644,189.0
3017645,3.0
3017646,9.0
3017647,259.38
3017648,70.667
3017649,893.801
3017650,1.0
3017651,9.0
3017652,10.0
3017653,0.0
3017654,13.0
3017655,7259.815
3017656,0.0
3017657,1161.047
3017658,37.0
3017659,1775.5555
3017660,1981.5106
3017661,416.172
3017662,483.0
3017663,432.863
3017664,7433.809
3017665,79.0
3017666,6.0
3017667,87.0
3017668,56.0
3017669,0.0
3017670,476.0
3017671,36.0
3017672,62.0
3017673,18.0
3017674,421.0
3017675,35.0
3017676,1203.91
3017677,558.0
3017678,27.0
3017679,29.0
3017680,1365.597
3017681,288.315
3017682,6854.6206
3017683,1.0
3017684,94.312996
3017685,3.0
3017686,0.0
3017687,0.0
3017688,1086.0
3017689,0.0
3017690,122.0
3017691,2.0
3017692,419.0
3017693,212.0
3017694,141.0
3017695,131.0
3017696,72.0
3017697,1860.3774
3017698,9.0
3017699,0.0
3017700,6.0
3017701,13.0
3017702,0.0
3017703,94.0
3017704,0.0
3017705,0.0
3017706,6.0
3017707,118.0
3017708,1.0
3017709,39.857
3017710,91.0
3017711,3.0
3017712,2.0
3017713,152.055
3017714,29.0
3017715,500.941
3017716,0.0
3017717,4.0
3017718,10.0
3017719,0.0
3017720,5.0
3017721,3049.2556
3017722,0.0
3017723,516.0
3017724,15.0
3017725,959.0
3017726,555.0
3017727,327.219
3017728,330.0
3017729,115.0
3017730,4034.7974
3017731,6.0
3017732,1.0
3017733,11.0
3017734,29.0
3017735,0.0
3017736,237.0
3017737,1.0
3017738,12.0
3017739,6.0
3017740,64.0
3017741,1.0
3017742,314.02798
3017743,199.0
3017744,11.0
3017745,6.0
3017746,158.831
3017747,71.0
3017748,1135.744
3017749,0.0
3017750,5.0
3017751,7.0
3017752,0.0
3017753,3.0
3017754,2050.0
3017755,0.0
3017756,78.0
3017757,3.0
3017758,342.0
3017759,122.0
3017760,96.0
3017761,137.0
3017762,26.0
3017763,1728.218
3017764,4.0
3017765,1.0
3017766,11.0
3017767,3.0
3017768,0.0
3017769,74.0
3017770,0.0
3017771,0.0
3017772,2.0
3017773,49.0
3017774,0.0
3017775,44.452
3017776,50.0
3017777,1.0
3017778,2.0
3017779,88.651
3017780,12.0
3017781,194.417
3017782,0.0
3017783,1.0
3017784,2.0
3017785,0.0
3017786,4.0
3017787,1636.0
3017788,0.0
3017789,197.0
3017790,9.0
3017791,885.0
3017792,398.0
3017793,190.0
3017794,108.0
3017795,90.796
3017796,2447.45
3017797,5.0
3017798,0.0
3017799,20.0
3017800,14.0
3017801,0.0
3017802,206.0
3017803,0.0
3017804,0.0
3017805,19.0
3017806,58.0
3017807,1.0
3017808,200.256
3017809,189.0
3017810,6.0
3017811,2.0
3017812,278.804
3017813,39.0
3017814,1218.932
3017815,0.0
3017816,1.0
3017817,1.0
3017818,1.0
3017819,0.0
3017820,2301.5361
3017821,0.0
3017822,840.0
3017823,11.0
3017824,802.0
3017825,576.0
3017826,299.419
3017827,151.0
3017828,92.0
3017829,4162.632
3017830,5.0
3017831,10.0
3017832,29.0
3017833,47.0
3017834,0.0
3017835,221.0
3017836,1.0
3017837,7.0
3017838,4.0
3017839,54.0
3017840,3.0
3017841,174.091
3017842,243.0
3017843,3.0
3017844,3.0
3017845,197.791
3017846,40.282
3017847,599.0
3017848,4.0
3017849,0.0
3017850,5.0
3017851,0.0
3017852,1.0
3017853,2394.0
3017854,0.0
3017855,107.0
3017856,7.0
3017857,601.0
3017858,196.0
3017859,165.0
3017860,172.0
3017861,145.0
3017862,1920.9427
3017863,6.0
3017864,2.0
3017865,11.0
3017866,7.0
3017867,0.0
3017868,103.0
3017869,0.0
3017870,0.0
3017871,0.0
3017872,176.0
3017873,3.0
3017874,187.359
3017875,62.0
3017876,1.0
3017877,1.0
3017878,85.663
3017879,19.0
3017880,381.317
3017881,0.0
3017882,4.0
3017883,8.0
3017884,0.0
3017885,1.0
3017886,3532.4873
3017887,0.0
3017888,612.0
3017889,15.0
3017890,984.0
3017891,691.0
3017892,327.992
3017893,114.0
3017894,192.0
3017895,3547.9792
3017896,14.0
3017897,0.0
3017898,123.0
3017899,9.0
3017900,0.0
3017901,289.0
3017902,0.0
3017903,56.0
3017904,9.0
3017905,161.0
3017906,2.0
3017907,218.02
3017908,268.0
3017909,3.0
3017910,5.0
3017911,185.563
3017912,58.054
3017913,1389.594
3017914,0.0
3017915,4.0
3017916,9.0
3017917,0.0
3017918,4.0
3017919,2172.982
3017920,0.0
3017921,353.868
3017922,7.0
3017923,640.0
3017924,731.0
3017925,123.229004
3017926,102.0
3017927,115.356
3017928,2969.0317
3017929,43.0
3017930,1.0
3017931,43.0
3017932,21.0
3017933,0.0
3017934,133.0
3017935,16.0
3017936,16.0
3017937,2.0
3017938,111.0
3017939,10.0
3017940,263.048
3017941,177.0
3017942,9.0
3017943,10.0
3017944,228.93
3017945,73.832
3017946,2168.2588
3017947,0.0
3017948,7.0
3017949,6.0
3017950,0.0
3017951,5.0
3017952,2110.205
3017953,0.0
3017954,343.906
3017955,6.0
3017956,693.0
3017957,690.0
3017958,143.333
3017959,75.0
3017960,110.988
3017961,3051.693
3017962,21.0
3017963,2.0
3017964,58.0
3017965,13.0
3017966,0.0
3017967,270.0
3017968,23.0
3017969,14.0
3017970,15.0
3017971,188.0
3017972,26.0
3017973,203.082
3017974,323.0
3017975,9.0
3017976,3.0
3017977,180.442
3017978,76.205
3017979,1918.375
3017980,0.0
3017981,17.16
3017982,6.0
3017983,1.0
3017984,2.0
3017985,2849.2656
3017986,0.0
3017987,567.0
3017988,3.0
3017989,1032.0
3017990,507.0
3017991,149.659
3017992,150.0
3017993,35.0
3017994,4793.9023
3017995,21.0
3017996,0.0
3017997,14.0
3017998,15.0
3017999,0.0
3018000,275.0
3018001,3.0
3018002,11.0
3018003,7.0
3018004,75.0
3018005,5.0
3018006,185.528
3018007,224.0
3018008,7.0
3018009,19.0
3018010,328.275
3018011,74.094
3018012,1359.288
3018013,11.0
3018014,17.0
3018015,3.0
3018016,0.0
3018017,6.0
3018018,2141.189
3018019,0.0
3018020,294.703
3018021,8.0
3018022,648.0
3018023,661.0
3018024,241.129
3018025,134.0
3018026,116.393
3018027,2693.67
3018028,27.0
3018029,1.0
3018030,29.0
3018031,8.0
3018032,1.0
3018033,166.0
3018034,16.0
3018035,34.0
3018036,2.0
3018037,152.0
3018038,13.0
3018039,517.576
3018040,200.0
3018041,6.0
3018042,12.0
3018043,452.253
3018044,66.976
3018045,2051.2703
3018046,0.0
3018047,29.553
3018048,2.0
3018049,0.0
3018050,0.0
3018051,5060.6035
3018052,0.0
3018053,326.0
3018054,26.0
3018055,1250.0
3018056,424.0
3018057,297.0
3018058,129.0
3018059,97.969
3018060,5434.049
3018061,10.0
3018062,3.0
3018063,33.0
3018064,17.0
3018065,0.0
3018066,260.0
3018067,0.0
3018068,0.0
3018069,7.0
3018070,19.0
3018071,2.0
3018072,120.254
3018073,254.0
3018074,6.0
3018075,7.0
3018076,267.397
3018077,46.0
3018078,817.628
3018079,0.0
3018080,3.0
3018081,10.0
3018082,0.0
3018083,17.0
3018084,2040.6139
3018085,0.0
3018086,515.194
3018087,12.0
3018088,1020.0
3018089,771.0
3018090,267.677
3018091,168.0
3018092,257.935
3018093,3526.9746
3018094,32.0
3018095,1.0
3018096,36.0
3018097,30.0
3018098,0.0
3018099,298.0
3018100,28.0
3018101,45.0
3018102,6.0
3018103,140.0
3018104,10.0
3018105,494.545
3018106,376.0
3018107,18.0
3018108,15.0
3018109,248.628
3018110,58.807
3018111,2268.481
3018112,1.0
3018113,11.0
3018114,4.0
3018115,0.0
3018116,4.0
3018117,1906.0
3018118,0.0
3018119,378.391
3018120,10.0
3018121,598.0
3018122,858.0
3018123,165.223
3018124,139.0
3018125,119.0
3018126,2618.0
3018127,29.0
3018128,1.0
3018129,20.0
3018130,17.0
3018131,0.0
3018132,129.0
3018133,16.0
3018134,36.0
3018135,10.0
3018136,148.0
3018137,15.0
3018138,248.464
3018139,223.0
3018140,10.0
3018141,13.0
3018142,272.082
3018143,47.361
3018144,2191.701
3018145,0.0
3018146,11.397
3018147,16.0
3018148,0.0
3018149,12.0
3018150,4698.706
3018151,0.0
3018152,479.0
3018153,19.0
3018154,1259.0
3018155,718.0
3018156,296.243
3018157,149.0
3018158,110.219
3018159,4423.6426
3018160,33.0
3018161,0.0
3018162,20.0
3018163,25.0
3018164,0.0
3018165,244.0
3018166,0.0
3018167,23.0
3018168,0.0
3018169,93.0
3018170,1.0
3018171,200.33101
3018172,305.0
3018173,3.0
3018174,0.0
3018175,332.742
3018176,133.957
3018177,1652.402
3018178,2.0
3018179,1.0
3018180,25.0
3018181,0.0
3018182,16.0
3018183,9004.947
3018184,0.0
3018185,1772.026
3018186,13.0
3018187,2102.8171
3018188,2310.6785
3018189,616.01
3018190,641.0
3018191,484.234
3018192,9223.173
3018193,54.0
3018194,6.0
3018195,126.0
3018196,124.0
3018197,0.0
3018198,607.0
3018199,32.0
3018200,49.0
3018201,31.0
3018202,560.0
3018203,36.0
3018204,1435.457
3018205,773.0
3018206,51.0
3018207,48.0
3018208,1489.224
3018209,276.162
3018210,8336.919
3018211,380.0
3018212,127.927
3018213,19.0
3018214,0.0
3018215,14.0
3018216,8652.09
3018217,0.0
3018218,1357.47
3018219,28.0
3018220,2311.218
3018221,2113.9277
3018222,863.73
3018223,404.0
3018224,483.803
3018225,10414.565
3018226,149.0
3018227,2.0
3018228,132.0
3018229,76.0
3018230,1.0
3018231,626.0
3018232,25.0
3018233,69.0
3018234,4.0
3018235,470.0
3018236,28.0
3018237,2297.823
3018238,765.0
3018239,53.0
3018240,33.0
3018241,1782.735
3018242,318.648
3018243,5903.7705
3018244,700.0
3018245,135.124
3018246,18.0
3018247,0.0
3018248,45.0
3018249,5595.902
3018250,0.0
3018251,1015.0
3018252,16.0
3018253,1919.113
3018254,1605.0
3018255,1019.511
3018256,167.0
3018257,412.629
3018258,8746.981
3018259,37.0
3018260,4.0
3018261,159.0
3018262,26.0
3018263,0.0
3018264,620.0
3018265,30.0
3018266,51.0
3018267,10.0
3018268,246.0
3018269,19.0
3018270,1880.324
3018271,826.0
3018272,34.0
3018273,49.0
3018274,1005.745
3018275,198.099
3018276,2420.5876
3018277,400.0
3018278,49.924
3018279,21.0
3018280,0.0
3018281,35.0
3018282,8060.0645
3018283,0.0
3018284,1255.752
3018285,32.0
3018286,2071.8274
3018287,1903.888
3018288,839.1
3018289,370.0
3018290,316.886
3018291,9400.0
3018292,74.0
3018293,6.0
3018294,87.0
3018295,86.0
3018296,2.0
3018297,581.0
3018298,14.0
3018299,66.0
3018300,4.0
3018301,461.0
3018302,28.0
3018303,1355.95
3018304,786.0
3018305,23.0
3018306,33.0
3018307,1449.797
3018308,259.29102
3018309,5168.239
3018310,590.0
3018311,92.123
3018312,14.0
3018313,0.0
3018314,25.0
3018315,4347.0195
3018316,0.0
3018317,941.0
3018318,21.0
3018319,1789.9417
3018320,1377.0
3018321,787.178
3018322,122.0
3018323,313.134
3018324,7442.8716
3018325,56.0
3018326,0.0
3018327,27.0
3018328,39.0
3018329,0.0
3018330,556.0
3018331,19.0
3018332,15.0
3018333,6.0
3018334,284.0
3018335,11.0
3018336,1592.291
3018337,761.0
3018338,25.0
3018339,29.0
3018340,1050.864
3018341,149.759
3018342,2218.712
3018343,440.0
3018344,34.453
3018345,23.0
3018346,0.0
3018347,11.0
3018348,6327.96
3018349,0.0
3018350,1323.13
3018351,31.0
3018352,1617.9941
3018353,2005.837
3018354,505.335
3018355,498.0
3018356,428.885
3018357,7357.768
3018358,78.0
3018359,1.0
3018360,69.0
3018361,48.0
3018362,0.0
3018363,406.0
3018364,11.0
3018365,49.0
3018366,8.0
3018367,495.0
3018368,22.0
3018369,1349.165
3018370,496.0
3018371,17.0
3018372,31.0
3018373,1290.441
3018374,291.781
3018375,6635.476
3018376,265.0
3018377,99.916
3018378,12.0
3018379,1.0
3018380,5.0
3018381,1662.7716
3018382,0.0
3018383,312.186
3018384,39.0
3018385,775.0
3018386,489.0
3018387,274.363
3018388,95.0
3018389,107.0
3018390,2586.261
3018391,39.0
3018392,2.0
3018393,31.0
3018394,29.0
3018395,0.0
3018396,167.0
3018397,5.0
3018398,16.0
3018399,7.0
3018400,136.0
3018401,8.0
3018402,327.28
3018403,204.0
3018404,7.0
3018405,9.0
3018406,297.857
3018407,55.691
3018408,1470.092
3018409,1.0
3018410,8.402
3018411,14.0
3018412,0.0
3018413,13.0
3018414,4265.148
3018415,0.0
3018416,677.468
3018417,36.0
3018418,1527.8049
3018419,1208.0
3018420,541.979
3018421,117.0
3018422,146.25
3018423,6247.5205
3018424,76.0
3018425,1.0
3018426,62.0
3018427,43.0
3018428,0.0
3018429,385.0
3018430,22.0
3018431,10.0
3018432,9.0
3018433,227.0
3018434,9.0
3018435,840.249
3018436,537.0
3018437,15.0
3018438,20.0
3018439,601.423
3018440,126.951004
3018441,2044.9496
3018442,337.0
3018443,22.524
3018444,6.0
3018445,0.0
3018446,6.0
3018447,4279.669
3018448,0.0
3018449,932.583
3018450,16.0
3018451,1395.0066
3018452,1585.4132
3018453,394.156
3018454,419.0
3018455,414.811
3018456,4826.147
3018457,58.0
3018458,2.0
3018459,41.0
3018460,33.0
3018461,0.0
3018462,333.0
3018463,2.0
3018464,73.0
3018465,12.0
3018466,384.0
3018467,17.0
3018468,1183.736
3018469,362.0
3018470,37.0
3018471,7.0
3018472,1081.482
3018473,189.306
3018474,5197.7085
3018475,0.0
3018476,74.934
3018477,17.0
3018478,0.0
3018479,13.0
3018480,5644.0
3018481,0.0
3018482,1213.521
3018483,25.0
3018484,1940.0
3018485,1517.0
3018486,497.079
3018487,287.0
3018488,837.665
3018489,8464.0
3018490,68.0
3018491,1.0
3018492,84.0
3018493,64.0
3018494,0.0
3018495,456.0
3018496,9.0
3018497,78.0
3018498,22.0
3018499,719.0
3018500,19.0
3018501,991.942
3018502,545.0
3018503,39.0
3018504,34.0
3018505,775.523
3018506,191.747
3018507,6163.229
3018508,4.0
3018509,23.0
3018510,6.0
3018511,0.0
3018512,1.0
3018513,2281.0
3018514,0.0
3018515,528.605
3018516,4.0
3018517,851.0
3018518,560.0
3018519,242.103
3018520,96.0
3018521,198.703
3018522,2783.5667
3018523,14.0
3018524,0.0
3018525,48.0
3018526,12.0
3018527,0.0
3018528,169.0
3018529,12.0
3018530,31.0
3018531,8.0
3018532,265.0
3018533,4.0
3018534,557.834
3018535,225.0
3018536,3.0
3018537,2.0
3018538,276.109
3018539,70.213
3018540,2308.84
3018541,1.0
3018542,8.0
3018543,11.0
3018544,0.0
3018545,0.0
3018546,3223.0
3018547,0.0
3018548,137.0
3018549,8.0
3018550,644.0
3018551,254.0
3018552,187.069
3018553,80.0
3018554,27.0
3018555,2860.8923
3018556,2.0
3018557,1.0
3018558,10.0
3018559,6.0
3018560,0.0
3018561,163.0
3018562,0.0
3018563,0.0
3018564,6.0
3018565,45.0
3018566,0.0
3018567,50.756
3018568,155.0
3018569,0.0
3018570,0.0
3018571,80.759
3018572,54.0
3018573,546.25
3018574,0.0
3018575,0.0
3018576,5.0
3018577,0.0
3018578,6.0
3018579,2863.2056
3018580,0.0
3018581,533.632
3018582,11.0
3018583,953.0
3018584,1044.0
3018585,368.088
3018586,178.0
3018587,183.425
3018588,4184.172
3018589,41.0
3018590,1.0
3018591,24.0
3018592,44.0
3018593,0.0
3018594,209.0
3018595,16.0
3018596,23.0
3018597,20.0
3018598,177.0
3018599,11.0
3018600,621.549
3018601,292.0
3018602,10.0
3018603,36.0
3018604,605.954
3018605,131.786
3018606,2282.7708
3018607,0.0
3018608,52.797
3018609,2.0
3018610,0.0
3018611,3.0
3018612,3269.6035
3018613,0.0
3018614,495.624
3018615,15.0
3018616,723.0
3018617,1084.0
3018618,160.218
3018619,212.0
3018620,237.0
3018621,3204.6965
3018622,45.0
3018623,3.0
3018624,21.0
3018625,17.0
3018626,2.0
3018627,179.0
3018628,10.0
3018629,39.0
3018630,12.0
3018631,282.0
3018632,29.0
3018633,514.948
3018634,187.0
3018635,5.0
3018636,13.0
3018637,629.61597
3018638,149.645
3018639,4036.1465
3018640,0.0
3018641,40.477
3018642,3.0
3018643,1.0
3018644,13.0
3018645,4091.9353
3018646,0.0
3018647,655.41
3018648,16.0
3018649,841.0
3018650,1275.0
3018651,309.323
3018652,294.0
3018653,168.462
3018654,4226.7666
3018655,48.0
3018656,1.0
3018657,70.0
3018658,45.0
3018659,0.0
3018660,309.0
3018661,28.0
3018662,35.0
3018663,22.0
3018664,227.0
3018665,11.0
3018666,515.96
3018667,325.0
3018668,17.0
3018669,17.0
3018670,774.147
3018671,114.433
3018672,3857.7124
3018673,2.0
3018674,48.734
3018675,18.0
3018676,1.0
3018677,4.0
3018678,2760.9575
3018679,0.0
3018680,387.0
3018681,10.0
3018682,1412.2251
3018683,738.0
3018684,636.69
3018685,106.0
3018686,133.0
3018687,5398.39
3018688,14.0
3018689,0.0
3018690,75.0
3018691,35.0
3018692,0.0
3018693,343.0
3018694,5.0
3018695,3.0
3018696,8.0
3018697,101.0
3018698,5.0
3018699,309.245
3018700,373.0
3018701,11.0
3018702,2.0
3018703,525.224
3018704,112.1
3018705,1453.078
3018706,140.0
3018707,23.831
3018708,6.0
3018709,0.0
3018710,3.0
3018711,1978.8251
3018712,0.0
3018713,243.22
3018714,3.0
3018715,351.0
3018716,526.0
3018717,99.488
3018718,113.0
3018719,107.794
3018720,2059.7183
3018721,19.0
3018722,0.0
3018723,17.0
3018724,31.0
3018725,0.0
3018726,116.0
3018727,9.0
3018728,10.0
3018729,8.0
3018730,90.0
3018731,6.0
3018732,211.756
3018733,227.0
3018734,3.0
3018735,6.0
3018736,217.664
3018737,48.058
3018738,1922.126
3018739,0.0
3018740,20.15
3018741,2.0
3018742,0.0
3018743,3.0
3018744,1332.0
3018745,0.0
3018746,113.0
3018747,5.0
3018748,676.0
3018749,255.0
3018750,276.0
3018751,17.0
3018752,28.0
3018753,2846.3003
3018754,4.0
3018755,0.0
3018756,5.0
3018757,15.0
3018758,0.0
3018759,140.0
3018760,8.0
3018761,0.0
3018762,0.0
3018763,49.0
3018764,0.0
3018765,165.2
3018766,151.0
3018767,0.0
3018768,5.0
3018769,146.996
3018770,37.0
3018771,251.612
3018772,9.0
3018773,0.0
3018774,11.0
3018775,0.0
3018776,2.0
3018777,4451.9155
3018778,0.0
3018779,582.0
3018780,20.0
3018781,1759.0726
3018782,527.0
3018783,447.316
3018784,170.0
3018785,138.0
3018786,6988.4995
3018787,27.0
3018788,1.0
3018789,37.0
3018790,13.0
3018791,0.0
3018792,402.0
3018793,7.0
3018794,6.0
3018795,10.0
3018796,91.0
3018797,2.0
3018798,526.534
3018799,348.0
3018800,3.0
3018801,31.0
3018802,368.711
3018803,88.724
3018804,1280.458
3018805,26.0
3018806,9.0
3018807,8.0
3018808,0.0
3018809,0.0
3018810,1643.0
3018811,0.0
3018812,139.0
3018813,3.0
3018814,662.0
3018815,294.0
3018816,199.0
3018817,43.0
3018818,30.0
3018819,2796.087
3018820,10.0
3018821,0.0
3018822,12.0
3018823,15.0
3018824,0.0
3018825,128.0
3018826,4.0
3018827,0.0
3018828,9.0
3018829,84.0
3018830,0.0
3018831,124.649
3018832,155.0
3018833,1.0
3018834,16.0
3018835,139.275
3018836,17.0
3018837,334.828
3018838,17.0
3018839,1.0
3018840,9.0
3018841,0.0
3018842,3.0
3018843,1796.0
3018844,0.0
3018845,111.0
3018846,13.0
3018847,775.0
3018848,315.0
3018849,176.0
3018850,18.0
3018851,54.0
3018852,3101.9478
3018853,18.0
3018854,0.0
3018855,27.0
3018856,8.0
3018857,0.0
3018858,179.0
3018859,5.0
3018860,0.0
3018861,1.0
3018862,126.0
3018863,0.0
3018864,177.765
3018865,211.0
3018866,2.0
3018867,4.0
3018868,151.78
3018869,11.0
3018870,231.321
3018871,12.0
3018872,2.0
3018873,10.0
3018874,0.0
3018875,0.0
3018876,1621.0
3018877,0.0
3018878,136.0
3018879,30.0
3018880,1138.0
3018881,437.0
3018882,234.0
3018883,43.0
3018884,83.0
3018885,3547.0386
3018886,12.0
3018887,0.0
3018888,10.0
3018889,31.0
3018890,0.0
3018891,256.0
3018892,3.0
3018893,0.0
3018894,1.0
3018895,20.0
3018896,4.0
3018897,411.581
3018898,283.0
3018899,1.0
3018900,6.0
3018901,200.442
3018902,105.0
3018903,420.427
3018904,8.0
3018905,7.0
3018906,7.0
3018907,1.0
3018908,4.0
3018909,1418.0
3018910,0.0
3018911,136.0
3018912,5.0
3018913,837.0
3018914,290.0
3018915,231.0
3018916,81.0
3018917,86.0
3018918,2593.923
3018919,5.0
3018920,1.0
3018921,9.0
3018922,19.0
3018923,0.0
3018924,190.0
3018925,7.0
3018926,0.0
3018927,3.0
3018928,39.0
3018929,2.0
3018930,82.991
3018931,147.0
3018932,1.0
3018933,2.0
3018934,100.798004
3018935,38.0
3018936,465.97
3018937,4.0
3018938,2.0
3018939,5.0
3018940,0.0
3018941,3.0
3018942,1222.0
3018943,0.0
3018944,113.0
3018945,9.0
3018946,654.0
3018947,232.0
3018948,110.0
3018949,132.0
3018950,88.613
3018951,2079.7422
3018952,0.0
3018953,0.0
3018954,25.0
3018955,17.0
3018956,0.0
3018957,163.0
3018958,0.0
3018959,0.0
3018960,4.0
3018961,66.0
3018962,2.0
3018963,26.535
3018964,153.0
3018965,1.0
3018966,2.0
3018967,58.697
3018968,16.0
3018969,445.071
3018970,0.0
3018971,0.0
3018972,4.0
3018973,0.0
3018974,2.0
3018975,3209.1582
3018976,0.0
3018977,306.0
3018978,8.0
3018979,1093.0
3018980,610.0
3018981,513.0
3018982,134.0
3018983,165.0
3018984,4548.5303
3018985,28.0
3018986,1.0
3018987,36.0
3018988,19.0
3018989,0.0
3018990,285.0
3018991,0.0
3018992,0.0
3018993,32.0
3018994,144.0
3018995,8.0
3018996,177.922
3018997,325.0
3018998,3.0
3018999,5.0
3019000,389.311
3019001,70.0
3019002,1094.996
3019003,49.0
3019004,16.0
3019005,6.0
3019006,0.0
3019007,6.0
3019008,2416.3987
3019009,0.0
3019010,492.0
3019011,18.0
3019012,663.0
3019013,511.0
3019014,173.644
3019015,129.0
3019016,77.662
3019017,2842.8323
3019018,11.0
3019019,0.0
3019020,25.0
3019021,30.0
3019022,0.0
3019023,182.0
3019024,5.0
3019025,0.0
3019026,3.0
3019027,65.0
3019028,2.0
3019029,93.08
3019030,171.0
3019031,4.0
3019032,8.0
3019033,187.222
3019034,57.12
3019035,1329.457
3019036,37.0
3019037,13.32
3019038,5.0
3019039,0.0
3019040,4.0
3019041,3307.5544
3019042,0.0
3019043,212.0
3019044,12.0
3019045,1185.0
3019046,441.0
3019047,426.0
3019048,50.0
3019049,60.0
3019050,4539.689
3019051,50.0
3019052,4.0
3019053,12.0
3019054,7.0
3019055,0.0
3019056,233.0
3019057,12.0
3019058,0.0
3019059,1.0
3019060,73.0
3019061,2.0
3019062,189.56
3019063,264.0
3019064,1.0
3019065,14.0
3019066,306.323
3019067,30.0
3019068,593.349
3019069,12.0
3019070,6.0
3019071,7.0
3019072,0.0
3019073,7.0
3019074,2908.681
3019075,0.0
3019076,637.0
3019077,12.0
3019078,659.0
3019079,734.0
3019080,251.246
3019081,179.0
3019082,118.0
3019083,3704.872
3019084,39.0
3019085,1.0
3019086,28.0
3019087,12.0
3019088,0.0
3019089,220.0
3019090,30.0
3019091,32.0
3019092,6.0
3019093,159.0
3019094,13.0
3019095,304.844
3019096,225.0
3019097,9.0
3019098,8.0
3019099,359.522
3019100,130.451
3019101,2233.2817
3019102,0.0
3019103,26.413
3019104,9.0
3019105,0.0
3019106,3.0
3019107,5089.6987
3019108,0.0
3019109,422.0
3019110,14.0
3019111,1299.0
3019112,742.0
3019113,615.367
3019114,107.0
3019115,130.0
3019116,6058.628
3019117,13.0
3019118,2.0
3019119,15.0
3019120,13.0
3019121,0.0
3019122,343.0
3019123,0.0
3019124,10.0
3019125,3.0
3019126,93.0
3019127,3.0
3019128,340.30402
3019129,395.0
3019130,5.0
3019131,6.0
3019132,257.851
3019133,79.193
3019134,1086.386
3019135,68.0
3019136,14.323999
3019137,12.0
3019138,0.0
3019139,6.0
3019140,2584.0
3019141,0.0
3019142,356.0
3019143,15.0
3019144,1285.0
3019145,496.0
3019146,303.396
3019147,255.0
3019148,146.946
3019149,4736.4756
3019150,3.0
3019151,0.0
3019152,36.0
3019153,28.0
3019154,0.0
3019155,265.0
3019156,8.0
3019157,5.0
3019158,6.0
3019159,136.0
3019160,4.0
3019161,105.075
3019162,220.0
3019163,8.0
3019164,8.0
3019165,198.429
3019166,121.988
3019167,1167.53
3019168,0.0
3019169,9.0
3019170,5.0
3019171,0.0
3019172,2.0
3019173,2243.0
3019174,0.0
3019175,107.0
3019176,11.0
3019177,674.0
3019178,340.0
3019179,193.0
3019180,66.0
3019181,175.801
3019182,2638.0
3019183,18.0
3019184,2.0
3019185,18.0
3019186,24.0
3019187,0.0
3019188,172.0
3019189,0.0
3019190,0.0
3019191,8.0
3019192,482.0
3019193,6.0
3019194,115.821
3019195,135.0
3019196,3.0
3019197,6.0
3019198,163.44699
3019199,23.0
3019200,404.119
3019201,12.0
3019202,0.0
3019203,0.0
3019204,0.0
3019205,3.0
3019206,1481.0
3019207,0.0
3019208,171.248
3019209,15.0
3019210,397.0
3019211,416.0
3019212,117.509
3019213,38.0
3019214,67.0
3019215,2019.291
3019216,10.0
3019217,1.0
3019218,16.0
3019219,4.0
3019220,2.0
3019221,110.0
3019222,11.0
3019223,6.0
3019224,5.0
3019225,96.0
3019226,10.0
3019227,216.889
3019228,127.0
3019229,2.0
3019230,2.0
3019231,211.438
3019232,26.0
3019233,843.001
3019234,0.0
3019235,13.0
3019236,4.0
3019237,0.0
3019238,2.0
3019239,3737.785
3019240,0.0
3019241,797.436
3019242,16.0
3019243,1092.0
3019244,1184.0
3019245,317.066
3019246,219.0
3019247,200.123
3019248,4140.973
3019249,44.0
3019250,0.0
3019251,24.0
3019252,16.0
3019253,0.0
3019254,196.0
3019255,10.0
3019256,25.0
3019257,1.0
3019258,114.0
3019259,15.0
3019260,405.397
3019261,254.0
3019262,14.0
3019263,17.0
3019264,467.265
3019265,115.483
3019266,3285.9192
3019267,0.0
3019268,35.414
3019269,2.0
3019270,0.0
3019271,2.0
3019272,2832.7542
3019273,0.0
3019274,628.291
3019275,26.0
3019276,766.0
3019277,1019.0
3019278,250.848
3019279,190.0
3019280,417.3
3019281,2574.635
3019282,55.0
3019283,3.0
3019284,49.0
3019285,16.0
3019286,0.0
3019287,162.0
3019288,0.0
3019289,40.0
3019290,12.0
3019291,856.0
3019292,26.0
3019293,395.19598
3019294,140.0
3019295,9.0
3019296,6.0
3019297,230.031
3019298,69.976
3019299,2600.111
3019300,3.0
3019301,15.0
3019302,1.0
3019303,0.0
3019304,0.0
3019305,675.0
3019306,0.0
3019307,214.0
3019308,5.0
3019309,234.0
3019310,253.0
3019311,70.279
3019312,30.0
3019313,24.0
3019314,1487.5455
3019315,4.0
3019316,1.0
3019317,12.0
3019318,9.0
3019319,0.0
3019320,62.0
3019321,0.0
3019322,3.0
3019323,0.0
3019324,41.0
3019325,1.0
3019326,261.386
3019327,101.0
3019328,4.0
3019329,2.0
3019330,160.717
3019331,17.0
3019332,431.246
3019333,0.0
3019334,5.0
3019335,12.0
3019336,0.0
3019337,3.0
3019338,3290.4175
3019339,0.0
3019340,570.498
3019341,18.0
3019342,709.0
3019343,972.0
3019344,304.43
3019345,240.0
3019346,275.0
3019347,3903.6643
3019348,25.0
3019349,6.0
3019350,13.0
3019351,24.0
3019352,0.0
3019353,177.0
3019354,13.0
3019355,64.0
3019356,16.0
3019357,461.0
3019358,4.0
3019359,311.732
3019360,203.0
3019361,10.0
3019362,15.0
3019363,367.858
3019364,87.987
3019365,2564.3965
3019366,3.0
3019367,13.9279995
3019368,1.0
3019369,0.0
3019370,2.0
3019371,3890.591
3019372,0.0
3019373,695.0
3019374,24.0
3019375,1799.0
3019376,838.0
3019377,397.906
3019378,266.0
3019379,118.0
3019380,5885.223
3019381,21.0
3019382,0.0
3019383,29.0
3019384,12.0
3019385,0.0
3019386,296.0
3019387,0.0
3019388,10.0
3019389,2.0
3019390,103.0
3019391,2.0
3019392,201.323
3019393,309.0
3019394,3.0
3019395,2.0
3019396,280.5
3019397,63.768
3019398,1816.567
3019399,2.0
3019400,5.0
3019401,10.0
3019402,1.0
3019403,4.0
3019404,2929.0
3019405,0.0
3019406,665.0
3019407,23.0
3019408,963.0
3019409,665.0
3019410,203.941
3019411,224.0
3019412,175.881
3019413,4135.3184
3019414,19.0
3019415,2.0
3019416,41.0
3019417,27.0
3019418,0.0
3019419,236.0
3019420,0.0
3019421,6.0
3019422,14.0
3019423,198.0
3019424,1.0
3019425,79.501
3019426,230.0
3019427,5.0
3019428,12.0
3019429,184.457
3019430,81.516
3019431,1131.445
3019432,6.0
3019433,5.0
3019434,9.0
3019435,0.0
3019436,12.0
3019437,8862.007
3019438,0.0
3019439,1156.9
3019440,40.0
3019441,1917.9083
3019442,2106.0527
3019443,355.9
3019444,497.0
3019445,354.405
3019446,8236.291
3019447,58.0
3019448,0.0
3019449,58.0
3019450,44.0
3019451,0.0
3019452,509.0
3019453,53.0
3019454,69.0
3019455,27.0
3019456,299.0
3019457,29.0
3019458,705.526
3019459,584.0
3019460,22.0
3019461,26.0
3019462,1057.825
3019463,231.714
3019464,7764.837
3019465,0.0
3019466,71.917
3019467,2.0
3019468,0.0
3019469,1.0
3019470,1454.0
3019471,0.0
3019472,198.0
3019473,1.0
3019474,391.0
3019475,275.0
3019476,141.0
3019477,128.0
3019478,79.0
3019479,2075.5278
3019480,4.0
3019481,2.0
3019482,14.0
3019483,7.0
3019484,0.0
3019485,266.0
3019486,1.0
3019487,0.0
3019488,1.0
3019489,73.0
3019490,3.0
3019491,68.068
3019492,57.0
3019493,3.0
3019494,2.0
3019495,90.248
3019496,13.0
3019497,432.549
3019498,0.0
3019499,8.0
3019500,11.0
3019501,0.0
3019502,3.0
3019503,3251.7783
3019504,0.0
3019505,483.0
3019506,9.0
3019507,1250.0
3019508,719.0
3019509,250.414
3019510,246.0
3019511,227.09
3019512,4871.7
3019513,20.0
3019514,0.0
3019515,23.0
3019516,15.0
3019517,0.0
3019518,235.0
3019519,1.0
3019520,10.0
3019521,7.0
3019522,15.0
3019523,2.0
3019524,342.718
3019525,205.0
3019526,7.0
3019527,9.0
3019528,144.674
3019529,89.972
3019530,1226.474
3019531,3.0
3019532,12.0
3019533,4.0
3019534,0.0
3019535,2.0
3019536,969.0
3019537,0.0
3019538,115.0
3019539,4.0
3019540,865.0
3019541,193.0
3019542,79.0
3019543,153.0
3019544,29.0
3019545,2035.0845
3019546,2.0
3019547,1.0
3019548,3.0
3019549,15.0
3019550,0.0
3019551,94.0
3019552,0.0
3019553,0.0
3019554,1.0
3019555,95.0
3019556,2.0
3019557,68.97
3019558,92.0
3019559,1.0
3019560,1.0
3019561,81.034004
3019562,20.0
3019563,264.265
3019564,0.0
3019565,2.0
3019566,11.0
3019567,0.0
3019568,4.0
3019569,5257.0
3019570,0.0
3019571,183.0
3019572,13.0
3019573,833.0
3019574,447.0
3019575,159.0
3019576,130.0
3019577,150.0
3019578,3092.2449
3019579,9.0
3019580,0.0
3019581,104.0
3019582,22.0
3019583,0.0
3019584,418.0
3019585,0.0
3019586,0.0
3019587,10.0
3019588,113.0
3019589,2.0
3019590,316.49802
3019591,200.0
3019592,2.0
3019593,4.0
3019594,327.303
3019595,30.0
3019596,1107.386
3019597,0.0
3019598,3.0
3019599,3.0
3019600,1.0
3019601,3.0
3019602,2679.4668
3019603,0.0
3019604,671.0
3019605,12.0
3019606,951.0
3019607,467.0
3019608,171.674
3019609,86.0
3019610,55.0
3019611,4295.2607
3019612,18.0
3019613,0.0
3019614,27.0
3019615,38.0
3019616,0.0
3019617,149.0
3019618,3.0
3019619,5.0
3019620,1.0
3019621,41.0
3019622,2.0
3019623,98.216
3019624,329.0
3019625,1.0
3019626,5.0
3019627,132.301
3019628,40.741
3019629,604.801
3019630,4.0
3019631,0.0
3019632,3.0
3019633,0.0
3019634,2.0
3019635,2028.0
3019636,0.0
3019637,103.0
3019638,2.0
3019639,475.0
3019640,237.0
3019641,107.0
3019642,288.0
3019643,120.0
3019644,2286.2192
3019645,5.0
3019646,1.0
3019647,8.0
3019648,6.0
3019649,0.0
3019650,90.0
3019651,0.0
3019652,0.0
3019653,0.0
3019654,190.0
3019655,1.0
3019656,90.824
3019657,64.0
3019658,1.0
3019659,3.0
3019660,73.411
3019661,37.0
3019662,470.603
3019663,0.0
3019664,0.0
3019665,2.0
3019666,0.0
3019667,4.0
3019668,3796.9658
3019669,0.0
3019670,462.0
3019671,12.0
3019672,772.0
3019673,536.0
3019674,191.983
3019675,175.0
3019676,250.0
3019677,3934.3083
3019678,7.0
3019679,1.0
3019680,35.0
3019681,5.0
3019682,0.0
3019683,203.0
3019684,0.0
3019685,25.0
3019686,4.0
3019687,209.0
3019688,2.0
3019689,203.226
3019690,193.0
3019691,3.0
3019692,2.0
3019693,109.887
3019694,39.0
3019695,1346.42
3019696,1.0
3019697,6.0
3019698,3.0
3019699,0.0
3019700,13.0
3019701,2521.397
3019702,0.0
3019703,333.848
3019704,9.0
3019705,605.0
3019706,656.0
3019707,94.9
3019708,91.0
3019709,105.0
3019710,3156.0632
3019711,40.0
3019712,2.0
3019713,32.0
3019714,28.0
3019715,0.0
3019716,181.0
3019717,23.0
3019718,17.0
3019719,0.0
3019720,130.0
3019721,15.0
3019722,170.98799
3019723,207.0
3019724,8.0
3019725,8.0
3019726,216.012
3019727,42.469
3019728,2175.201
3019729,0.0
3019730,6.844
3019731,7.0
3019732,0.0
3019733,10.0
3019734,2600.9001
3019735,0.0
3019736,455.22
3019737,22.0
3019738,916.0
3019739,771.0
3019740,137.162
3019741,71.0
3019742,125.0
3019743,3752.7993
3019744,41.0
3019745,1.0
3019746,42.0
3019747,24.0
3019748,0.0
3019749,331.0
3019750,32.0
3019751,24.0
3019752,12.0
3019753,415.0
3019754,19.0
3019755,158.14
3019756,363.0
3019757,10.0
3019758,16.0
3019759,156.388
3019760,91.972
3019761,1727.951
3019762,48.0
3019763,24.203
3019764,9.0
3019765,0.0
3019766,2.0
3019767,3363.1345
3019768,0.0
3019769,577.0
3019770,9.0
3019771,1169.0
3019772,517.0
3019773,166.618
3019774,149.0
3019775,108.0
3019776,5562.454
3019777,34.0
3019778,2.0
3019779,14.0
3019780,13.0
3019781,0.0
3019782,269.0
3019783,10.0
3019784,11.0
3019785,5.0
3019786,94.0
3019787,7.0
3019788,137.162
3019789,198.0
3019790,8.0
3019791,6.0
3019792,237.62
3019793,57.121002
3019794,1242.285
3019795,4.0
3019796,16.0
3019797,4.0
3019798,0.0
3019799,5.0
3019800,2524.364
3019801,0.0
3019802,318.694
3019803,13.0
3019804,600.0
3019805,670.0
3019806,200.597
3019807,134.0
3019808,114.0
3019809,3181.2588
3019810,30.0
3019811,2.0
3019812,15.0
3019813,14.0
3019814,0.0
3019815,163.0
3019816,17.0
3019817,16.0
3019818,3.0
3019819,160.0
3019820,9.0
3019821,359.656
3019822,208.0
3019823,7.0
3019824,8.0
3019825,347.38
3019826,71.31
3019827,2193.594
3019828,0.0
3019829,23.773
3019830,1.0
3019831,0.0
3019832,6.0
3019833,5510.5303
3019834,0.0
3019835,412.0
3019836,26.0
3019837,2402.0
3019838,585.0
3019839,256.0
3019840,199.0
3019841,103.808
3019842,7639.0264
3019843,12.0
3019844,2.0
3019845,44.0
3019846,26.0
3019847,0.0
3019848,329.0
3019849,0.0
3019850,0.0
3019851,12.0
3019852,58.0
3019853,4.0
3019854,150.813
3019855,282.0
3019856,4.0
3019857,17.0
3019858,148.522
3019859,42.0
3019860,1084.6
3019861,0.0
3019862,9.0
3019863,8.0
3019864,0.0
3019865,12.0
3019866,2471.6992
3019867,0.0
3019868,538.899
3019869,15.0
3019870,890.0
3019871,713.0
3019872,226.036
3019873,135.0
3019874,271.631
3019875,4070.6926
3019876,55.0
3019877,1.0
3019878,25.0
3019879,37.0
3019880,0.0
3019881,240.0
3019882,39.0
3019883,13.0
3019884,13.0
3019885,180.0
3019886,13.0
3019887,311.217
3019888,390.0
3019889,17.0
3019890,16.0
3019891,246.623
3019892,72.487
3019893,1904.598
3019894,0.0
3019895,5.0
3019896,1.0
3019897,0.0
3019898,5.0
3019899,1797.0
3019900,0.0
3019901,397.543
3019902,3.0
3019903,560.0
3019904,658.0
3019905,126.006
3019906,119.0
3019907,104.0
3019908,2252.0
3019909,21.0
3019910,1.0
3019911,35.0
3019912,24.0
3019913,0.0
3019914,150.0
3019915,13.0
3019916,66.0
3019917,3.0
3019918,84.0
3019919,18.0
3019920,200.287
3019921,173.0
3019922,4.0
3019923,10.0
3019924,198.005
3019925,29.865
3019926,1853.27
3019927,1.0
3019928,8.904
3019929,10.0
3019930,0.0
3019931,4.0
3019932,4931.102
3019933,0.0
3019934,488.0
3019935,30.0
3019936,1171.0
3019937,637.0
3019938,304.294
3019939,224.0
3019940,165.36
3019941,4839.8003
3019942,18.0
3019943,0.0
3019944,21.0
3019945,26.0
3019946,0.0
3019947,232.0
3019948,0.0
3019949,9.0
3019950,6.0
3019951,204.0
3019952,0.0
3019953,201.291
3019954,213.0
3019955,5.0
3019956,0.0
3019957,214.698
3019958,91.144
3019959,1127.177
3019960,4.0
3019961,0.0
3019962,12.0
3019963,0.0
3019964,19.0
3019965,11554.517
3019966,0.0
3019967,1625.735
3019968,23.0
3019969,2447.1855
3019970,2724.8032
3019971,562.529
3019972,665.0
3019973,426.0
3019974,11320.953
3019975,63.0
3019976,3.0
3019977,121.0
3019978,123.0
3019979,0.0
3019980,684.0
3019981,17.0
3019982,37.0
3019983,70.0
3019984,454.0
3019985,34.0
3019986,906.706
3019987,595.0
3019988,44.0
3019989,32.0
3019990,1238.589
3019991,263.702
3019992,10110.43
3019993,611.0
3019994,87.267
3019995,22.0
3019996,0.0
3019997,13.0
3019998,10300.19
3019999,0.0
3020000,1252.026
3020001,38.0
3020002,2637.9634
3020003,2303.4138
3020004,784.226
3020005,401.0
3020006,416.069
3020007,12048.827
3020008,106.0
3020009,2.0
3020010,128.0
3020011,127.0
3020012,2.0
3020013,647.0
3020014,11.0
3020015,37.0
3020016,0.0
3020017,362.0
3020018,27.0
3020019,1162.8411
3020020,760.0
3020021,37.0
3020022,32.0
3020023,1361.544
3020024,282.336
3020025,6808.797
3020026,434.0
3020027,92.479004
3020028,16.0
3020029,0.0
3020030,27.0
3020031,7081.487
3020032,0.0
3020033,943.0
3020034,24.0
3020035,2474.6123
3020036,1497.0
3020037,884.115
3020038,163.0
3020039,255.577
3020040,11086.3
3020041,62.0
3020042,12.0
3020043,56.0
3020044,25.0
3020045,2.0
3020046,653.0
3020047,44.0
3020048,43.0
3020049,12.0
3020050,225.0
3020051,16.0
3020052,957.547
3020053,774.0
3020054,30.0
3020055,53.0
3020056,833.863
3020057,165.772
3020058,3086.7256
3020059,478.0
3020060,53.406
3020061,23.0
3020062,0.0
3020063,28.0
3020064,9797.855
3020065,0.0
3020066,1227.991
3020067,15.0
3020068,2357.3853
3020069,2246.888
3020070,644.508
3020071,379.0
3020072,281.331
3020073,11116.957
3020074,42.0
3020075,0.0
3020076,89.0
3020077,68.0
3020078,2.0
3020079,570.0
3020080,22.0
3020081,36.0
3020082,7.0
3020083,338.0
3020084,19.0
3020085,949.932
3020086,743.0
3020087,42.0
3020088,34.0
3020089,1121.684
3020090,242.139
3020091,5815.08
3020092,557.0
3020093,81.053
3020094,19.0
3020095,0.0
3020096,32.0
3020097,5721.5347
3020098,0.0
3020099,961.0
3020100,17.0
3020101,2250.648
3020102,1364.0
3020103,651.343
3020104,122.0
3020105,237.202
3020106,9833.038
3020107,55.0
3020108,0.0
3020109,52.0
3020110,30.0
3020111,0.0
3020112,571.0
3020113,38.0
3020114,15.0
3020115,5.0
3020116,191.0
3020117,13.0
3020118,844.178
3020119,828.0
3020120,25.0
3020121,37.0
3020122,833.251
3020123,124.282
3020124,2185.398
3020125,461.0
3020126,32.198
3020127,8.0
3020128,0.0
3020129,9.0
3020130,7520.8623
3020131,0.0
3020132,1131.045
3020133,21.0
3020134,1785.2957
3020135,2093.847
3020136,417.34
3020137,433.0
3020138,336.897
3020139,7844.405
3020140,77.0
3020141,5.0
3020142,42.0
3020143,55.0
3020144,0.0
3020145,451.0
3020146,10.0
3020147,32.0
3020148,5.0
3020149,380.0
3020150,20.0
3020151,788.915
3020152,576.0
3020153,26.0
3020154,56.0
3020155,889.85004
3020156,192.412
3020157,7434.8867
3020158,259.0
3020159,72.866
3020160,1.0
3020161,0.0
3020162,10.0
3020163,1805.1726
3020164,0.0
3020165,247.893
3020166,23.0
3020167,686.0
3020168,433.0
3020169,167.978
3020170,77.0
3020171,164.378
3020172,2894.775
3020173,23.0
3020174,1.0
3020175,33.0
3020176,17.0
3020177,0.0
3020178,129.0
3020179,13.0
3020180,12.0
3020181,8.0
3020182,133.0
3020183,8.0
3020184,234.644
3020185,159.0
3020186,3.0
3020187,6.0
3020188,214.238
3020189,46.91
3020190,1466.709
3020191,3.0
3020192,7.32
3020193,14.0
3020194,0.0
3020195,15.0
3020196,4879.217
3020197,0.0
3020198,500.757
3020199,37.0
3020200,1782.6403
3020201,1087.0
3020202,459.709
3020203,121.0
3020204,186.0
3020205,7222.811
3020206,58.0
3020207,5.0
3020208,76.0
3020209,58.0
3020210,0.0
3020211,391.0
3020212,10.0
3020213,13.0
3020214,11.0
3020215,188.0
3020216,15.0
3020217,495.966
3020218,551.0
3020219,13.0
3020220,33.0
3020221,392.521
3020222,77.255
3020223,2240.1978
3020224,367.0
3020225,15.801001
3020226,7.0
3020227,0.0
3020228,7.0
3020229,4705.8247
3020230,0.0
3020231,760.013
3020232,12.0
3020233,1393.0345
3020234,1696.099
3020235,199.885
3020236,293.0
3020237,307.135
3020238,5204.2437
3020239,42.0
3020240,1.0
3020241,87.0
3020242,30.0
3020243,0.0
3020244,276.0
3020245,2.0
3020246,53.0
3020247,4.0
3020248,304.0
3020249,15.0
3020250,580.566
3020251,337.0
3020252,20.0
3020253,6.0
3020254,557.544
3020255,112.321
3020256,5377.123
3020257,1.0
3020258,38.772
3020259,13.0
3020260,0.0
3020261,8.0
3020262,4388.0
3020263,0.0
3020264,914.489
3020265,22.0
3020266,1392.0
3020267,1149.0
3020268,381.137
3020269,223.0
3020270,457.555
3020271,6710.0
3020272,41.0
3020273,8.0
3020274,80.0
3020275,44.0
3020276,0.0
3020277,363.0
3020278,14.0
3020279,86.0
3020280,13.0
3020281,482.0
3020282,10.0
3020283,456.389
3020284,380.0
3020285,17.0
3020286,31.0
3020287,495.055
3020288,89.385
3020289,4250.356
3020290,2.0
3020291,5.0
3020292,6.0
3020293,0.0
3020294,4.0
3020295,2105.0
3020296,0.0
3020297,535.714
3020298,10.0
3020299,984.0
3020300,603.0
3020301,209.254
3020302,98.0
3020303,222.0
3020304,3587.0073
3020305,24.0
3020306,1.0
3020307,50.0
3020308,22.0
3020309,0.0
3020310,200.0
3020311,15.0
3020312,18.0
3020313,12.0
3020314,248.0
3020315,3.0
3020316,353.372
3020317,261.0
3020318,8.0
3020319,4.0
3020320,223.098
3020321,80.798
3020322,2342.9219
3020323,0.0
3020324,6.0
3020325,10.0
3020326,0.0
3020327,0.0
3020328,1827.0
3020329,0.0
3020330,210.0
3020331,6.0
3020332,942.0
3020333,215.0
3020334,230.008
3020335,66.0
3020336,42.0
3020337,3649.5925
3020338,8.0
3020339,1.0
3020340,29.0
3020341,6.0
3020342,0.0
3020343,234.0
3020344,0.0
3020345,0.0
3020346,17.0
3020347,38.0
3020348,1.0
3020349,53.079002
3020350,169.0
3020351,0.0
3020352,4.0
3020353,91.671
3020354,81.0
3020355,696.92
3020356,0.0
3020357,1.0
3020358,7.0
3020359,0.0
3020360,6.0
3020361,3288.4636
3020362,0.0
3020363,536.026
3020364,11.0
3020365,917.0
3020366,895.0
3020367,357.473
3020368,172.0
3020369,135.0
3020370,4579.547
3020371,46.0
3020372,0.0
3020373,28.0
3020374,29.0
3020375,0.0
3020376,268.0
3020377,17.0
3020378,27.0
3020379,11.0
3020380,198.0
3020381,5.0
3020382,461.069
3020383,325.0
3020384,16.0
3020385,21.0
3020386,511.378
3020387,98.66
3020388,2520.8323
3020389,0.0
3020390,35.03
3020391,10.0
3020392,0.0
3020393,4.0
3020394,3442.5322
3020395,0.0
3020396,551.645
3020397,18.0
3020398,671.0
3020399,1056.0
3020400,133.877
3020401,255.0
3020402,182.0
3020403,3218.1692
3020404,37.0
3020405,4.0
3020406,75.0
3020407,31.0
3020408,0.0
3020409,183.0
3020410,15.0
3020411,50.0
3020412,7.0
3020413,238.0
3020414,24.0
3020415,371.711
3020416,159.0
3020417,4.0
3020418,11.0
3020419,476.67902
3020420,112.963
3020421,4131.879
3020422,0.0
3020423,42.545002
3020424,3.0
3020425,0.0
3020426,21.0
3020427,4773.2515
3020428,0.0
3020429,809.417
3020430,29.0
3020431,1015.0
3020432,1280.0
3020433,250.70801
3020434,360.0
3020435,167.993
3020436,4936.284
3020437,43.0
3020438,2.0
3020439,47.0
3020440,46.0
3020441,0.0
3020442,291.0
3020443,42.0
3020444,33.0
3020445,19.0
3020446,204.0
3020447,30.0
3020448,389.796
3020449,354.0
3020450,21.0
3020451,26.0
3020452,579.493
3020453,139.568
3020454,4512.5684
3020455,0.0
3020456,25.244
3020457,8.0
3020458,0.0
3020459,14.0
3020460,3637.1797
3020461,0.0
3020462,457.0
3020463,18.0
3020464,1576.6033
3020465,767.0
3020466,477.783
3020467,163.0
3020468,132.903
3020469,6739.285
3020470,19.0
3020471,3.0
3020472,57.0
3020473,59.0
3020474,0.0
3020475,409.0
3020476,5.0
3020477,4.0
3020478,11.0
3020479,129.0
3020480,2.0
3020481,260.298
3020482,400.0
3020483,7.0
3020484,10.0
3020485,383.387
3020486,129.90399
3020487,1419.264
3020488,138.0
3020489,16.859001
3020490,1.0
3020491,0.0
3020492,1.0
3020493,926.318
3020494,0.0
3020495,136.679
3020496,1.0
3020497,169.0
3020498,266.0
3020499,47.77
3020500,60.0
3020501,50.0
3020502,963.03357
3020503,6.0
3020504,1.0
3020505,13.0
3020506,8.0
3020507,0.0
3020508,61.0
3020509,7.0
3020510,8.0
3020511,3.0
3020512,35.0
3020513,4.0
3020514,88.182
3020515,45.0
3020516,2.0
3020517,0.0
3020518,115.758
3020519,20.346
3020520,891.7539
3020521,0.0
3020522,11.378
3020523,0.0
3020524,0.0
3020525,5.0
3020526,1526.0
3020527,0.0
3020528,119.0
3020529,6.0
3020530,670.0
3020531,270.0
3020532,251.0
3020533,62.0
3020534,42.0
3020535,2794.7524
3020536,13.0
3020537,0.0
3020538,11.0
3020539,13.0
3020540,0.0
3020541,163.0
3020542,2.0
3020543,0.0
3020544,1.0
3020545,8.0
3020546,1.0
3020547,156.282
3020548,150.0
3020549,1.0
3020550,3.0
3020551,201.742
3020552,13.0
3020553,248.518
3020554,3.0
3020555,0.0
3020556,6.0
3020557,0.0
3020558,2.0
3020559,4655.229
3020560,0.0
3020561,582.0
3020562,16.0
3020563,1842.2301
3020564,569.0
3020565,501.876
3020566,338.0
3020567,129.41699
3020568,7711.848
3020569,29.0
3020570,0.0
3020571,35.0
3020572,12.0
3020573,0.0
3020574,444.0
3020575,4.0
3020576,3.0
3020577,7.0
3020578,18.0
3020579,1.0
3020580,652.185
3020581,426.0
3020582,2.0
3020583,20.0
3020584,489.115
3020585,78.925
3020586,1290.197
3020587,13.0
3020588,10.0
3020589,12.0
3020590,0.0
3020591,4.0
3020592,1474.0
3020593,0.0
3020594,184.0
3020595,15.0
3020596,747.0
3020597,381.0
3020598,187.0
3020599,45.0
3020600,23.0
3020601,2691.3833
3020602,10.0
3020603,0.0
3020604,18.0
3020605,25.0
3020606,0.0
3020607,161.0
3020608,7.0
3020609,0.0
3020610,4.0
3020611,26.0
3020612,1.0
3020613,178.542
3020614,175.0
3020615,3.0
3020616,15.0
3020617,153.15399
3020618,17.0
3020619,347.21
3020620,8.0
3020621,2.0
3020622,2.0
3020623,0.0
3020624,3.0
3020625,1134.0
3020626,0.0
3020627,107.0
3020628,11.0
3020629,557.0
3020630,210.0
3020631,153.0
3020632,58.0
3020633,22.0
3020634,2280.5396
3020635,21.0
3020636,0.0
3020637,13.0
3020638,12.0
3020639,0.0
3020640,143.0
3020641,2.0
3020642,0.0
3020643,3.0
3020644,17.0
3020645,1.0
3020646,97.952995
3020647,235.0
3020648,0.0
3020649,5.0
3020650,87.876
3020651,23.0
3020652,167.58
3020653,12.0
3020654,0.0
3020655,3.0
3020656,0.0
3020657,2.0
3020658,2017.0
3020659,0.0
3020660,140.0
3020661,5.0
3020662,568.0
3020663,229.0
3020664,143.0
3020665,17.0
3020666,32.0
3020667,2541.7993
3020668,3.0
3020669,0.0
3020670,4.0
3020671,10.0
3020672,0.0
3020673,105.0
3020674,0.0
3020675,0.0
3020676,0.0
3020677,46.0
3020678,3.0
3020679,190.086
3020680,118.0
3020681,2.0
3020682,3.0
3020683,61.86
3020684,61.0
3020685,333.363
3020686,10.0
3020687,4.0
3020688,5.0
3020689,0.0
3020690,5.0
3020691,1367.0
3020692,0.0
3020693,113.0
3020694,4.0
3020695,715.0
3020696,222.0
3020697,165.0
3020698,95.0
3020699,54.0
3020700,2296.4473
3020701,1.0
3020702,2.0
3020703,4.0
3020704,15.0
3020705,0.0
3020706,171.0
3020707,5.0
3020708,0.0
3020709,2.0
3020710,11.0
3020711,2.0
3020712,82.31
3020713,156.0
3020714,2.0
3020715,6.0
3020716,90.946
3020717,36.0
3020718,562.08
3020719,27.0
3020720,2.0
3020721,8.0
3020722,1.0
3020723,1.0
3020724,1494.0
3020725,0.0
3020726,208.0
3020727,6.0
3020728,833.0
3020729,324.0
3020730,182.0
3020731,112.0
3020732,35.0
3020733,2475.8306
3020734,4.0
3020735,0.0
3020736,19.0
3020737,27.0
3020738,0.0
3020739,206.0
3020740,0.0
3020741,0.0
3020742,3.0
3020743,24.0
3020744,0.0
3020745,70.859
3020746,155.0
3020747,0.0
3020748,3.0
3020749,70.961
3020750,38.0
3020751,605.757
3020752,0.0
3020753,6.0
3020754,2.0
3020755,1.0
3020756,4.0
3020757,3591.6248
3020758,0.0
3020759,428.0
3020760,7.0
3020761,1147.0
3020762,793.0
3020763,559.0
3020764,226.0
3020765,120.0
3020766,5035.7295
3020767,20.0
3020768,4.0
3020769,43.0
3020770,42.0
3020771,0.0
3020772,314.0
3020773,0.0
3020774,0.0
3020775,4.0
3020776,52.0
3020777,4.0
3020778,269.594
3020779,330.0
3020780,2.0
3020781,13.0
3020782,376.227
3020783,62.0
3020784,1664.754
3020785,18.0
3020786,19.0
3020787,7.0
3020788,0.0
3020789,3.0
3020790,2404.4102
3020791,0.0
3020792,664.0
3020793,8.0
3020794,598.0
3020795,657.0
3020796,201.703
3020797,239.0
3020798,63.0
3020799,3117.1072
3020800,14.0
3020801,2.0
3020802,29.0
3020803,21.0
3020804,0.0
3020805,269.0
3020806,14.0
3020807,1.0
3020808,4.0
3020809,36.0
3020810,2.0
3020811,89.544
3020812,168.0
3020813,8.0
3020814,9.0
3020815,189.90201
3020816,50.802002
3020817,2095.933
3020818,45.0
3020819,15.931
3020820,3.0
3020821,0.0
3020822,1.0
3020823,2284.6997
3020824,0.0
3020825,172.0
3020826,2.0
3020827,835.0
3020828,352.0
3020829,335.0
3020830,78.0
3020831,24.886
3020832,3220.868
3020833,1.0
3020834,0.0
3020835,12.0
3020836,12.0
3020837,0.0
3020838,125.0
3020839,11.0
3020840,0.0
3020841,1.0
3020842,58.0
3020843,5.0
3020844,122.796
3020845,172.0
3020846,3.0
3020847,5.0
3020848,57.03
3020849,23.0
3020850,371.185
3020851,3.0
3020852,4.0
3020853,9.0
3020854,0.0
3020855,10.0
3020856,3143.6433
3020857,0.0
3020858,642.0
3020859,16.0
3020860,752.0
3020861,892.0
3020862,192.428
3020863,208.0
3020864,98.0
3020865,3954.567
3020866,41.0
3020867,1.0
3020868,33.0
3020869,87.0
3020870,0.0
3020871,234.0
3020872,25.0
3020873,23.0
3020874,8.0
3020875,100.0
3020876,11.0
3020877,315.441
3020878,277.0
3020879,6.0
3020880,11.0
3020881,470.487
3020882,101.716995
3020883,2402.4126
3020884,0.0
3020885,44.046
3020886,9.0
3020887,0.0
3020888,3.0
3020889,5664.2676
3020890,0.0
3020891,1220.0
3020892,6.0
3020893,1676.0
3020894,1071.0
3020895,831.231
3020896,243.0
3020897,89.0
3020898,7596.103
3020899,14.0
3020900,1.0
3020901,19.0
3020902,32.0
3020903,0.0
3020904,453.0
3020905,3.0
3020906,15.0
3020907,4.0
3020908,38.0
3020909,6.0
3020910,374.908
3020911,541.0
3020912,4.0
3020913,16.0
3020914,454.663
3020915,87.181
3020916,1398.493
3020917,151.0
3020918,18.246
3020919,21.0
3020920,3.0
3020921,11.0
3020922,3893.0
3020923,0.0
3020924,907.0
3020925,10.0
3020926,1644.0
3020927,886.0
3020928,511.045
3020929,380.0
3020930,91.0
3020931,5859.556
3020932,21.0
3020933,0.0
3020934,29.0
3020935,45.0
3020936,0.0
3020937,445.0
3020938,5.0
3020939,2.0
3020940,16.0
3020941,57.0
3020942,4.0
3020943,169.066
3020944,413.0
3020945,0.0
3020946,13.0
3020947,197.075
3020948,229.77701
3020949,1695.623
3020950,0.0
3020951,5.0
3020952,11.0
3020953,0.0
3020954,2.0
3020955,1947.0
3020956,0.0
3020957,151.0
3020958,5.0
3020959,685.0
3020960,454.0
3020961,180.0
3020962,39.0
3020963,50.0
3020964,2534.0
3020965,3.0
3020966,0.0
3020967,22.0
3020968,22.0
3020969,0.0
3020970,164.0
3020971,2.0
3020972,0.0
3020973,4.0
3020974,28.0
3020975,7.0
3020976,161.89099
3020977,145.0
3020978,3.0
3020979,7.0
3020980,206.838
3020981,40.0
3020982,348.453
3020983,7.0
3020984,2.0
3020985,4.0
3020986,0.0
3020987,3.0
3020988,1305.0
3020989,0.0
3020990,220.836
3020991,4.0
3020992,467.0
3020993,497.0
3020994,133.727
3020995,49.0
3020996,41.0
3020997,2079.4485
3020998,20.0
3020999,0.0
3021000,17.0
3021001,9.0
3021002,0.0
3021003,107.0
3021004,16.0
3021005,1.0
3021006,0.0
3021007,48.0
3021008,3.0
3021009,1065.345
3021010,159.0
3021011,9.0
3021012,9.0
3021013,373.316
3021014,33.513
3021015,1198.302
3021016,0.0
3021017,6.561
3021018,0.0
3021019,0.0
3021020,0.0
3021021,3496.6445
3021022,0.0
3021023,757.417
3021024,9.0
3021025,810.0
3021026,1217.0
3021027,229.157
3021028,218.0
3021029,105.315
3021030,3576.7905
3021031,26.0
3021032,1.0
3021033,24.0
3021034,44.0
3021035,0.0
3021036,237.0
3021037,18.0
3021038,20.0
3021039,4.0
3021040,62.0
3021041,3.0
3021042,291.282
3021043,244.0
3021044,13.0
3021045,10.0
3021046,399.215
3021047,91.201004
3021048,2988.3179
3021049,0.0
3021050,14.335
3021051,2.0
3021052,0.0
3021053,3.0
3021054,2436.2603
3021055,0.0
3021056,400.953
3021057,3.0
3021058,449.0
3021059,658.0
3021060,180.484
3021061,117.0
3021062,107.0
3021063,2102.71
3021064,13.0
3021065,5.0
3021066,29.0
3021067,9.0
3021068,0.0
3021069,104.0
3021070,0.0
3021071,9.0
3021072,2.0
3021073,208.0
3021074,12.0
3021075,169.441
3021076,114.0
3021077,4.0
3021078,1.0
3021079,192.425
3021080,50.870003
3021081,1518.425
3021082,4.0
3021083,5.0
3021084,3.0
3021085,0.0
3021086,1.0
3021087,1048.0
3021088,0.0
3021089,252.0
3021090,8.0
3021091,406.0
3021092,355.0
3021093,105.751
3021094,41.0
3021095,41.0
3021096,1772.9495
3021097,0.0
3021098,2.0
3021099,12.0
3021100,10.0
3021101,0.0
3021102,93.0
3021103,0.0
3021104,12.0
3021105,1.0
3021106,20.0
3021107,0.0
3021108,286.219
3021109,128.0
3021110,0.0
3021111,2.0
3021112,114.663
3021113,43.0
3021114,526.365
3021115,0.0
3021116,1.0
3021117,8.0
3021118,0.0
3021119,2.0
3021120,4208.073
3021121,1.0
3021122,905.246
3021123,10.0
3021124,1025.0
3021125,1461.0
3021126,415.794
3021127,323.0
3021128,159.892
3021129,4862.5693
3021130,37.0
3021131,8.0
3021132,28.0
3021133,39.0
3021134,0.0
3021135,284.0
3021136,16.0
3021137,45.0
3021138,18.0
3021139,131.0
3021140,7.0
3021141,330.70502
3021142,338.0
3021143,12.0
3021144,10.0
3021145,487.426
3021146,105.834
3021147,2991.6975
3021148,3.0
3021149,23.296
3021150,8.0
3021151,0.0
3021152,4.0
3021153,4707.3716
3021154,0.0
3021155,1032.0
3021156,15.0
3021157,1333.0
3021158,1434.0
3021159,478.18
3021160,285.0
3021161,86.95
3021162,7597.9023
3021163,47.0
3021164,2.0
3021165,39.0
3021166,17.0
3021167,0.0
3021168,359.0
3021169,0.0
3021170,8.0
3021171,8.0
3021172,55.0
3021173,1.0
3021174,225.448
3021175,324.0
3021176,6.0
3021177,10.0
3021178,291.083
3021179,126.978
3021180,1932.402
3021181,2.0
3021182,2.0
3021183,4.0
3021184,0.0
3021185,5.0
3021186,4674.0
3021187,0.0
3021188,1114.0
3021189,8.0
3021190,1224.0
3021191,1110.0
3021192,409.808
3021193,290.0
3021194,65.0
3021195,5102.5527
3021196,27.0
3021197,5.0
3021198,41.0
3021199,21.0
3021200,0.0
3021201,324.0
3021202,0.0
3021203,8.0
3021204,9.0
3021205,42.0
3021206,3.0
3021207,157.371
3021208,272.0
3021209,6.0
3021210,10.0
3021211,218.471
3021212,89.765
3021213,1536.727
3021214,1.0
3021215,12.0
3021216,15.0
3021217,0.0
3021218,26.0
3021219,9743.115
3021220,0.0
3021221,1182.917
3021222,26.0
3021223,2018.0087
3021224,2192.277
3021225,395.272
3021226,555.0
3021227,361.183
3021228,9228.106
3021229,85.0
3021230,2.0
3021231,111.0
3021232,51.0
3021233,0.0
3021234,587.0
3021235,68.0
3021236,42.0
3021237,28.0
3021238,212.0
3021239,33.0
3021240,697.172
3021241,700.0
3021242,18.0
3021243,34.0
3021244,1094.738
3021245,198.679
3021246,8585.492
3021247,1.0
3021248,77.398
3021249,1.0
3021250,3.0
3021251,0.0
3021252,1517.0
3021253,0.0
3021254,222.0
3021255,14.0
3021256,564.0
3021257,286.0
3021258,112.0
3021259,203.0
3021260,25.0
3021261,2062.9812
3021262,12.0
3021263,1.0
3021264,19.0
3021265,6.0
3021266,0.0
3021267,118.0
3021268,6.0
3021269,0.0
3021270,3.0
3021271,25.0
3021272,0.0
3021273,56.191
3021274,91.0
3021275,2.0
3021276,6.0
3021277,108.153
3021278,29.0
3021279,479.459
3021280,0.0
3021281,2.0
3021282,7.0
3021283,0.0
3021284,1.0
3021285,3882.3792
3021286,0.0
3021287,718.0
3021288,6.0
3021289,1349.0
3021290,859.0
3021291,273.456
3021292,411.0
3021293,42.0
3021294,5419.686
3021295,9.0
3021296,1.0
3021297,42.0
3021298,33.0
3021299,0.0
3021300,349.0
3021301,1.0
3021302,7.0
3021303,10.0
3021304,15.0
3021305,4.0
3021306,373.06702
3021307,329.0
3021308,5.0
3021309,8.0
3021310,134.592
3021311,112.055
3021312,1324.669
3021313,3.0
3021314,6.0
3021315,1.0
3021316,0.0
3021317,1.0
3021318,1098.0
3021319,0.0
3021320,160.0
3021321,10.0
3021322,433.0
3021323,219.0
3021324,125.0
3021325,173.0
3021326,18.0
3021327,1982.434
3021328,1.0
3021329,0.0
3021330,10.0
3021331,1.0
3021332,0.0
3021333,89.0
3021334,0.0
3021335,0.0
3021336,1.0
3021337,42.0
3021338,0.0
3021339,66.024
3021340,71.0
3021341,1.0
3021342,2.0
3021343,67.727
3021344,12.0
3021345,276.838
3021346,0.0
3021347,2.0
3021348,5.0
3021349,0.0
3021350,5.0
3021351,2090.0
3021352,0.0
3021353,333.0
3021354,6.0
3021355,1140.0
3021356,514.0
3021357,250.0
3021358,140.0
3021359,41.0
3021360,3358.5422
3021361,5.0
3021362,1.0
3021363,34.0
3021364,30.0
3021365,0.0
3021366,281.0
3021367,0.0
3021368,0.0
3021369,11.0
3021370,28.0
3021371,2.0
3021372,330.482
3021373,263.0
3021374,1.0
3021375,2.0
3021376,261.164
3021377,31.0
3021378,1346.043
3021379,0.0
3021380,0.0
3021381,4.0
3021382,0.0
3021383,2.0
3021384,2657.6697
3021385,0.0
3021386,677.0
3021387,4.0
3021388,642.0
3021389,675.0
3021390,210.663
3021391,113.0
3021392,56.0
3021393,4410.8467
3021394,11.0
3021395,1.0
3021396,21.0
3021397,15.0
3021398,0.0
3021399,196.0
3021400,3.0
3021401,5.0
3021402,1.0
3021403,23.0
3021404,1.0
3021405,165.617
3021406,239.0
3021407,3.0
3021408,9.0
3021409,159.386
3021410,22.0
3021411,634.453
3021412,9.0
3021413,0.0
3021414,3.0
3021415,0.0
3021416,1.0
3021417,1648.0
3021418,0.0
3021419,168.0
3021420,1.0
3021421,457.0
3021422,172.0
3021423,100.0
3021424,81.0
3021425,154.0
3021426,2241.5444
3021427,4.0
3021428,0.0
3021429,6.0
3021430,4.0
3021431,0.0
3021432,94.0
3021433,0.0
3021434,0.0
3021435,1.0
3021436,27.0
3021437,2.0
3021438,199.894
3021439,79.0
3021440,0.0
3021441,0.0
3021442,55.579998
3021443,27.0
3021444,405.799
3021445,0.0
3021446,3.0
3021447,10.0
3021448,0.0
3021449,1.0
3021450,4242.8516
3021451,0.0
3021452,713.0
3021453,8.0
3021454,781.0
3021455,723.0
3021456,242.869
3021457,125.0
3021458,119.931
3021459,4438.2554
3021460,16.0
3021461,0.0
3021462,19.0
3021463,18.0
3021464,0.0
3021465,256.0
3021466,0.0
3021467,15.0
3021468,1.0
3021469,105.0
3021470,3.0
3021471,196.056
3021472,227.0
3021473,5.0
3021474,1.0
3021475,86.841
3021476,32.0
3021477,1142.276
3021478,2.0
3021479,2.0
3021480,2.0
3021481,0.0
3021482,8.0
3021483,2032.0868
3021484,0.0
3021485,333.391
3021486,6.0
3021487,451.0
3021488,496.0
3021489,105.733
3021490,68.0
3021491,75.529
3021492,2453.2427
3021493,16.0
3021494,3.0
3021495,36.0
3021496,30.0
3021497,0.0
3021498,136.0
3021499,10.0
3021500,16.0
3021501,0.0
3021502,81.0
3021503,9.0
3021504,137.788
3021505,151.0
3021506,14.0
3021507,14.0
3021508,213.526
3021509,57.597
3021510,1798.5879
3021511,0.0
3021512,8.898
3021513,3.0
3021514,0.0
3021515,11.0
3021516,2420.9336
3021517,0.0
3021518,430.342
3021519,11.0
3021520,865.0
3021521,759.0
3021522,158.747
3021523,100.0
3021524,71.0
3021525,3781.0757
3021526,25.0
3021527,0.0
3021528,37.0
3021529,19.0
3021530,0.0
3021531,314.0
3021532,34.0
3021533,11.0
3021534,5.0
3021535,250.0
3021536,13.0
3021537,106.105
3021538,424.0
3021539,9.0
3021540,11.0
3021541,94.22
3021542,87.12
3021543,1910.769
3021544,0.0
3021545,12.313
3021546,5.0
3021547,0.0
3021548,1.0
3021549,3920.678
3021550,0.0
3021551,678.0
3021552,6.0
3021553,1730.0
3021554,558.0
3021555,177.358
3021556,108.0
3021557,72.0
3021558,5428.9326
3021559,24.0
3021560,3.0
3021561,34.0
3021562,13.0
3021563,0.0
3021564,336.0
3021565,7.0
3021566,9.0
3021567,3.0
3021568,25.0
3021569,8.0
3021570,68.965004
3021571,280.0
3021572,6.0
3021573,8.0
3021574,160.18001
3021575,41.238
3021576,1251.286
3021577,14.0
3021578,12.0
3021579,6.0
3021580,0.0
3021581,7.0
3021582,2785.191
3021583,0.0
3021584,403.816
3021585,10.0
3021586,695.0
3021587,919.0
3021588,173.935
3021589,190.0
3021590,110.0
3021591,3487.1484
3021592,27.0
3021593,1.0
3021594,16.0
3021595,14.0
3021596,0.0
3021597,199.0
3021598,41.0
3021599,27.0
3021600,1.0
3021601,82.0
3021602,8.0
3021603,345.605
3021604,283.0
3021605,13.0
3021606,14.0
3021607,453.172
3021608,76.337
3021609,2520.339
3021610,1.0
3021611,34.833
3021612,1.0
3021613,0.0
3021614,2.0
3021615,4499.7427
3021616,0.0
3021617,519.0
3021618,3.0
3021619,1237.0
3021620,651.0
3021621,254.0
3021622,227.0
3021623,53.81
3021624,6303.7705
3021625,8.0
3021626,2.0
3021627,16.0
3021628,25.0
3021629,0.0
3021630,373.0
3021631,0.0
3021632,0.0
3021633,14.0
3021634,10.0
3021635,4.0
3021636,154.804
3021637,288.0
3021638,0.0
3021639,16.0
3021640,148.19
3021641,62.0
3021642,1044.284
3021643,0.0
3021644,2.0
3021645,8.0
3021646,0.0
3021647,12.0
3021648,2711.1658
3021649,0.0
3021650,635.786
3021651,7.0
3021652,1059.0
3021653,896.0
3021654,267.471
3021655,172.0
3021656,187.974
3021657,4546.5117
3021658,53.0
3021659,4.0
3021660,43.0
3021661,47.0
3021662,0.0
3021663,287.0
3021664,26.0
3021665,21.0
3021666,9.0
3021667,57.0
3021668,17.0
3021669,278.601
3021670,364.0
3021671,16.0
3021672,16.0
3021673,229.912
3021674,92.673004
3021675,2439.396
3021676,0.0
3021677,8.0
3021678,7.0
3021679,0.0
3021680,12.0
3021681,1825.0
3021682,0.0
3021683,392.885
3021684,12.0
3021685,596.0
3021686,705.0
3021687,141.925
3021688,145.0
3021689,94.0
3021690,2527.0
3021691,33.0
3021692,1.0
3021693,19.0
3021694,9.0
3021695,0.0
3021696,181.0
3021697,24.0
3021698,26.0
3021699,1.0
3021700,54.0
3021701,4.0
3021702,202.263
3021703,208.0
3021704,6.0
3021705,5.0
3021706,196.726
3021707,42.193
3021708,2053.608
3021709,1.0
3021710,18.502
3021711,16.0
3021712,0.0
3021713,10.0
3021714,5336.1387
3021715,0.0
3021716,794.0
3021717,23.0
3021718,1356.0
3021719,1067.0
3021720,380.784
3021721,342.0
3021722,62.0
3021723,5686.1045
3021724,18.0
3021725,0.0
3021726,12.0
3021727,17.0
3021728,1.0
3021729,293.0
3021730,0.0
3021731,12.0
3021732,5.0
3021733,47.0
3021734,1.0
3021735,261.395
3021736,326.0
3021737,6.0
3021738,0.0
3021739,303.925
3021740,239.049
3021741,1436.614
3021742,8.0
3021743,3.0
3021744,20.0
3021745,0.0
3021746,17.0
3021747,12725.2705
3021748,0.0
3021749,1843.081
3021750,19.0
3021751,2404.3015
3021752,2897.3816
3021753,548.278
3021754,792.0
3021755,394.298
3021756,12503.447
3021757,64.0
3021758,7.0
3021759,148.0
3021760,131.0
3021761,0.0
3021762,741.0
3021763,34.0
3021764,28.0
3021765,103.0
3021766,252.0
3021767,33.0
3021768,829.935
3021769,651.0
3021770,56.0
3021771,41.0
3021772,1292.238
3021773,281.72
3021774,11055.602
3021775,424.0
3021776,107.092
3021777,27.0
3021778,0.0
3021779,24.0
3021780,11456.19
3021781,0.0
3021782,1416.474
3021783,23.0
3021784,2845.8162
3021785,2522.5776
3021786,844.728
3021787,532.0
3021788,352.088
3021789,13732.927
3021790,106.0
3021791,5.0
3021792,104.0
3021793,79.0
3021794,1.0
3021795,816.0
3021796,33.0
3021797,33.0
3021798,10.0
3021799,166.0
3021800,35.0
3021801,1264.096
3021802,938.0
3021803,32.0
3021804,41.0
3021805,1489.133
3021806,286.27
3021807,8013.7764
3021808,747.0
3021809,99.755
3021810,20.0
3021811,0.0
3021812,35.0
3021813,8066.3477
3021814,0.0
3021815,1117.0
3021816,11.0
3021817,2470.1912
3021818,1837.0
3021819,1015.044
3021820,200.0
3021821,318.343
3021822,12075.672
3021823,73.0
3021824,8.0
3021825,75.0
3021826,43.0
3021827,0.0
3021828,747.0
3021829,39.0
3021830,40.0
3021831,17.0
3021832,112.0
3021833,20.0
3021834,958.745
3021835,995.0
3021836,37.0
3021837,57.0
3021838,946.357
3021839,145.888
3021840,3455.915
3021841,406.0
3021842,59.898
3021843,27.0
3021844,0.0
3021845,29.0
3021846,11407.469
3021847,0.0
3021848,1360.306
3021849,16.0
3021850,2439.152
3021851,2336.0361
3021852,708.298
3021853,412.0
3021854,268.84
3021855,11844.113
3021856,35.0
3021857,2.0
3021858,71.0
3021859,51.0
3021860,0.0
3021861,653.0
3021862,34.0
3021863,21.0
3021864,11.0
3021865,175.0
3021866,21.0
3021867,847.856
3021868,832.0
3021869,30.0
3021870,39.0
3021871,1117.365
3021872,230.82
3021873,6526.3687
3021874,478.0
3021875,73.879
3021876,23.0
3021877,0.0
3021878,38.0
3021879,6486.3755
3021880,0.0
3021881,1074.0
3021882,15.0
3021883,2393.0652
3021884,1606.0
3021885,839.227
3021886,161.0
3021887,276.326
3021888,11203.096
3021889,58.0
3021890,1.0
3021891,55.0
3021892,22.0
3021893,0.0
3021894,650.0
3021895,37.0
3021896,23.0
3021897,11.0
3021898,97.0
3021899,11.0
3021900,961.62
3021901,1015.0
3021902,37.0
3021903,31.0
3021904,979.221
3021905,103.252
3021906,2856.344
3021907,453.0
3021908,36.005
3021909,14.0
3021910,0.0
3021911,22.0
3021912,8411.355
3021913,0.0
3021914,1189.882
3021915,13.0
3021916,1937.9573
3021917,2205.067
3021918,469.891
3021919,542.0
3021920,343.044
3021921,8629.737
3021922,79.0
3021923,0.0
3021924,57.0
3021925,63.0
3021926,0.0
3021927,509.0
3021928,23.0
3021929,35.0
3021930,12.0
3021931,241.0
3021932,22.0
3021933,753.352
3021934,588.0
3021935,33.0
3021936,32.0
3021937,999.316
3021938,189.643
3021939,8132.8047
3021940,194.0
3021941,78.171
3021942,15.0
3021943,0.0
3021944,5.0
3021945,2020.6476
3021946,0.0
3021947,366.425
3021948,20.0
3021949,927.0
3021950,572.0
3021951,254.995
3021952,100.0
3021953,68.0
3021954,3151.8208
3021955,27.0
3021956,3.0
3021957,30.0
3021958,20.0
3021959,0.0
3021960,238.0
3021961,12.0
3021962,6.0
3021963,9.0
3021964,52.0
3021965,20.0
3021966,241.696
3021967,269.0
3021968,3.0
3021969,8.0
3021970,232.897
3021971,65.945
3021972,1487.221
3021973,1.0
3021974,11.642
3021975,19.0
3021976,0.0
3021977,22.0
3021978,5517.3267
3021979,0.0
3021980,531.092
3021981,26.0
3021982,1864.6091
3021983,1144.0
3021984,453.101
3021985,113.0
3021986,119.0
3021987,8180.136
3021988,64.0
3021989,2.0
3021990,53.0
3021991,47.0
3021992,0.0
3021993,434.0
3021994,9.0
3021995,11.0
3021996,6.0
3021997,160.0
3021998,17.0
3021999,544.037
3022000,647.0
3022001,21.0
3022002,32.0
3022003,447.345
3022004,91.013
3022005,2238.3472
3022006,448.0
3022007,41.527
3022008,6.0
3022009,0.0
3022010,6.0
3022011,5383.7397
3022012,0.0
3022013,1067.729
3022014,5.0
3022015,1505.4583
3022016,1852.2463
3022017,302.512
3022018,429.0
3022019,286.213
3022020,5701.995
3022021,44.0
3022022,8.0
3022023,37.0
3022024,53.0
3022025,0.0
3022026,358.0
3022027,11.0
3022028,41.0
3022029,4.0
3022030,164.0
3022031,22.0
3022032,565.69403
3022033,383.0
3022034,34.0
3022035,14.0
3022036,807.091
3022037,160.534
3022038,5831.193
3022039,5.0
3022040,39.965
3022041,21.0
3022042,0.0
3022043,12.0
3022044,4916.0
3022045,0.0
3022046,1071.987
3022047,15.0
3022048,1566.0
3022049,1400.0
3022050,435.742
3022051,281.0
3022052,283.162
3022053,7131.0
3022054,48.0
3022055,1.0
3022056,51.0
3022057,43.0
3022058,0.0
3022059,423.0
3022060,14.0
3022061,59.0
3022062,15.0
3022063,181.0
3022064,14.0
3022065,487.285
3022066,383.0
3022067,12.0
3022068,32.0
3022069,593.294
3022070,142.568
3022071,4573.067
3022072,15.0
3022073,12.0
3022074,20.0
3022075,0.0
3022076,7.0
3022077,2651.0
3022078,0.0
3022079,606.182
3022080,10.0
3022081,1025.0
3022082,673.0
3022083,287.34702
3022084,126.0
3022085,101.0
3022086,3828.2769
3022087,19.0
3022088,2.0
3022089,39.0
3022090,28.0
3022091,0.0
3022092,235.0
3022093,19.0
3022094,11.0
3022095,6.0
3022096,79.0
3022097,17.0
3022098,303.257
3022099,263.0
3022100,3.0
3022101,11.0
3022102,272.606
3022103,81.652
3022104,2217.132
3022105,1.0
3022106,9.0
3022107,16.0
3022108,0.0
3022109,0.0
3022110,4824.0
3022111,0.0
3022112,393.0
3022113,4.0
3022114,1719.0
3022115,371.0
3022116,305.026
3022117,74.0
3022118,38.0
3022119,4407.378
3022120,25.0
3022121,1.0
3022122,30.0
3022123,13.0
3022124,0.0
3022125,306.0
3022126,0.0
3022127,0.0
3022128,6.0
3022129,17.0
3022130,3.0
3022131,67.435
3022132,244.0
3022133,0.0
3022134,2.0
3022135,79.062996
3022136,91.0
3022137,877.304
3022138,0.0
3022139,2.0
3022140,11.0
3022141,0.0
3022142,9.0
3022143,4122.4966
3022144,0.0
3022145,577.442
3022146,16.0
3022147,1345.0
3022148,1257.0
3022149,461.025
3022150,247.0
3022151,189.901
3022152,5393.0884
3022153,48.0
3022154,1.0
3022155,31.0
3022156,22.0
3022157,0.0
3022158,315.0
3022159,49.0
3022160,23.0
3022161,5.0
3022162,89.0
3022163,6.0
3022164,465.10098
3022165,404.0
3022166,8.0
3022167,21.0
3022168,666.659
3022169,109.625
3022170,2910.0967
3022171,0.0
3022172,58.47
3022173,3.0
3022174,0.0
3022175,9.0
3022176,3318.1187
3022177,0.0
3022178,552.075
3022179,7.0
3022180,704.0
3022181,1023.0
3022182,133.361
3022183,229.0
3022184,153.66
3022185,3068.0273
3022186,33.0
3022187,1.0
3022188,21.0
3022189,24.0
3022190,0.0
3022191,277.0
3022192,7.0
3022193,28.0
3022194,8.0
3022195,169.0
3022196,13.0
3022197,408.49
3022198,220.0
3022199,6.0
3022200,22.0
3022201,487.113
3022202,94.795
3022203,4040.558
3022204,0.0
3022205,33.648
3022206,2.0
3022207,1.0
3022208,8.0
3022209,5118.145
3022210,0.0
3022211,793.814
3022212,5.0
3022213,1131.0
3022214,1526.0
3022215,268.323
3022216,403.0
3022217,149.794
3022218,5319.141
3022219,53.0
3022220,9.0
3022221,45.0
3022222,58.0
3022223,0.0
3022224,347.0
3022225,30.0
3022226,39.0
3022227,20.0
3022228,98.0
3022229,22.0
3022230,421.731
3022231,438.0
3022232,34.0
3022233,22.0
3022234,618.844
3022235,176.765
3022236,4947.583
3022237,0.0
3022238,35.258
3022239,15.0
3022240,0.0
3022241,15.0
3022242,3943.4448
3022243,0.0
3022244,485.0
3022245,11.0
3022246,1759.3687
3022247,795.0
3022248,503.209
3022249,161.0
3022250,62.0
3022251,7152.6797
3022252,10.0
3022253,3.0
3022254,58.0
3022255,64.0
3022256,0.0
3022257,460.0
3022258,14.0
3022259,6.0
3022260,27.0
3022261,39.0
3022262,3.0
3022263,327.206
3022264,510.0
3022265,2.0
3022266,9.0
3022267,412.458
3022268,105.169
3022269,1693.607
3022270,200.0
3022271,20.0
3022272,1.0
3022273,0.0
3022274,6.0
3022275,2130.6494
3022276,0.0
3022277,346.038
3022278,4.0
3022279,571.0
3022280,699.0
3022281,154.578
3022282,170.0
3022283,110.0
3022284,2341.5151
3022285,20.0
3022286,0.0
3022287,50.0
3022288,31.0
3022289,0.0
3022290,161.0
3022291,17.0
3022292,27.0
3022293,21.0
3022294,100.0
3022295,8.0
3022296,192.763
3022297,159.0
3022298,3.0
3022299,6.0
3022300,270.047
3022301,72.004
3022302,2307.7566
3022303,0.0
3022304,14.129
3022305,1.0
3022306,0.0
3022307,6.0
3022308,1129.0
3022309,0.0
3022310,82.0
3022311,3.0
3022312,710.0
3022313,253.0
3022314,313.0
3022315,122.0
3022316,38.0
3022317,2650.8955
3022318,0.0
3022319,1.0
3022320,11.0
3022321,9.0
3022322,0.0
3022323,156.0
3022324,2.0
3022325,0.0
3022326,2.0
3022327,11.0
3022328,0.0
3022329,217.771
3022330,155.0
3022331,0.0
3022332,3.0
3022333,133.71
3022334,27.0
3022335,220.26
3022336,5.0
3022337,1.0
3022338,2.0
3022339,1.0
3022340,6.0
3022341,4065.8813
3022342,0.0
3022343,583.0
3022344,11.0
3022345,1717.4135
3022346,603.0
3022347,489.08
3022348,275.0
3022349,48.0
3022350,6685.959
3022351,14.0
3022352,0.0
3022353,13.0
3022354,11.0
3022355,0.0
3022356,532.0
3022357,3.0
3022358,4.0
3022359,6.0
3022360,27.0
3022361,3.0
3022362,474.139
3022363,373.0
3022364,5.0
3022365,7.0
3022366,244.969
3022367,130.225
3022368,1239.467
3022369,26.0
3022370,3.0
3022371,6.0
3022372,0.0
3022373,2.0
3022374,1504.0
3022375,0.0
3022376,275.0
3022377,13.0
3022378,712.0
3022379,411.0
3022380,210.0
3022381,117.0
3022382,42.0
3022383,2649.5305
3022384,3.0
3022385,0.0
3022386,22.0
3022387,19.0
3022388,0.0
3022389,169.0
3022390,7.0
3022391,0.0
3022392,7.0
3022393,18.0
3022394,3.0
3022395,107.3
3022396,153.0
3022397,1.0
3022398,5.0
3022399,120.694
3022400,28.0
3022401,333.658
3022402,3.0
3022403,3.0
3022404,2.0
3022405,0.0
3022406,5.0
3022407,1512.0
3022408,0.0
3022409,154.0
3022410,8.0
3022411,661.0
3022412,227.0
3022413,192.0
3022414,42.0
3022415,28.0
3022416,2531.0886
3022417,2.0
3022418,0.0
3022419,14.0
3022420,16.0
3022421,0.0
3022422,120.0
3022423,0.0
3022424,0.0
3022425,2.0
3022426,30.0
3022427,1.0
3022428,169.356
3022429,174.0
3022430,1.0
3022431,6.0
3022432,58.017
3022433,26.0
3022434,177.561
3022435,28.0
3022436,0.0
3022437,3.0
3022438,0.0
3022439,2.0
3022440,1440.0
3022441,0.0
3022442,153.0
3022443,21.0
3022444,1139.0
3022445,353.0
3022446,263.0
3022447,13.0
3022448,30.0
3022449,2640.2485
3022450,1.0
3022451,0.0
3022452,5.0
3022453,17.0
3022454,0.0
3022455,183.0
3022456,3.0
3022457,0.0
3022458,1.0
3022459,8.0
3022460,4.0
3022461,215.026
3022462,322.0
3022463,0.0
3022464,3.0
3022465,31.508
3022466,95.0
3022467,352.513
3022468,7.0
3022469,5.0
3022470,6.0
3022471,2.0
3022472,3.0
3022473,1814.0
3022474,0.0
3022475,154.0
3022476,20.0
3022477,751.0
3022478,373.0
3022479,326.0
3022480,168.0
3022481,58.0
3022482,2575.9653
3022483,5.0
3022484,2.0
3022485,7.0
3022486,20.0
3022487,0.0
3022488,265.0
3022489,3.0
3022490,0.0
3022491,5.0
3022492,15.0
3022493,3.0
3022494,163.864
3022495,169.0
3022496,0.0
3022497,6.0
3022498,110.459
3022499,34.0
3022500,619.002
3022501,15.0
3022502,4.0
3022503,5.0
3022504,0.0
3022505,0.0
3022506,1739.0
3022507,0.0
3022508,153.0
3022509,0.0
3022510,682.0
3022511,258.0
3022512,136.0
3022513,403.0
3022514,19.0
3022515,2127.5854
3022516,8.0
3022517,0.0
3022518,15.0
3022519,18.0
3022520,0.0
3022521,165.0
3022522,0.0
3022523,0.0
3022524,1.0
3022525,12.0
3022526,2.0
3022527,43.415
3022528,103.0
3022529,3.0
3022530,2.0
3022531,53.479
3022532,51.0
3022533,470.227
3022534,0.0
3022535,0.0
3022536,14.0
3022537,1.0
3022538,3.0
3022539,2871.7317
3022540,0.0
3022541,309.0
3022542,0.0
3022543,1208.0
3022544,677.0
3022545,495.0
3022546,266.0
3022547,92.0
3022548,4296.8535
3022549,8.0
3022550,0.0
3022551,33.0
3022552,24.0
3022553,0.0
3022554,283.0
3022555,0.0
3022556,0.0
3022557,0.0
3022558,7.0
3022559,6.0
3022560,292.339
3022561,310.0
3022562,1.0
3022563,3.0
3022564,381.421
3022565,73.0
3022566,1177.229
3022567,35.0
3022568,5.0
3022569,2.0
3022570,0.0
3022571,2.0
3022572,1915.427
3022573,0.0
3022574,479.0
3022575,9.0
3022576,581.0
3022577,511.0
3022578,198.824
3022579,293.0
3022580,45.0
3022581,2670.962
3022582,13.0
3022583,2.0
3022584,29.0
3022585,23.0
3022586,0.0
3022587,204.0
3022588,9.0
3022589,0.0
3022590,8.0
3022591,17.0
3022592,5.0
3022593,61.722
3022594,164.0
3022595,2.0
3022596,5.0
3022597,119.275
3022598,36.18
3022599,1520.275
3022600,79.0
3022601,8.9869995
3022602,3.0
3022603,0.0
3022604,3.0
3022605,2395.4072
3022606,0.0
3022607,198.0
3022608,1.0
3022609,952.0
3022610,341.0
3022611,324.0
3022612,68.0
3022613,39.0
3022614,3132.4639
3022615,2.0
3022616,0.0
3022617,12.0
3022618,28.0
3022619,1.0
3022620,169.0
3022621,11.0
3022622,0.0
3022623,9.0
3022624,19.0
3022625,2.0
3022626,133.803
3022627,166.0
3022628,1.0
3022629,8.0
3022630,88.735
3022631,23.0
3022632,478.407
3022633,14.0
3022634,5.0
3022635,4.0
3022636,0.0
3022637,7.0
3022638,2631.3386
3022639,0.0
3022640,597.0
3022641,7.0
3022642,730.0
3022643,738.0
3022644,188.586
3022645,155.0
3022646,108.0
3022647,3254.3716
3022648,28.0
3022649,1.0
3022650,19.0
3022651,31.0
3022652,0.0
3022653,221.0
3022654,18.0
3022655,10.0
3022656,4.0
3022657,58.0
3022658,13.0
3022659,433.778
3022660,206.0
3022661,9.0
3022662,7.0
3022663,461.51102
3022664,115.877
3022665,2086.2466
3022666,0.0
3022667,34.644
3022668,8.0
3022669,1.0
3022670,4.0
3022671,3922.348
3022672,0.0
3022673,482.0
3022674,9.0
3022675,1165.0
3022676,669.0
3022677,519.048
3022678,89.0
3022679,56.486
3022680,5674.961
3022681,16.0
3022682,0.0
3022683,16.0
3022684,14.0
3022685,0.0
3022686,341.0
3022687,2.0
3022688,8.0
3022689,15.0
3022690,20.0
3022691,5.0
3022692,295.451
3022693,326.0
3022694,4.0
3022695,6.0
3022696,315.54
3022697,56.982002
3022698,1051.358
3022699,55.0
3022700,4.642
3022701,13.0
3022702,0.0
3022703,6.0
3022704,3493.0
3022705,0.0
3022706,461.0
3022707,7.0
3022708,1102.0
3022709,646.0
3022710,303.351
3022711,528.0
3022712,69.0
3022713,4300.2515
3022714,10.0
3022715,0.0
3022716,49.0
3022717,46.0
3022718,0.0
3022719,309.0
3022720,7.0
3022721,2.0
3022722,13.0
3022723,28.0
3022724,3.0
3022725,107.639
3022726,314.0
3022727,0.0
3022728,6.0
3022729,147.382
3022730,176.078
3022731,1179.464
3022732,0.0
3022733,3.0
3022734,6.0
3022735,0.0
3022736,3.0
3022737,2107.0
3022738,0.0
3022739,117.0
3022740,9.0
3022741,697.0
3022742,313.0
3022743,144.0
3022744,57.0
3022745,37.0
3022746,2585.0
3022747,3.0
3022748,0.0
3022749,25.0
3022750,19.0
3022751,0.0
3022752,194.0
3022753,0.0
3022754,0.0
3022755,10.0
3022756,41.0
3022757,5.0
3022758,152.181
3022759,198.0
3022760,1.0
3022761,5.0
3022762,150.576
3022763,27.0
3022764,452.296
3022765,4.0
3022766,6.0
3022767,2.0
3022768,0.0
3022769,1.0
3022770,1310.0
3022771,0.0
3022772,280.509
3022773,4.0
3022774,460.0
3022775,436.0
3022776,132.072
3022777,36.0
3022778,64.0
3022779,1991.8077
3022780,20.0
3022781,1.0
3022782,10.0
3022783,19.0
3022784,0.0
3022785,142.0
3022786,19.0
3022787,2.0
3022788,0.0
3022789,38.0
3022790,5.0
3022791,355.257
3022792,147.0
3022793,5.0
3022794,5.0
3022795,349.023
3022796,16.744
3022797,1329.119
3022798,0.0
3022799,7.357
3022800,3.0
3022801,0.0
3022802,7.0
3022803,3174.415
3022804,0.0
3022805,707.966
3022806,7.0
3022807,910.0
3022808,1344.0
3022809,262.955
3022810,247.0
3022811,128.495
3022812,3683.746
3022813,40.0
3022814,2.0
3022815,10.0
3022816,22.0
3022817,0.0
3022818,256.0
3022819,10.0
3022820,40.0
3022821,21.0
3022822,54.0
3022823,19.0
3022824,356.361
3022825,252.0
3022826,16.0
3022827,7.0
3022828,540.376
3022829,122.109
3022830,3187.083
3022831,0.0
3022832,28.54
3022833,0.0
3022834,0.0
3022835,5.0
3022836,1930.6771
3022837,0.0
3022838,417.564
3022839,5.0
3022840,359.0
3022841,590.0
3022842,164.142
3022843,138.0
3022844,94.766
3022845,1798.6854
3022846,24.0
3022847,2.0
3022848,38.0
3022849,14.0
3022850,0.0
3022851,90.0
3022852,0.0
3022853,13.0
3022854,2.0
3022855,206.0
3022856,16.0
3022857,156.883
3022858,97.0
3022859,5.0
3022860,8.0
3022861,194.46
3022862,34.349
3022863,1607.6901
3022864,0.0
3022865,9.0
3022866,3.0
3022867,0.0
3022868,0.0
3022869,553.0
3022870,0.0
3022871,211.0
3022872,6.0
3022873,206.0
3022874,203.0
3022875,82.487
3022876,22.0
3022877,33.805
3022878,1341.002
3022879,6.0
3022880,0.0
3022881,3.0
3022882,4.0
3022883,0.0
3022884,46.0
3022885,0.0
3022886,5.0
3022887,0.0
3022888,6.0
3022889,0.0
3022890,226.395
3022891,64.0
3022892,3.0
3022893,2.0
3022894,136.362
3022895,19.0
3022896,343.082
3022897,1.0
3022898,1.0
3022899,9.0
3022900,0.0
3022901,1.0
3022902,3157.194
3022903,0.0
3022904,662.259
3022905,15.0
3022906,877.0
3022907,1040.0
3022908,282.926
3022909,250.0
3022910,90.294
3022911,3844.948
3022912,55.0
3022913,1.0
3022914,9.0
3022915,49.0
3022916,0.0
3022917,222.0
3022918,8.0
3022919,36.0
3022920,8.0
3022921,61.0
3022922,10.0
3022923,291.019
3022924,238.0
3022925,8.0
3022926,9.0
3022927,440.13
3022928,74.978
3022929,2698.744
3022930,2.0
3022931,19.412
3022932,4.0
3022933,0.0
3022934,3.0
3022935,3209.8481
3022936,0.0
3022937,545.0
3022938,7.0
3022939,767.0
3022940,735.0
3022941,249.029
3022942,286.0
3022943,36.0
3022944,5184.146
3022945,24.0
3022946,0.0
3022947,40.0
3022948,19.0
3022949,0.0
3022950,208.0
3022951,0.0
3022952,9.0
3022953,1.0
3022954,5.0
3022955,1.0
3022956,129.144
3022957,287.0
3022958,5.0
3022959,3.0
3022960,129.149
3022961,81.097
3022962,1246.04
3022963,2.0
3022964,3.0
3022965,2.0
3022966,1.0
3022967,2.0
3022968,2676.0
3022969,0.0
3022970,710.0
3022971,5.0
3022972,781.0
3022973,588.0
3022974,261.478
3022975,372.0
3022976,47.0
3022977,3706.6692
3022978,15.0
3022979,1.0
3022980,36.0
3022981,15.0
3022982,0.0
3022983,243.0
3022984,0.0
3022985,1.0
3022986,2.0
3022987,24.0
3022988,1.0
3022989,115.857
3022990,204.0
3022991,3.0
3022992,3.0
3022993,147.773
3022994,56.499
3022995,870.321
3022996,2.0
3022997,8.0
3022998,7.0
3022999,0.0
3023000,27.0
3023001,7439.853
3023002,0.0
3023003,1163.481
3023004,20.0
3023005,1769.6283
3023006,1958.5742
3023007,375.21
3023008,466.0
3023009,317.63
3023010,7077.433
3023011,82.0
3023012,4.0
3023013,48.0
3023014,60.0
3023015,0.0
3023016,479.0
3023017,45.0
3023018,38.0
3023019,23.0
3023020,120.0
3023021,20.0
3023022,703.38403
3023023,521.0
3023024,11.0
3023025,27.0
3023026,1251.017
3023027,215.657
3023028,7311.0767
3023029,0.0
3023030,86.451996
3023031,2.0
3023032,0.0
3023033,0.0
3023034,1175.0
3023035,0.0
3023036,162.0
3023037,7.0
3023038,378.0
3023039,247.0
3023040,100.0
3023041,212.0
3023042,46.0
3023043,1942.8174
3023044,14.0
3023045,0.0
3023046,20.0
3023047,3.0
3023048,0.0
3023049,116.0
3023050,0.0
3023051,0.0
3023052,2.0
3023053,25.0
3023054,0.0
3023055,45.968
3023056,63.0
3023057,2.0
3023058,4.0
3023059,91.344
3023060,9.0
3023061,594.232
3023062,0.0
3023063,3.0
3023064,6.0
3023065,0.0
3023066,0.0
3023067,3331.7432
3023068,0.0
3023069,585.0
3023070,10.0
3023071,886.0
3023072,564.0
3023073,207.001
3023074,479.0
3023075,40.0
3023076,4106.9414
3023077,17.0
3023078,0.0
3023079,26.0
3023080,11.0
3023081,0.0
3023082,242.0
3023083,1.0
3023084,7.0
3023085,2.0
3023086,13.0
3023087,1.0
3023088,330.253
3023089,214.0
3023090,3.0
3023091,2.0
3023092,88.384
3023093,62.064
3023094,982.646
3023095,0.0
3023096,8.0
3023097,2.0
3023098,0.0
3023099,0.0
3023100,1009.0
3023101,0.0
3023102,94.0
3023103,1.0
3023104,475.0
3023105,160.0
3023106,81.0
3023107,640.0
3023108,23.511
3023109,1771.134
3023110,3.0
3023111,0.0
3023112,6.0
3023113,7.0
3023114,0.0
3023115,92.0
3023116,0.0
3023117,0.0
3023118,2.0
3023119,3.0
3023120,1.0
3023121,72.821
3023122,67.0
3023123,0.0
3023124,2.0
3023125,35.465
3023126,13.0
3023127,154.622
3023128,0.0
3023129,2.0
3023130,5.0
3023131,0.0
3023132,2.0
3023133,2405.0
3023134,0.0
3023135,246.0
3023136,5.0
3023137,909.0
3023138,387.0
3023139,133.0
3023140,1010.0
3023141,37.0
3023142,2918.965
3023143,1.0
3023144,0.0
3023145,60.0
3023146,9.0
3023147,0.0
3023148,184.0
3023149,0.0
3023150,0.0
3023151,16.0
3023152,9.0
3023153,1.0
3023154,212.23
3023155,204.0
3023156,2.0
3023157,4.0
3023158,181.824
3023159,27.0
3023160,1115.901
3023161,0.0
3023162,0.0
3023163,4.0
3023164,0.0
3023165,2.0
3023166,2457.7356
3023167,0.0
3023168,772.0
3023169,15.0
3023170,1065.0
3023171,726.0
3023172,199.337
3023173,266.0
3023174,65.0
3023175,3948.6318
3023176,6.0
3023177,3.0
3023178,11.0
3023179,43.0
3023180,0.0
3023181,208.0
3023182,2.0
3023183,8.0
3023184,8.0
3023185,19.0
3023186,6.0
3023187,201.455
3023188,274.0
3023189,6.0
3023190,11.0
3023191,181.942
3023192,28.048
3023193,690.883
3023194,3.0
3023195,3.0
3023196,3.0
3023197,0.0
3023198,0.0
3023199,1294.0
3023200,0.0
3023201,131.0
3023202,1.0
3023203,398.0
3023204,153.0
3023205,80.0
3023206,213.0
3023207,23.0
3023208,2039.257
3023209,1.0
3023210,0.0
3023211,15.0
3023212,1.0
3023213,0.0
3023214,88.0
3023215,0.0
3023216,0.0
3023217,0.0
3023218,9.0
3023219,1.0
3023220,136.39
3023221,73.0
3023222,0.0
3023223,0.0
3023224,33.268
3023225,12.0
3023226,344.70898
3023227,0.0
3023228,2.0
3023229,7.0
3023230,0.0
3023231,1.0
3023232,3278.8735
3023233,0.0
3023234,496.0
3023235,19.0
3023236,682.0
3023237,464.0
3023238,145.344
3023239,160.0
3023240,147.661
3023241,3510.2532
3023242,2.0
3023243,1.0
3023244,8.0
3023245,10.0
3023246,0.0
3023247,175.0
3023248,0.0
3023249,17.0
3023250,0.0
3023251,31.0
3023252,2.0
3023253,204.80501
3023254,177.0
3023255,6.0
3023256,0.0
3023257,116.646
3023258,38.0
3023259,1048.171
3023260,0.0
3023261,0.0
3023262,1.0
3023263,0.0
3023264,10.0
3023265,2355.6965
3023266,0.0
3023267,588.872
3023268,1.0
3023269,796.0
3023270,944.0
3023271,153.859
3023272,120.0
3023273,76.0
3023274,3106.7805
3023275,38.0
3023276,1.0
3023277,43.0
3023278,25.0
3023279,0.0
3023280,196.0
3023281,23.0
3023282,9.0
3023283,2.0
3023284,70.0
3023285,12.0
3023286,170.14099
3023287,267.0
3023288,18.0
3023289,16.0
3023290,239.482
3023291,82.651
3023292,2185.1118
3023293,0.0
3023294,16.744999
3023295,2.0
3023296,0.0
3023297,8.0
3023298,1983.3086
3023299,0.0
3023300,464.677
3023301,19.0
3023302,800.0
3023303,806.0
3023304,167.557
3023305,93.0
3023306,121.0
3023307,3287.0845
3023308,25.0
3023309,0.0
3023310,44.0
3023311,25.0
3023312,0.0
3023313,289.0
3023314,25.0
3023315,8.0
3023316,4.0
3023317,51.0
3023318,10.0
3023319,177.292
3023320,362.0
3023321,10.0
3023322,6.0
3023323,171.09
3023324,75.378
3023325,2127.984
3023326,0.0
3023327,17.454
3023328,12.0
3023329,0.0
3023330,6.0
3023331,3554.5457
3023332,0.0
3023333,728.0
3023334,3.0
3023335,1619.0
3023336,650.0
3023337,199.644
3023338,1540.0
3023339,57.0
3023340,5006.726
3023341,37.0
3023342,0.0
3023343,32.0
3023344,12.0
3023345,0.0
3023346,343.0
3023347,5.0
3023348,11.0
3023349,2.0
3023350,47.0
3023351,10.0
3023352,168.458
3023353,335.0
3023354,6.0
3023355,2.0
3023356,191.08
3023357,50.879
3023358,1649.192
3023359,13.0
3023360,9.238
3023361,2.0
3023362,0.0
3023363,2.0
3023364,2171.126
3023365,0.0
3023366,356.235
3023367,9.0
3023368,828.0
3023369,738.0
3023370,134.557
3023371,136.0
3023372,48.0
3023373,2837.0652
3023374,30.0
3023375,0.0
3023376,6.0
3023377,7.0
3023378,0.0
3023379,164.0
3023380,18.0
3023381,21.0
3023382,1.0
3023383,49.0
3023384,5.0
3023385,532.311
3023386,197.0
3023387,9.0
3023388,7.0
3023389,431.75
3023390,51.924
3023391,1994.9188
3023392,0.0
3023393,26.744
3023394,0.0
3023395,0.0
3023396,2.0
3023397,4484.9824
3023398,0.0
3023399,529.0
3023400,4.0
3023401,1626.0
3023402,730.0
3023403,262.0
3023404,262.0
3023405,49.0
3023406,5589.91
3023407,8.0
3023408,5.0
3023409,22.0
3023410,29.0
3023411,0.0
3023412,366.0
3023413,0.0
3023414,1.0
3023415,10.0
3023416,13.0
3023417,4.0
3023418,140.987
3023419,325.0
3023420,3.0
3023421,9.0
3023422,167.93001
3023423,65.0
3023424,1112.523
3023425,0.0
3023426,11.0
3023427,5.0
3023428,0.0
3023429,11.0
3023430,2071.353
3023431,0.0
3023432,429.096
3023433,12.0
3023434,806.0
3023435,725.0
3023436,161.884
3023437,126.0
3023438,104.0
3023439,3323.0903
3023440,17.0
3023441,2.0
3023442,24.0
3023443,26.0
3023444,0.0
3023445,185.0
3023446,10.0
3023447,2.0
3023448,10.0
3023449,27.0
3023450,11.0
3023451,189.196
3023452,220.0
3023453,16.0
3023454,9.0
3023455,203.552
3023456,62.846
3023457,1851.582
3023458,2.0
3023459,6.0
3023460,5.0
3023461,0.0
3023462,11.0
3023463,2317.0
3023464,0.0
3023465,494.327
3023466,10.0
3023467,695.0
3023468,794.0
3023469,146.691
3023470,139.0
3023471,99.0
3023472,3027.0
3023473,51.0
3023474,3.0
3023475,75.0
3023476,34.0
3023477,0.0
3023478,192.0
3023479,9.0
3023480,33.0
3023481,4.0
3023482,34.0
3023483,16.0
3023484,218.31801
3023485,210.0
3023486,10.0
3023487,6.0
3023488,221.677
3023489,32.651
3023490,2703.825
3023491,0.0
3023492,12.832
3023493,3.0
3023494,0.0
3023495,1.0
3023496,4921.0405
3023497,0.0
3023498,595.0
3023499,7.0
3023500,1245.0
3023501,880.0
3023502,343.692
3023503,516.0
3023504,82.115
3023505,4596.378
3023506,16.0
3023507,0.0
3023508,21.0
3023509,35.0
3023510,0.0
3023511,281.0
3023512,0.0
3023513,3.0
3023514,2.0
3023515,71.0
3023516,3.0
3023517,207.491
3023518,277.0
3023519,5.0
3023520,1.0
3023521,223.058
3023522,127.135
3023523,1482.045
3023524,4.0
3023525,1.0
3023526,10.0
3023527,0.0
3023528,7.0
3023529,7995.174
3023530,0.0
3023531,1481.496
3023532,12.0
3023533,1929.0265
3023534,2146.31
3023535,455.757
3023536,586.0
3023537,286.778
3023538,8405.959
3023539,76.0
3023540,3.0
3023541,130.0
3023542,75.0
3023543,0.0
3023544,547.0
3023545,34.0
3023546,18.0
3023547,92.0
3023548,186.0
3023549,27.0
3023550,735.229
3023551,489.0
3023552,36.0
3023553,37.0
3023554,1028.516
3023555,297.046
3023556,8046.1084
3023557,326.0
3023558,81.965004
3023559,15.0
3023560,0.0
3023561,16.0
3023562,7865.1147
3023563,0.0
3023564,1115.085
3023565,13.0
3023566,2223.7065
3023567,1901.2539
3023568,662.163
3023569,384.0
3023570,277.447
3023571,9551.858
3023572,77.0
3023573,2.0
3023574,44.0
3023575,84.0
3023576,1.0
3023577,563.0
3023578,22.0
3023579,16.0
3023580,4.0
3023581,118.0
3023582,28.0
3023583,898.523
3023584,689.0
3023585,23.0
3023586,30.0
3023587,1263.297
3023588,248.162
3023589,6010.631
3023590,575.0
3023591,79.414
3023592,9.0
3023593,0.0
3023594,28.0
3023595,4937.838
3023596,0.0
3023597,810.0
3023598,22.0
3023599,1861.0881
3023600,1343.0
3023601,709.371
3023602,149.0
3023603,198.246
3023604,8010.972
3023605,35.0
3023606,5.0
3023607,32.0
3023608,22.0
3023609,1.0
3023610,534.0
3023611,30.0
3023612,13.0
3023613,7.0
3023614,88.0
3023615,19.0
3023616,1015.205
3023617,644.0
3023618,16.0
3023619,29.0
3023620,773.189
3023621,95.211
3023622,2522.2922
3023623,230.0
3023624,43.762
3023625,20.0
3023626,0.0
3023627,26.0
3023628,7215.64
3023629,0.0
3023630,1018.968
3023631,24.0
3023632,1874.4049
3023633,1822.5377
3023634,583.603
3023635,367.0
3023636,186.0
3023637,8534.378
3023638,36.0
3023639,0.0
3023640,67.0
3023641,67.0
3023642,1.0
3023643,531.0
3023644,11.0
3023645,35.0
3023646,12.0
3023647,138.0
3023648,18.0
3023649,851.962
3023650,636.0
3023651,17.0
3023652,13.0
3023653,1105.994
3023654,247.694
3023655,5277.4673
3023656,265.0
3023657,68.986
3023658,11.0
3023659,0.0
3023660,22.0
3023661,4042.3335
3023662,0.0
3023663,818.0
3023664,41.0
3023665,1803.7214
3023666,1072.0
3023667,547.021
3023668,116.0
3023669,173.313
3023670,7031.488
3023671,41.0
3023672,0.0
3023673,14.0
3023674,26.0
3023675,0.0
3023676,409.0
3023677,8.0
3023678,5.0
3023679,1.0
3023680,71.0
3023681,6.0
3023682,749.178
3023683,657.0
3023684,18.0
3023685,21.0
3023686,904.546
3023687,91.669
3023688,1810.299
3023689,325.0
3023690,20.321
3023691,4.0
3023692,0.0
3023693,17.0
3023694,6056.231
3023695,0.0
3023696,1144.527
3023697,31.0
3023698,1684.321
3023699,1992.0227
3023700,385.858
3023701,467.0
3023702,286.0
3023703,7005.3403
3023704,97.0
3023705,1.0
3023706,81.0
3023707,54.0
3023708,0.0
3023709,440.0
3023710,10.0
3023711,41.0
3023712,9.0
3023713,145.0
3023714,23.0
3023715,814.506
3023716,502.0
3023717,27.0
3023718,30.0
3023719,1026.21
3023720,241.769
3023721,7037.114
3023722,304.0
3023723,79.832
3023724,6.0
3023725,0.0
3023726,6.0
3023727,1755.4424
3023728,0.0
3023729,393.15
3023730,28.0
3023731,676.0
3023732,580.0
3023733,205.163
3023734,85.0
3023735,81.15
3023736,2784.3262
3023737,17.0
3023738,1.0
3023739,27.0
3023740,28.0
3023741,0.0
3023742,157.0
3023743,14.0
3023744,15.0
3023745,12.0
3023746,23.0
3023747,12.0
3023748,211.646
3023749,196.0
3023750,0.0
3023751,2.0
3023752,203.0
3023753,79.535
3023754,1453.2369
3023755,0.0
3023756,11.694
3023757,6.0
3023758,0.0
3023759,15.0
3023760,3999.5479
3023761,0.0
3023762,547.679
3023763,26.0
3023764,1521.4241
3023765,1088.0
3023766,365.374
3023767,119.0
3023768,189.494
3023769,6018.153
3023770,62.0
3023771,1.0
3023772,111.0
3023773,38.0
3023774,0.0
3023775,333.0
3023776,8.0
3023777,12.0
3023778,1.0
3023779,112.0
3023780,18.0
3023781,502.453
3023782,526.0
3023783,18.0
3023784,18.0
3023785,426.174
3023786,75.712
3023787,2002.6372
3023788,316.0
3023789,12.242
3023790,8.0
3023791,0.0
3023792,3.0
3023793,4022.317
3023794,0.0
3023795,847.47
3023796,11.0
3023797,1231.2382
3023798,1439.0856
3023799,223.416
3023800,321.0
3023801,164.0
3023802,4566.2705
3023803,55.0
3023804,0.0
3023805,8.0
3023806,105.0
3023807,0.0
3023808,227.0
3023809,0.0
3023810,41.0
3023811,2.0
3023812,60.0
3023813,14.0
3023814,528.053
3023815,234.0
3023816,21.0
3023817,7.0
3023818,681.347
3023819,124.739
3023820,4600.641
3023821,0.0
3023822,41.584
3023823,5.0
3023824,0.0
3023825,9.0
3023826,3920.0
3023827,0.0
3023828,795.737
3023829,9.0
3023830,1251.0
3023831,1062.0
3023832,274.628
3023833,221.0
3023834,290.547
3023835,5088.0
3023836,29.0
3023837,6.0
3023838,45.0
3023839,29.0
3023840,0.0
3023841,285.0
3023842,13.0
3023843,43.0
3023844,8.0
3023845,180.0
3023846,11.0
3023847,370.455
3023848,257.0
3023849,18.0
3023850,17.0
3023851,376.245
3023852,128.321
3023853,4090.845
3023854,1.0
3023855,6.5950003
3023856,2.0
3023857,0.0
3023858,1.0
3023859,1624.0
3023860,0.0
3023861,401.222
3023862,1.0
3023863,699.0
3023864,452.0
3023865,165.198
3023866,82.0
3023867,82.228
3023868,2823.216
3023869,10.0
3023870,2.0
3023871,21.0
3023872,11.0
3023873,0.0
3023874,182.0
3023875,11.0
3023876,10.0
3023877,6.0
3023878,37.0
3023879,3.0
3023880,195.48
3023881,210.0
3023882,7.0
3023883,6.0
3023884,134.377
3023885,50.028
3023886,1594.208
3023887,0.0
3023888,9.0
3023889,4.0
3023890,0.0
3023891,0.0
3023892,5403.0
3023893,0.0
3023894,231.0
3023895,1.0
3023896,996.0
3023897,306.0
3023898,207.0
3023899,113.0
3023900,25.0
3023901,3299.9656
3023902,20.0
3023903,2.0
3023904,47.0
3023905,15.0
3023906,0.0
3023907,175.0
3023908,0.0
3023909,0.0
3023910,2.0
3023911,7.0
3023912,1.0
3023913,64.224
3023914,200.0
3023915,0.0
3023916,1.0
3023917,56.155
3023918,147.0
3023919,585.615
3023920,0.0
3023921,0.0
3023922,10.0
3023923,0.0
3023924,7.0
3023925,2900.9695
3023926,0.0
3023927,504.859
3023928,7.0
3023929,1014.0
3023930,907.0
3023931,321.352
3023932,178.0
3023933,118.125
3023934,4232.715
3023935,38.0
3023936,0.0
3023937,28.0
3023938,29.0
3023939,0.0
3023940,248.0
3023941,14.0
3023942,11.0
3023943,8.0
3023944,51.0
3023945,11.0
3023946,360.109
3023947,308.0
3023948,7.0
3023949,13.0
3023950,523.63403
3023951,96.745
3023952,2327.903
3023953,0.0
3023954,37.879
3023955,3.0
3023956,0.0
3023957,9.0
3023958,3506.9773
3023959,0.0
3023960,719.231
3023961,22.0
3023962,1055.0
3023963,1398.0
3023964,216.397
3023965,331.0
3023966,186.0
3023967,3385.763
3023968,58.0
3023969,3.0
3023970,38.0
3023971,197.0
3023972,0.0
3023973,230.0
3023974,25.0
3023975,39.0
3023976,2.0
3023977,97.0
3023978,24.0
3023979,515.925
3023980,268.0
3023981,11.0
3023982,14.0
3023983,745.509
3023984,127.118
3023985,4490.9937
3023986,1.0
3023987,47.977
3023988,6.0
3023989,3.0
3023990,7.0
3023991,4005.661
3023992,0.0
3023993,815.009
3023994,20.0
3023995,1126.0
3023996,1411.0
3023997,264.137
3023998,309.0
3023999,158.578
3024000,4293.5986
3024001,49.0
3024002,7.0
3024003,21.0
3024004,40.0
3024005,0.0
3024006,323.0
3024007,24.0
3024008,32.0
3024009,22.0
3024010,79.0
3024011,12.0
3024012,428.8
3024013,449.0
3024014,13.0
3024015,27.0
3024016,611.781
3024017,153.151
3024018,4193.215
3024019,1.0
3024020,33.253
3024021,8.0
3024022,0.0
3024023,4.0
3024024,3268.7097
3024025,0.0
3024026,447.0
3024027,12.0
3024028,1387.882
3024029,746.0
3024030,493.971
3024031,277.0
3024032,70.0
3024033,5729.5854
3024034,6.0
3024035,1.0
3024036,41.0
3024037,43.0
3024038,0.0
3024039,355.0
3024040,6.0
3024041,8.0
3024042,4.0
3024043,51.0
3024044,12.0
3024045,330.975
3024046,445.0
3024047,2.0
3024048,14.0
3024049,283.429
3024050,114.12
3024051,1348.425
3024052,182.0
3024053,17.0
3024054,4.0
3024055,0.0
3024056,4.0
3024057,2102.6865
3024058,0.0
3024059,329.54102
3024060,21.0
3024061,703.0
3024062,602.0
3024063,116.402
3024064,131.0
3024065,89.0
3024066,2378.062
3024067,13.0
3024068,3.0
3024069,30.0
3024070,33.0
3024071,0.0
3024072,156.0
3024073,9.0
3024074,17.0
3024075,4.0
3024076,94.0
3024077,3.0
3024078,274.176
3024079,173.0
3024080,3.0
3024081,21.0
3024082,234.892
3024083,42.822998
3024084,2197.9604
3024085,0.0
3024086,22.487
3024087,4.0
3024088,0.0
3024089,4.0
3024090,1608.0
3024091,0.0
3024092,112.0
3024093,2.0
3024094,731.0
3024095,328.0
3024096,175.0
3024097,40.0
3024098,49.0
3024099,2560.5535
3024100,5.0
3024101,1.0
3024102,5.0
3024103,12.0
3024104,0.0
3024105,193.0
3024106,13.0
3024107,0.0
3024108,1.0
3024109,14.0
3024110,1.0
3024111,235.604
3024112,176.0
3024113,2.0
3024114,2.0
3024115,102.077
3024116,26.0
3024117,256.911
3024118,18.0
3024119,11.0
3024120,6.0
3024121,0.0
3024122,7.0
3024123,4031.2415
3024124,0.0
3024125,2080.0
3024126,8.0
3024127,1667.9288
3024128,611.0
3024129,489.812
3024130,438.0
3024131,65.0
3024132,6372.957
3024133,14.0
3024134,1.0
3024135,23.0
3024136,14.0
3024137,0.0
3024138,466.0
3024139,16.0
3024140,5.0
3024141,11.0
3024142,12.0
3024143,4.0
3024144,829.919
3024145,401.0
3024146,0.0
3024147,20.0
3024148,526.459
3024149,111.556
3024150,2309.767
3024151,25.0
3024152,3.0
3024153,2.0
3024154,0.0
3024155,2.0
3024156,1625.0
3024157,0.0
3024158,176.0
3024159,10.0
3024160,850.0
3024161,373.0
3024162,145.0
3024163,15.0
3024164,23.0
3024165,2532.013
3024166,8.0
3024167,0.0
3024168,12.0
3024169,29.0
3024170,0.0
3024171,143.0
3024172,8.0
3024173,0.0
3024174,0.0
3024175,22.0
3024176,4.0
3024177,189.658
3024178,199.0
3024179,2.0
3024180,6.0
3024181,162.205
3024182,61.0
3024183,393.182
3024184,11.0
3024185,1.0
3024186,4.0
3024187,0.0
3024188,4.0
3024189,1290.0
3024190,0.0
3024191,148.0
3024192,3.0
3024193,663.0
3024194,272.0
3024195,149.0
3024196,60.0
3024197,29.0
3024198,2517.6199
3024199,1.0
3024200,0.0
3024201,12.0
3024202,9.0
3024203,0.0
3024204,122.0
3024205,1.0
3024206,0.0
3024207,2.0
3024208,7.0
3024209,1.0
3024210,187.51201
3024211,177.0
3024212,0.0
3024213,5.0
3024214,74.084
3024215,21.0
3024216,303.455
3024217,7.0
3024218,1.0
3024219,6.0
3024220,0.0
3024221,2.0
3024222,2400.0
3024223,0.0
3024224,227.0
3024225,3.0
3024226,821.0
3024227,436.0
3024228,256.0
3024229,35.0
3024230,34.0
3024231,2869.327
3024232,2.0
3024233,0.0
3024234,2.0
3024235,19.0
3024236,0.0
3024237,166.0
3024238,0.0
3024239,0.0
3024240,7.0
3024241,19.0
3024242,5.0
3024243,116.747
3024244,264.0
3024245,1.0
3024246,13.0
3024247,50.337
3024248,107.0
3024249,551.648
3024250,4.0
3024251,6.0
3024252,3.0
3024253,1.0
3024254,6.0
3024255,1825.0
3024256,0.0
3024257,187.0
3024258,2.0
3024259,694.0
3024260,358.0
3024261,255.0
3024262,90.0
3024263,54.0
3024264,2616.8352
3024265,7.0
3024266,1.0
3024267,15.0
3024268,13.0
3024269,0.0
3024270,185.0
3024271,7.0
3024272,0.0
3024273,8.0
3024274,15.0
3024275,1.0
3024276,180.437
3024277,161.0
3024278,1.0
3024279,5.0
3024280,128.693
3024281,61.0
3024282,1047.301
3024283,3.0
3024284,4.0
3024285,5.0
3024286,0.0
3024287,0.0
3024288,1702.0
3024289,0.0
3024290,205.0
3024291,3.0
3024292,1206.0
3024293,268.0
3024294,195.0
3024295,102.0
3024296,28.0
3024297,2041.1104
3024298,4.0
3024299,0.0
3024300,12.0
3024301,16.0
3024302,0.0
3024303,133.0
3024304,0.0
3024305,0.0
3024306,6.0
3024307,9.0
3024308,1.0
3024309,77.791
3024310,119.0
3024311,0.0
3024312,2.0
3024313,64.859
3024314,41.0
3024315,913.778
3024316,0.0
3024317,2.0
3024318,9.0
3024319,0.0
3024320,2.0
3024321,2665.3496
3024322,0.0
3024323,333.0
3024324,6.0
3024325,1175.0
3024326,707.0
3024327,420.0
3024328,213.0
3024329,140.0
3024330,4212.5366
3024331,10.0
3024332,3.0
3024333,17.0
3024334,22.0
3024335,0.0
3024336,266.0
3024337,0.0
3024338,0.0
3024339,3.0
3024340,15.0
3024341,5.0
3024342,285.509
3024343,262.0
3024344,2.0
3024345,6.0
3024346,314.182
3024347,61.0
3024348,2300.077
3024349,57.0
3024350,15.0
3024351,1.0
3024352,4.0
3024353,7.0
3024354,2024.8254
3024355,0.0
3024356,606.0
3024357,13.0
3024358,606.0
3024359,569.0
3024360,197.847
3024361,149.0
3024362,45.0
3024363,2732.9165
3024364,8.0
3024365,1.0
3024366,11.0
3024367,28.0
3024368,0.0
3024369,161.0
3024370,4.0
3024371,0.0
3024372,3.0
3024373,52.0
3024374,2.0
3024375,84.173004
3024376,157.0
3024377,1.0
3024378,9.0
3024379,145.543
3024380,71.548996
3024381,3164.252
3024382,30.0
3024383,21.364
3024384,8.0
3024385,1.0
3024386,5.0
3024387,2412.7356
3024388,0.0
3024389,197.0
3024390,10.0
3024391,952.0
3024392,339.0
3024393,358.0
3024394,57.0
3024395,33.0
3024396,3136.5732
3024397,6.0
3024398,2.0
3024399,11.0
3024400,9.0
3024401,0.0
3024402,201.0
3024403,7.0
3024404,0.0
3024405,9.0
3024406,12.0
3024407,10.0
3024408,160.44
3024409,178.0
3024410,2.0
3024411,4.0
3024412,72.127
3024413,31.0
3024414,554.62
3024415,14.0
3024416,12.0
3024417,2.0
3024418,0.0
3024419,9.0
3024420,2319.288
3024421,0.0
3024422,607.0
3024423,8.0
3024424,659.0
3024425,703.0
3024426,232.882
3024427,154.0
3024428,79.0
3024429,3172.1035
3024430,21.0
3024431,1.0
3024432,19.0
3024433,26.0
3024434,0.0
3024435,187.0
3024436,15.0
3024437,21.0
3024438,3.0
3024439,65.0
3024440,15.0
3024441,357.513
3024442,202.0
3024443,3.0
3024444,6.0
3024445,365.424
3024446,90.849
3024447,1981.6599
3024448,0.0
3024449,32.718002
3024450,11.0
3024451,0.0
3024452,4.0
3024453,3762.7607
3024454,0.0
3024455,437.0
3024456,4.0
3024457,1146.0
3024458,632.0
3024459,658.019
3024460,47.0
3024461,63.0
3024462,4769.7246
3024463,9.0
3024464,0.0
3024465,15.0
3024466,16.0
3024467,0.0
3024468,282.0
3024469,0.0
3024470,4.0
3024471,5.0
3024472,28.0
3024473,2.0
3024474,329.746
3024475,349.0
3024476,0.0
3024477,8.0
3024478,273.341
3024479,66.982
3024480,1343.671
3024481,92.0
3024482,5.0
3024483,12.0
3024484,0.0
3024485,2.0
3024486,3860.0
3024487,0.0
3024488,483.0
3024489,9.0
3024490,1064.0
3024491,574.0
3024492,311.309
3024493,321.0
3024494,83.736
3024495,4051.0735
3024496,13.0
3024497,0.0
3024498,50.0
3024499,21.0
3024500,0.0
3024501,285.0
3024502,5.0
3024503,3.0
3024504,7.0
3024505,96.0
3024506,5.0
3024507,112.286
3024508,236.0
3024509,3.0
3024510,8.0
3024511,138.924
3024512,135.858
3024513,2310.433
3024514,0.0
3024515,3.0
3024516,1.0
3024517,0.0
3024518,6.0
3024519,2193.0
3024520,0.0
3024521,122.0
3024522,1.0
3024523,581.0
3024524,289.0
3024525,121.0
3024526,95.0
3024527,55.0
3024528,2128.0
3024529,5.0
3024530,1.0
3024531,41.0
3024532,19.0
3024533,0.0
3024534,155.0
3024535,1.0
3024536,0.0
3024537,4.0
3024538,32.0
3024539,4.0
3024540,141.749
3024541,112.0
3024542,0.0
3024543,4.0
3024544,131.07399
3024545,31.0
3024546,634.965
3024547,8.0
3024548,1.0
3024549,1.0
3024550,0.0
3024551,3.0
3024552,1253.0
3024553,0.0
3024554,243.799
3024555,11.0
3024556,473.0
3024557,421.0
3024558,94.624
3024559,48.0
3024560,75.844
3024561,1913.2953
3024562,25.0
3024563,0.0
3024564,11.0
3024565,20.0
3024566,0.0
3024567,115.0
3024568,19.0
3024569,0.0
3024570,4.0
3024571,44.0
3024572,4.0
3024573,918.841
3024574,140.0
3024575,5.0
3024576,5.0
3024577,439.349
3024578,22.795
3024579,1156.31
3024580,0.0
3024581,2.0
3024582,1.0
3024583,0.0
3024584,2.0
3024585,3026.4094
3024586,0.0
3024587,720.1
3024588,15.0
3024589,1003.0
3024590,1197.0
3024591,284.71
3024592,218.0
3024593,138.52
3024594,3545.8354
3024595,32.0
3024596,2.0
3024597,19.0
3024598,39.0
3024599,0.0
3024600,239.0
3024601,2.0
3024602,21.0
3024603,10.0
3024604,62.0
3024605,16.0
3024606,397.13
3024607,257.0
3024608,22.0
3024609,8.0
3024610,513.652
3024611,103.035995
3024612,3141.3657
3024613,0.0
3024614,35.914
3024615,7.0
3024616,0.0
3024617,3.0
3024618,1688.4691
3024619,0.0
3024620,385.94
3024621,5.0
3024622,312.0
3024623,484.0
3024624,102.582
3024625,104.0
3024626,58.0
3024627,1683.0522
3024628,9.0
3024629,0.0
3024630,11.0
3024631,7.0
3024632,0.0
3024633,72.0
3024634,0.0
3024635,12.0
3024636,6.0
3024637,96.0
3024638,10.0
3024639,180.107
3024640,93.0
3024641,3.0
3024642,3.0
3024643,172.517
3024644,25.468
3024645,1269.174
3024646,1.0
3024647,4.0
3024648,3.0
3024649,0.0
3024650,0.0
3024651,762.0
3024652,0.0
3024653,215.0
3024654,4.0
3024655,284.0
3024656,263.0
3024657,92.42
3024658,36.0
3024659,25.0
3024660,1208.5298
3024661,3.0
3024662,0.0
3024663,12.0
3024664,6.0
3024665,0.0
3024666,79.0
3024667,0.0
3024668,0.0
3024669,0.0
3024670,9.0
3024671,0.0
3024672,165.26
3024673,118.0
3024674,2.0
3024675,0.0
3024676,118.622
3024677,18.0
3024678,377.595
3024679,0.0
3024680,2.0
3024681,5.0
3024682,1.0
3024683,3.0
3024684,2788.649
3024685,0.0
3024686,637.12
3024687,16.0
3024688,937.0
3024689,885.0
3024690,311.631
3024691,233.0
3024692,103.0
3024693,3477.4062
3024694,37.0
3024695,7.0
3024696,19.0
3024697,21.0
3024698,0.0
3024699,181.0
3024700,7.0
3024701,27.0
3024702,6.0
3024703,68.0
3024704,4.0
3024705,245.882
3024706,239.0
3024707,14.0
3024708,12.0
3024709,382.93
3024710,89.543
3024711,2285.3557
3024712,0.0
3024713,19.214
3024714,6.0
3024715,0.0
3024716,5.0
3024717,3270.8682
3024718,0.0
3024719,685.0
3024720,4.0
3024721,1193.0
3024722,1047.0
3024723,376.378
3024724,301.0
3024725,73.0
3024726,4497.968
3024727,21.0
3024728,0.0
3024729,38.0
3024730,13.0
3024731,1.0
3024732,311.0
3024733,0.0
3024734,9.0
3024735,7.0
3024736,27.0
3024737,1.0
3024738,249.189
3024739,420.0
3024740,3.0
3024741,2.0
3024742,194.748
3024743,87.969
3024744,3322.75
3024745,1.0
3024746,12.0
3024747,5.0
3024748,0.0
3024749,5.0
3024750,3765.0
3024751,0.0
3024752,1180.0
3024753,13.0
3024754,1071.0
3024755,713.0
3024756,385.777
3024757,292.0
3024758,74.0
3024759,3985.1145
3024760,24.0
3024761,2.0
3024762,33.0
3024763,18.0
3024764,0.0
3024765,279.0
3024766,0.0
3024767,6.0
3024768,3.0
3024769,66.0
3024770,4.0
3024771,130.392
3024772,216.0
3024773,0.0
3024774,3.0
3024775,165.984
3024776,93.841
3024777,2541.333
3024778,0.0
3024779,4.0
3024780,12.0
3024781,0.0
3024782,13.0
3024783,6803.528
3024784,0.0
3024785,1052.915
3024786,31.0
3024787,1671.3654
3024788,1797.9736
3024789,299.215
3024790,403.0
3024791,273.655
3024792,6805.815
3024793,64.0
3024794,2.0
3024795,49.0
3024796,35.0
3024797,0.0
3024798,423.0
3024799,33.0
3024800,43.0
3024801,28.0
3024802,184.0
3024803,37.0
3024804,662.149
3024805,455.0
3024806,12.0
3024807,30.0
3024808,1155.024
3024809,222.294
3024810,6624.192
3024811,1.0
3024812,71.061
3024813,4.0
3024814,0.0
3024815,0.0
3024816,4052.0
3024817,0.0
3024818,180.0
3024819,5.0
3024820,914.0
3024821,308.0
3024822,166.0
3024823,88.0
3024824,43.0
3024825,2155.4949
3024826,5.0
3024827,0.0
3024828,8.0
3024829,8.0
3024830,0.0
3024831,152.0
3024832,0.0
3024833,0.0
3024834,2.0
3024835,8.0
3024836,1.0
3024837,91.051
3024838,167.0
3024839,2.0
3024840,6.0
3024841,132.532
3024842,66.0
3024843,1263.186
3024844,0.0
3024845,5.0
3024846,7.0
3024847,0.0
3024848,0.0
3024849,3482.3591
3024850,0.0
3024851,700.0
3024852,9.0
3024853,994.0
3024854,624.0
3024855,209.515
3024856,366.0
3024857,98.611
3024858,4228.9756
3024859,11.0
3024860,2.0
3024861,16.0
3024862,15.0
3024863,0.0
3024864,268.0
3024865,0.0
3024866,6.0
3024867,13.0
3024868,21.0
3024869,0.0
3024870,332.096
3024871,224.0
3024872,3.0
3024873,4.0
3024874,101.463
3024875,66.924
3024876,2777.268
3024877,1.0
3024878,3.0
3024879,0.0
3024880,0.0
3024881,1.0
3024882,1246.0
3024883,0.0
3024884,127.0
3024885,1.0
3024886,789.0
3024887,169.0
3024888,112.0
3024889,175.0
3024890,18.0
3024891,2071.947
3024892,2.0
3024893,0.0
3024894,6.0
3024895,5.0
3024896,0.0
3024897,82.0
3024898,0.0
3024899,0.0
3024900,1.0
3024901,6.0
3024902,0.0
3024903,95.489
3024904,90.0
3024905,1.0
3024906,2.0
3024907,54.942
3024908,16.0
3024909,490.481
3024910,0.0
3024911,2.0
3024912,10.0
3024913,0.0
3024914,3.0
3024915,2549.0
3024916,0.0
3024917,251.0
3024918,12.0
3024919,1196.0
3024920,488.0
3024921,245.0
3024922,163.0
3024923,40.0
3024924,2876.7205
3024925,2.0
3024926,0.0
3024927,20.0
3024928,19.0
3024929,0.0
3024930,210.0
3024931,0.0
3024932,0.0
3024933,12.0
3024934,25.0
3024935,2.0
3024936,291.54
3024937,226.0
3024938,4.0
3024939,3.0
3024940,217.068
3024941,43.0
3024942,2376.963
3024943,0.0
3024944,1.0
3024945,6.0
3024946,0.0
3024947,0.0
3024948,2191.1067
3024949,0.0
3024950,669.0
3024951,13.0
3024952,971.0
3024953,595.0
3024954,219.528
3024955,99.0
3024956,54.0
3024957,4114.067
3024958,14.0
3024959,1.0
3024960,22.0
3024961,51.0
3024962,0.0
3024963,230.0
3024964,1.0
3024965,2.0
3024966,1.0
3024967,13.0
3024968,5.0
3024969,181.096
3024970,270.0
3024971,6.0
3024972,4.0
3024973,115.923996
3024974,35.999
3024975,910.804
3024976,3.0
3024977,3.0
3024978,5.0
3024979,0.0
3024980,1.0
3024981,1411.0
3024982,0.0
3024983,108.0
3024984,1.0
3024985,389.0
3024986,130.0
3024987,121.0
3024988,186.0
3024989,36.0
3024990,1940.7104
3024991,9.0
3024992,0.0
3024993,19.0
3024994,4.0
3024995,1.0
3024996,81.0
3024997,0.0
3024998,0.0
3024999,0.0
3025000,85.0
3025001,1.0
3025002,234.121
3025003,74.0
3025004,2.0
3025005,1.0
3025006,36.813
3025007,27.0
3025008,578.222
3025009,0.0
3025010,3.0
3025011,2.0
3025012,0.0
3025013,0.0
3025014,3385.8394
3025015,0.0
3025016,1096.0
3025017,5.0
3025018,826.0
3025019,700.0
3025020,212.582
3025021,195.0
3025022,31.0
3025023,3759.4346
3025024,10.0
3025025,0.0
3025026,32.0
3025027,9.0
3025028,0.0
3025029,232.0
3025030,0.0
3025031,22.0
3025032,4.0
3025033,51.0
3025034,4.0
3025035,250.613
3025036,217.0
3025037,7.0
3025038,4.0
3025039,191.675
3025040,68.316
3025041,2889.672
3025042,3.0
3025043,0.0
3025044,1.0
3025045,0.0
3025046,6.0
3025047,2278.577
3025048,0.0
3025049,446.972
3025050,4.0
3025051,829.0
3025052,748.0
3025053,145.796
3025054,121.0
3025055,120.155
3025056,3234.1194
3025057,51.0
3025058,1.0
3025059,24.0
3025060,24.0
3025061,0.0
3025062,214.0
3025063,24.0
3025064,25.0
3025065,1.0
3025066,71.0
3025067,17.0
3025068,240.529
3025069,300.0
3025070,9.0
3025071,17.0
3025072,243.605
3025073,72.354996
3025074,2111.9968
3025075,0.0
3025076,13.659
3025077,7.0
3025078,0.0
3025079,9.0
3025080,1841.8345
3025081,0.0
3025082,400.957
3025083,11.0
3025084,809.0
3025085,737.0
3025086,124.406
3025087,70.0
3025088,108.204
3025089,3115.6807
3025090,11.0
3025091,0.0
3025092,31.0
3025093,22.0
3025094,0.0
3025095,270.0
3025096,36.0
3025097,11.0
3025098,10.0
3025099,51.0
3025100,10.0
3025101,133.633
3025102,287.0
3025103,11.0
3025104,13.0
3025105,99.694
3025106,72.589
3025107,1812.146
3025108,27.0
3025109,10.623
3025110,3.0
3025111,0.0
3025112,5.0
3025113,3166.4739
3025114,0.0
3025115,639.0
3025116,5.0
3025117,1256.0
3025118,618.0
3025119,204.459
3025120,391.0
3025121,61.79
3025122,4648.3467
3025123,36.0
3025124,1.0
3025125,39.0
3025126,16.0
3025127,0.0
3025128,359.0
3025129,6.0
3025130,15.0
3025131,8.0
3025132,74.0
3025133,9.0
3025134,178.75099
3025135,321.0
3025136,6.0
3025137,5.0
3025138,175.668
3025139,44.0
3025140,2748.888
3025141,6.0
3025142,14.92
3025143,7.0
3025144,0.0
3025145,5.0
3025146,1949.1631
3025147,0.0
3025148,278.259
3025149,6.0
3025150,687.0
3025151,568.0
3025152,178.76
3025153,115.0
3025154,58.838
3025155,2662.6772
3025156,22.0
3025157,2.0
3025158,27.0
3025159,9.0
3025160,0.0
3025161,179.0
3025162,14.0
3025163,14.0
3025164,3.0
3025165,59.0
3025166,8.0
3025167,295.524
3025168,214.0
3025169,5.0
3025170,5.0
3025171,372.486
3025172,44.085
3025173,1949.0873
3025174,0.0
3025175,20.37
3025176,5.0
3025177,0.0
3025178,1.0
3025179,4410.886
3025180,0.0
3025181,475.0
3025182,5.0
3025183,3112.0
3025184,604.0
3025185,267.0
3025186,166.0
3025187,77.916
3025188,4945.5576
3025189,4.0
3025190,2.0
3025191,29.0
3025192,21.0
3025193,0.0
3025194,311.0
3025195,0.0
3025196,0.0
3025197,10.0
3025198,26.0
3025199,3.0
3025200,138.198
3025201,277.0
3025202,4.0
3025203,9.0
3025204,126.911
3025205,52.0
3025206,2184.91
3025207,0.0
3025208,4.0
3025209,8.0
3025210,0.0
3025211,7.0
3025212,1903.197
3025213,0.0
3025214,417.936
3025215,5.0
3025216,749.0
3025217,562.0
3025218,170.607
3025219,122.0
3025220,69.0
3025221,3122.4922
3025222,30.0
3025223,2.0
3025224,31.0
3025225,17.0
3025226,0.0
3025227,197.0
3025228,22.0
3025229,6.0
3025230,4.0
3025231,42.0
3025232,14.0
3025233,172.31
3025234,240.0
3025235,19.0
3025236,3.0
3025237,165.2
3025238,54.958
3025239,1698.713
3025240,0.0
3025241,10.0
3025242,4.0
3025243,0.0
3025244,4.0
3025245,1827.0
3025246,0.0
3025247,376.342
3025248,10.0
3025249,642.0
3025250,709.0
3025251,172.829
3025252,90.0
3025253,68.0
3025254,2325.0
3025255,26.0
3025256,0.0
3025257,35.0
3025258,107.0
3025259,0.0
3025260,165.0
3025261,10.0
3025262,27.0
3025263,3.0
3025264,37.0
3025265,10.0
3025266,191.18199
3025267,192.0
3025268,14.0
3025269,11.0
3025270,220.959
3025271,57.013
3025272,1906.525
3025273,1.0
3025274,9.92
3025275,2.0
3025276,0.0
3025277,9.0
3025278,4518.6167
3025279,0.0
3025280,583.0
3025281,14.0
3025282,1041.0
3025283,668.0
3025284,305.773
3025285,137.0
3025286,98.769
3025287,4380.052
3025288,12.0
3025289,0.0
3025290,27.0
3025291,18.0
3025292,0.0
3025293,245.0
3025294,0.0
3025295,8.0
3025296,0.0
3025297,57.0
3025298,2.0
3025299,253.651
3025300,277.0
3025301,4.0
3025302,4.0
3025303,239.972
3025304,128.714
3025305,1743.106
3025306,2.0
3025307,0.0
3025308,15.0
3025309,0.0
3025310,9.0
3025311,7416.5244
3025312,0.0
3025313,1241.632
3025314,40.0
3025315,1883.6401
3025316,1918.9017
3025317,468.755
3025318,506.0
3025319,307.0
3025320,7960.8687
3025321,84.0
3025322,2.0
3025323,136.0
3025324,103.0
3025325,0.0
3025326,529.0
3025327,24.0
3025328,22.0
3025329,61.0
3025330,206.0
3025331,20.0
3025332,669.362
3025333,447.0
3025334,26.0
3025335,34.0
3025336,909.194
3025337,329.522
3025338,7272.48
3025339,345.0
3025340,80.24
3025341,11.0
3025342,0.0
3025343,15.0
3025344,7051.9746
3025345,0.0
3025346,970.325
3025347,21.0
3025348,1987.8499
3025349,1774.3636
3025350,655.843
3025351,311.0
3025352,202.047
3025353,8961.979
3025354,79.0
3025355,1.0
3025356,63.0
3025357,83.0
3025358,0.0
3025359,570.0
3025360,17.0
3025361,35.0
3025362,17.0
3025363,155.0
3025364,23.0
3025365,864.86
3025366,632.0
3025367,17.0
3025368,26.0
3025369,1132.536
3025370,188.238
3025371,4838.348
3025372,418.0
3025373,81.885
3025374,19.0
3025375,0.0
3025376,23.0
3025377,4517.4487
3025378,0.0
3025379,745.0
3025380,10.0
3025381,1721.5436
3025382,1203.0
3025383,645.291
3025384,100.0
3025385,217.0
3025386,7274.1147
3025387,47.0
3025388,3.0
3025389,64.0
3025390,22.0
3025391,0.0
3025392,519.0
3025393,27.0
3025394,25.0
3025395,8.0
3025396,84.0
3025397,18.0
3025398,972.00397
3025399,692.0
3025400,23.0
3025401,45.0
3025402,631.656
3025403,95.588
3025404,2095.7246
3025405,353.0
3025406,48.217
3025407,5.0
3025408,0.0
3025409,28.0
3025410,6857.344
3025411,0.0
3025412,1012.113
3025413,25.0
3025414,1860.0461
3025415,1749.0463
3025416,556.34
3025417,316.0
3025418,195.419
3025419,8373.892
3025420,32.0
3025421,0.0
3025422,130.0
3025423,58.0
3025424,0.0
3025425,538.0
3025426,8.0
3025427,34.0
3025428,75.0
3025429,162.0
3025430,18.0
3025431,767.419
3025432,681.0
3025433,18.0
3025434,24.0
3025435,960.4
3025436,277.028
3025437,4703.171
3025438,351.0
3025439,65.72
3025440,6.0
3025441,0.0
3025442,18.0
3025443,3565.7397
3025444,0.0
3025445,679.0
3025446,10.0
3025447,1688.3966
3025448,971.0
3025449,470.311
3025450,81.0
3025451,122.0
3025452,6115.9697
3025453,23.0
3025454,0.0
3025455,42.0
3025456,16.0
3025457,0.0
3025458,427.0
3025459,34.0
3025460,7.0
3025461,0.0
3025462,73.0
3025463,9.0
3025464,669.91
3025465,560.0
3025466,16.0
3025467,15.0
3025468,670.679
3025469,80.586
3025470,1438.812
3025471,197.0
3025472,19.752
3025473,11.0
3025474,0.0
3025475,26.0
3025476,5544.2124
3025477,0.0
3025478,1019.124
3025479,23.0
3025480,1602.2054
3025481,1775.8297
3025482,376.486
3025483,418.0
3025484,274.0
3025485,6460.59
3025486,95.0
3025487,1.0
3025488,38.0
3025489,50.0
3025490,0.0
3025491,473.0
3025492,10.0
3025493,16.0
3025494,7.0
3025495,153.0
3025496,20.0
3025497,767.027
3025498,493.0
3025499,11.0
3025500,30.0
3025501,926.492
3025502,207.888
3025503,6135.803
3025504,192.0
3025505,56.842003
3025506,9.0
3025507,0.0
3025508,7.0
3025509,1565.4491
3025510,0.0
3025511,334.434
3025512,28.0
3025513,721.0
3025514,547.0
3025515,194.971
3025516,68.0
3025517,49.465
3025518,2576.714
3025519,21.0
3025520,0.0
3025521,26.0
3025522,15.0
3025523,0.0
3025524,173.0
3025525,14.0
3025526,2.0
3025527,13.0
3025528,33.0
3025529,15.0
3025530,226.199
3025531,183.0
3025532,4.0
3025533,9.0
3025534,241.011
3025535,52.121
3025536,1357.823
3025537,0.0
3025538,9.669
3025539,11.0
3025540,0.0
3025541,16.0
3025542,3686.5254
3025543,0.0
3025544,466.13
3025545,45.0
3025546,1363.919
3025547,1018.0
3025548,429.619
3025549,87.0
3025550,95.520004
3025551,5601.2427
3025552,68.0
3025553,4.0
3025554,34.0
3025555,19.0
3025556,0.0
3025557,303.0
3025558,2.0
3025559,5.0
3025560,3.0
3025561,85.0
3025562,13.0
3025563,425.802
3025564,396.0
3025565,9.0
3025566,22.0
3025567,356.51
3025568,73.852
3025569,1877.0159
3025570,219.0
3025571,15.314
3025572,11.0
3025573,0.0
3025574,2.0
3025575,3797.132
3025576,0.0
3025577,704.801
3025578,16.0
3025579,1241.2484
3025580,1346.5308
3025581,217.886
3025582,353.0
3025583,208.04
3025584,4369.5107
3025585,96.0
3025586,3.0
3025587,32.0
3025588,24.0
3025589,0.0
3025590,277.0
3025591,6.0
3025592,52.0
3025593,6.0
3025594,78.0
3025595,13.0
3025596,567.849
3025597,234.0
3025598,15.0
3025599,25.0
3025600,686.941
3025601,91.976
3025602,4496.1934
3025603,0.0
3025604,52.876
3025605,2.0
3025606,0.0
3025607,4.0
3025608,3744.0
3025609,0.0
3025610,756.481
3025611,15.0
3025612,1412.0
3025613,1053.0
3025614,298.611
3025615,177.0
3025616,220.0
3025617,5141.0
3025618,30.0
3025619,1.0
3025620,61.0
3025621,54.0
3025622,0.0
3025623,302.0
3025624,7.0
3025625,54.0
3025626,6.0
3025627,171.0
3025628,19.0
3025629,435.828
3025630,278.0
3025631,9.0
3025632,20.0
3025633,397.34
3025634,104.418
3025635,3803.368
3025636,17.0
3025637,7.0
3025638,9.0
3025639,0.0
3025640,7.0
3025641,1646.0
3025642,0.0
3025643,380.199
3025644,4.0
3025645,706.0
3025646,431.0
3025647,186.868
3025648,74.0
3025649,74.0
3025650,2563.3389
3025651,16.0
3025652,1.0
3025653,16.0
3025654,18.0
3025655,0.0
3025656,156.0
3025657,15.0
3025658,13.0
3025659,7.0
3025660,29.0
3025661,5.0
3025662,185.798
3025663,153.0
3025664,5.0
3025665,5.0
3025666,148.015
3025667,37.82
3025668,1432.489
3025669,0.0
3025670,5.0
3025671,8.0
3025672,0.0
3025673,0.0
3025674,4332.0
3025675,0.0
3025676,304.0
3025677,4.0
3025678,1415.0
3025679,261.0
3025680,222.026
3025681,79.0
3025682,32.0
3025683,3382.588
3025684,13.0
3025685,0.0
3025686,24.0
3025687,19.0
3025688,0.0
3025689,202.0
3025690,0.0
3025691,0.0
3025692,4.0
3025693,210.0
3025694,2.0
3025695,57.842
3025696,169.0
3025697,0.0
3025698,2.0
3025699,59.619
3025700,94.0
3025701,915.371
3025702,0.0
3025703,3.0
3025704,7.0
3025705,0.0
3025706,6.0
3025707,2684.1233
3025708,0.0
3025709,499.485
3025710,8.0
3025711,1004.0
3025712,845.0
3025713,328.256
3025714,147.0
3025715,111.0
3025716,4163.208
3025717,41.0
3025718,1.0
3025719,24.0
3025720,37.0
3025721,0.0
3025722,258.0
3025723,17.0
3025724,18.0
3025725,6.0
3025726,56.0
3025727,6.0
3025728,417.345
3025729,316.0
3025730,11.0
3025731,15.0
3025732,434.57
3025733,102.341995
3025734,2034.2109
3025735,0.0
3025736,47.575
3025737,5.0
3025738,0.0
3025739,11.0
3025740,3500.9832
3025741,0.0
3025742,659.156
3025743,11.0
3025744,1139.0
3025745,1279.0
3025746,172.975
3025747,299.0
3025748,235.351
3025749,3396.5044
3025750,33.0
3025751,1.0
3025752,42.0
3025753,44.0
3025754,1.0
3025755,228.0
3025756,21.0
3025757,43.0
3025758,10.0
3025759,125.0
3025760,24.0
3025761,500.31198
3025762,238.0
3025763,5.0
3025764,19.0
3025765,622.673
3025766,136.361
3025767,4379.128
3025768,2.0
3025769,46.507
3025770,4.0
3025771,1.0
3025772,8.0
3025773,3599.5657
3025774,0.0
3025775,740.434
3025776,13.0
3025777,1198.0
3025778,1330.0
3025779,276.639
3025780,298.0
3025781,158.993
3025782,4026.7231
3025783,27.0
3025784,0.0
3025785,40.0
3025786,35.0
3025787,0.0
3025788,321.0
3025789,31.0
3025790,38.0
3025791,20.0
3025792,142.0
3025793,20.0
3025794,359.392
3025795,313.0
3025796,11.0
3025797,22.0
3025798,548.982
3025799,143.714
3025800,3792.7307
3025801,0.0
3025802,23.33
3025803,15.0
3025804,0.0
3025805,10.0
3025806,3226.4502
3025807,0.0
3025808,528.0
3025809,16.0
3025810,1300.5371
3025811,835.0
3025812,551.713
3025813,244.0
3025814,133.738
3025815,5854.427
3025816,9.0
3025817,1.0
3025818,64.0
3025819,61.0
3025820,0.0
3025821,373.0
3025822,10.0
3025823,11.0
3025824,6.0
3025825,25.0
3025826,11.0
3025827,449.228
3025828,522.0
3025829,6.0
3025830,6.0
3025831,438.133
3025832,154.553
3025833,2419.729
3025834,121.0
3025835,16.0
3025836,7.0
3025837,0.0
3025838,4.0
3025839,2210.4204
3025840,0.0
3025841,399.547
3025842,12.0
3025843,651.0
3025844,789.0
3025845,123.496
3025846,134.0
3025847,154.309
3025848,2498.9895
3025849,20.0
3025850,3.0
3025851,29.0
3025852,16.0
3025853,0.0
3025854,161.0
3025855,31.0
3025856,20.0
3025857,0.0
3025858,99.0
3025859,2.0
3025860,373.666
3025861,288.0
3025862,7.0
3025863,12.0
3025864,289.324
3025865,51.189
3025866,3649.7607
3025867,0.0
3025868,21.437
3025869,3.0
3025870,0.0
3025871,0.0
3025872,1188.0
3025873,0.0
3025874,65.0
3025875,2.0
3025876,695.0
3025877,462.0
3025878,274.0
3025879,72.0
3025880,29.0
3025881,2987.2373
3025882,2.0
3025883,0.0
3025884,7.0
3025885,7.0
3025886,0.0
3025887,128.0
3025888,4.0
3025889,0.0
3025890,2.0
3025891,21.0
3025892,0.0
3025893,186.801
3025894,141.0
3025895,0.0
3025896,2.0
3025897,119.395996
3025898,19.0
3025899,168.519
3025900,0.0
3025901,1.0
3025902,2.0
3025903,0.0
3025904,1.0
3025905,4007.8696
3025906,0.0
3025907,472.0
3025908,15.0
3025909,1632.6329
3025910,626.0
3025911,473.384
3025912,177.0
3025913,78.0
3025914,6421.005
3025915,14.0
3025916,1.0
3025917,43.0
3025918,16.0
3025919,0.0
3025920,535.0
3025921,5.0
3025922,0.0
3025923,14.0
3025924,23.0
3025925,1.0
3025926,691.098
3025927,410.0
3025928,1.0
3025929,11.0
3025930,434.008
3025931,110.466
3025932,1082.373
3025933,40.0
3025934,13.0
3025935,3.0
3025936,0.0
3025937,1.0
3025938,1367.0
3025939,0.0
3025940,181.0
3025941,2.0
3025942,812.0
3025943,366.0
3025944,186.0
3025945,38.0
3025946,38.0
3025947,2631.484
3025948,3.0
3025949,0.0
3025950,11.0
3025951,19.0
3025952,0.0
3025953,165.0
3025954,11.0
3025955,0.0
3025956,2.0
3025957,27.0
3025958,2.0
3025959,112.992004
3025960,181.0
3025961,0.0
3025962,4.0
3025963,136.282
3025964,32.0
3025965,295.779
3025966,20.0
3025967,2.0
3025968,6.0
3025969,0.0
3025970,4.0
3025971,1343.0
3025972,0.0
3025973,75.0
3025974,2.0
3025975,676.0
3025976,251.0
3025977,142.0
3025978,42.0
3025979,35.0
3025980,2477.7803
3025981,25.0
3025982,1.0
3025983,6.0
3025984,6.0
3025985,0.0
3025986,125.0
3025987,0.0
3025988,0.0
3025989,1.0
3025990,43.0
3025991,4.0
3025992,48.937
3025993,222.0
3025994,0.0
3025995,2.0
3025996,52.939
3025997,17.0
3025998,132.879
3025999,0.0
3026000,2.0
3026001,3.0
3026002,0.0
3026003,2.0
3026004,1377.0
3026005,0.0
3026006,146.0
3026007,4.0
3026008,823.0
3026009,445.0
3026010,280.0
3026011,14.0
3026012,25.0
3026013,2745.2551
3026014,1.0
3026015,0.0
3026016,9.0
3026017,10.0
3026018,0.0
3026019,200.0
3026020,3.0
3026021,0.0
3026022,2.0
3026023,14.0
3026024,2.0
3026025,132.048
3026026,264.0
3026027,1.0
3026028,3.0
3026029,43.655
3026030,73.0
3026031,285.639
3026032,4.0
3026033,6.0
3026034,3.0
3026035,1.0
3026036,2.0
3026037,1469.0
3026038,0.0
3026039,145.0
3026040,7.0
3026041,750.0
3026042,359.0
3026043,175.0
3026044,103.0
3026045,54.0
3026046,2617.375
3026047,10.0
3026048,1.0
3026049,13.0
3026050,25.0
3026051,0.0
3026052,209.0
3026053,5.0
3026054,0.0
3026055,1.0
3026056,22.0
3026057,1.0
3026058,108.08
3026059,198.0
3026060,0.0
3026061,4.0
3026062,78.226
3026063,44.0
3026064,506.084
3026065,8.0
3026066,9.0
3026067,2.0
3026068,0.0
3026069,0.0
3026070,1038.0
3026071,0.0
3026072,116.0
3026073,6.0
3026074,543.0
3026075,238.0
3026076,100.0
3026077,89.0
3026078,25.0
3026079,2528.5354
3026080,4.0
3026081,0.0
3026082,11.0
3026083,9.0
3026084,0.0
3026085,120.0
3026086,0.0
3026087,0.0
3026088,2.0
3026089,22.0
3026090,0.0
3026091,41.286
3026092,106.0
3026093,1.0
3026094,5.0
3026095,60.762
3026096,35.0
3026097,344.264
3026098,0.0
3026099,1.0
3026100,6.0
3026101,0.0
3026102,1.0
3026103,2439.5444
3026104,0.0
3026105,268.0
3026106,2.0
3026107,906.0
3026108,1177.0
3026109,421.0
3026110,133.0
3026111,72.0
3026112,3943.53
3026113,12.0
3026114,0.0
3026115,22.0
3026116,21.0
3026117,0.0
3026118,203.0
3026119,0.0
3026120,0.0
3026121,3.0
3026122,22.0
3026123,6.0
3026124,220.233
3026125,188.0
3026126,5.0
3026127,13.0
3026128,260.253
3026129,61.0
3026130,1045.323
3026131,0.0
3026132,7.0
3026133,2.0
3026134,0.0
3026135,2.0
3026136,1862.1003
3026137,0.0
3026138,468.0
3026139,6.0
3026140,451.0
3026141,568.0
3026142,183.979
3026143,138.0
3026144,37.0
3026145,2551.6675
3026146,11.0
3026147,1.0
3026148,15.0
3026149,13.0
3026150,0.0
3026151,136.0
3026152,9.0
3026153,2.0
3026154,5.0
3026155,63.0
3026156,3.0
3026157,79.506
3026158,129.0
3026159,3.0
3026160,3.0
3026161,134.292
3026162,51.901
3026163,1065.354
3026164,35.0
3026165,9.886
3026166,9.0
3026167,1.0
3026168,3.0
3026169,2262.8755
3026170,0.0
3026171,131.0
3026172,6.0
3026173,645.0
3026174,313.0
3026175,216.0
3026176,40.0
3026177,29.0
3026178,3064.5889
3026179,17.0
3026180,1.0
3026181,10.0
3026182,14.0
3026183,0.0
3026184,141.0
3026185,9.0
3026186,0.0
3026187,1.0
3026188,19.0
3026189,5.0
3026190,119.267
3026191,146.0
3026192,0.0
3026193,6.0
3026194,78.859
3026195,21.0
3026196,359.513
3026197,2.0
3026198,5.0
3026199,10.0
3026200,0.0
3026201,10.0
3026202,2487.4304
3026203,0.0
3026204,598.0
3026205,10.0
3026206,691.0
3026207,726.0
3026208,198.167
3026209,147.0
3026210,99.0
3026211,3280.1587
3026212,20.0
3026213,0.0
3026214,18.0
3026215,136.0
3026216,0.0
3026217,196.0
3026218,13.0
3026219,14.0
3026220,7.0
3026221,90.0
3026222,14.0
3026223,401.509
3026224,220.0
3026225,13.0
3026226,8.0
3026227,398.318
3026228,109.417
3026229,3085.7678
3026230,0.0
3026231,42.032
3026232,9.0
3026233,0.0
3026234,6.0
3026235,3430.3647
3026236,0.0
3026237,389.0
3026238,7.0
3026239,854.0
3026240,653.0
3026241,469.005
3026242,62.0
3026243,55.081
3026244,4564.2817
3026245,9.0
3026246,1.0
3026247,2.0
3026248,7.0
3026249,0.0
3026250,265.0
3026251,1.0
3026252,1.0
3026253,5.0
3026254,39.0
3026255,0.0
3026256,244.255
3026257,320.0
3026258,9.0
3026259,11.0
3026260,178.597
3026261,54.138
3026262,829.829
3026263,79.0
3026264,16.389
3026265,8.0
3026266,0.0
3026267,4.0
3026268,2447.0
3026269,0.0
3026270,350.0
3026271,4.0
3026272,873.0
3026273,690.0
3026274,216.625
3026275,284.0
3026276,90.0
3026277,3686.513
3026278,17.0
3026279,0.0
3026280,35.0
3026281,28.0
3026282,0.0
3026283,243.0
3026284,2.0
3026285,3.0
3026286,4.0
3026287,99.0
3026288,0.0
3026289,127.016
3026290,196.0
3026291,3.0
3026292,4.0
3026293,149.26201
3026294,139.95801
3026295,1093.844
3026296,0.0
3026297,6.0
3026298,3.0
3026299,0.0
3026300,3.0
3026301,1719.0
3026302,0.0
3026303,130.0
3026304,8.0
3026305,898.0
3026306,314.0
3026307,144.0
3026308,28.0
3026309,41.0
3026310,2733.0
3026311,11.0
3026312,1.0
3026313,24.0
3026314,33.0
3026315,0.0
3026316,163.0
3026317,0.0
3026318,0.0
3026319,1.0
3026320,42.0
3026321,1.0
3026322,113.887
3026323,172.0
3026324,1.0
3026325,10.0
3026326,193.754
3026327,34.0
3026328,401.399
3026329,0.0
3026330,1.0
3026331,1.0
3026332,0.0
3026333,4.0
3026334,1285.0
3026335,2.0
3026336,311.605
3026337,8.0
3026338,544.0
3026339,494.0
3026340,133.937
3026341,42.0
3026342,57.0
3026343,2083.6504
3026344,33.0
3026345,0.0
3026346,20.0
3026347,14.0
3026348,0.0
3026349,107.0
3026350,13.0
3026351,0.0
3026352,1.0
3026353,30.0
3026354,4.0
3026355,1152.162
3026356,150.0
3026357,7.0
3026358,6.0
3026359,365.858
3026360,33.915
3026361,1377.942
3026362,0.0
3026363,6.679
3026364,3.0
3026365,0.0
3026366,5.0
3026367,3178.8684
3026368,0.0
3026369,710.141
3026370,11.0
3026371,1174.0
3026372,1187.0
3026373,248.752
3026374,229.0
3026375,185.23
3026376,3865.3154
3026377,9.0
3026378,0.0
3026379,21.0
3026380,26.0
3026381,0.0
3026382,245.0
3026383,9.0
3026384,52.0
3026385,7.0
3026386,75.0
3026387,13.0
3026388,432.086
3026389,272.0
3026390,7.0
3026391,5.0
3026392,533.535
3026393,133.945
3026394,5809.362
3026395,0.0
3026396,20.207
3026397,1.0
3026398,0.0
3026399,4.0
3026400,1762.288
3026401,0.0
3026402,449.919
3026403,7.0
3026404,450.0
3026405,623.0
3026406,149.992
3026407,124.0
3026408,96.649
3026409,1841.8483
3026410,21.0
3026411,0.0
3026412,23.0
3026413,17.0
3026414,0.0
3026415,98.0
3026416,0.0
3026417,44.0
3026418,3.0
3026419,127.0
3026420,3.0
3026421,232.689
3026422,110.0
3026423,10.0
3026424,1.0
3026425,219.155
3026426,51.363
3026427,3086.091
3026428,0.0
3026429,1.0
3026430,3.0
3026431,0.0
3026432,0.0
3026433,549.0
3026434,0.0
3026435,211.0
3026436,1.0
3026437,157.0
3026438,174.0
3026439,48.8
3026440,20.0
3026441,26.0
3026442,1277.3171
3026443,0.0
3026444,1.0
3026445,5.0
3026446,11.0
3026447,0.0
3026448,33.0
3026449,0.0
3026450,2.0
3026451,0.0
3026452,19.0
3026453,0.0
3026454,184.173
3026455,61.0
3026456,2.0
3026457,0.0
3026458,104.133995
3026459,23.0
3026460,919.624
3026461,0.0
3026462,2.0
3026463,5.0
3026464,4.0
3026465,4.0
3026466,2688.1177
3026467,0.0
3026468,520.175
3026469,3.0
3026470,707.0
3026471,766.0
3026472,248.512
3026473,228.0
3026474,104.814
3026475,3430.9358
3026476,27.0
3026477,1.0
3026478,12.0
3026479,15.0
3026480,0.0
3026481,167.0
3026482,7.0
3026483,22.0
3026484,13.0
3026485,150.0
3026486,2.0
3026487,240.62999
3026488,181.0
3026489,7.0
3026490,13.0
3026491,338.372
3026492,64.543
3026493,3914.5972
3026494,0.0
3026495,19.904
3026496,4.0
3026497,0.0
3026498,1.0
3026499,2936.4805
3026500,0.0
3026501,427.0
3026502,19.0
3026503,600.0
3026504,580.0
3026505,254.604
3026506,141.0
3026507,43.159
3026508,4534.7856
3026509,8.0
3026510,1.0
3026511,18.0
3026512,12.0
3026513,0.0
3026514,146.0
3026515,0.0
3026516,8.0
3026517,5.0
3026518,37.0
3026519,0.0
3026520,163.799
3026521,436.0
3026522,7.0
3026523,3.0
3026524,171.418
3026525,57.978
3026526,944.797
3026527,4.0
3026528,3.0
3026529,2.0
3026530,1.0
3026531,4.0
3026532,2680.0
3026533,0.0
3026534,455.0
3026535,14.0
3026536,660.0
3026537,627.0
3026538,215.949
3026539,113.0
3026540,56.0
3026541,3451.64
3026542,14.0
3026543,1.0
3026544,6.0
3026545,8.0
3026546,0.0
3026547,158.0
3026548,0.0
3026549,14.0
3026550,14.0
3026551,67.0
3026552,0.0
3026553,109.348
3026554,139.0
3026555,1.0
3026556,1.0
3026557,136.87
3026558,62.816
3026559,791.476
3026560,1.0
3026561,4.0
3026562,6.0
3026563,0.0
3026564,13.0
3026565,7250.848
3026566,0.0
3026567,1169.541
3026568,24.0
3026569,1659.4324
3026570,1855.0035
3026571,299.094
3026572,423.0
3026573,244.759
3026574,7413.8105
3026575,97.0
3026576,3.0
3026577,84.0
3026578,39.0
3026579,0.0
3026580,394.0
3026581,34.0
3026582,72.0
3026583,12.0
3026584,156.0
3026585,24.0
3026586,610.756
3026587,478.0
3026588,14.0
3026589,21.0
3026590,943.184
3026591,255.534
3026592,10203.991
3026593,3.0
3026594,83.973
3026595,7.0
3026596,0.0
3026597,0.0
3026598,1699.0
3026599,0.0
3026600,163.0
3026601,12.0
3026602,397.0
3026603,304.0
3026604,106.0
3026605,101.0
3026606,40.55
3026607,2142.352
3026608,0.0
3026609,0.0
3026610,13.0
3026611,10.0
3026612,0.0
3026613,119.0
3026614,0.0
3026615,0.0
3026616,1.0
3026617,33.0
3026618,1.0
3026619,48.245
3026620,62.0
3026621,1.0
3026622,5.0
3026623,96.109
3026624,20.0
3026625,438.134
3026626,0.0
3026627,6.0
3026628,15.0
3026629,0.0
3026630,0.0
3026631,3083.9495
3026632,0.0
3026633,415.0
3026634,10.0
3026635,764.0
3026636,651.0
3026637,185.141
3026638,237.0
3026639,103.3
3026640,4295.5356
3026641,24.0
3026642,0.0
3026643,12.0
3026644,14.0
3026645,0.0
3026646,191.0
3026647,3.0
3026648,9.0
3026649,4.0
3026650,11.0
3026651,3.0
3026652,280.835
3026653,186.0
3026654,3.0
3026655,4.0
3026656,92.235
3026657,44.0
3026658,934.27
3026659,1.0
3026660,4.0
3026661,1.0
3026662,0.0
3026663,0.0
3026664,745.0
3026665,0.0
3026666,158.0
3026667,4.0
3026668,352.0
3026669,136.0
3026670,69.0
3026671,143.0
3026672,19.0
3026673,1878.2418
3026674,2.0
3026675,0.0
3026676,8.0
3026677,2.0
3026678,1.0
3026679,54.0
3026680,0.0
3026681,0.0
3026682,0.0
3026683,14.0
3026684,0.0
3026685,39.672
3026686,60.0
3026687,1.0
3026688,1.0
3026689,46.765
3026690,6.0
3026691,115.995
3026692,0.0
3026693,2.0
3026694,7.0
3026695,0.0
3026696,5.0
3026697,2448.0
3026698,0.0
3026699,166.0
3026700,13.0
3026701,725.0
3026702,564.0
3026703,168.0
3026704,95.0
3026705,57.909
3026706,2704.879
3026707,3.0
3026708,0.0
3026709,19.0
3026710,17.0
3026711,0.0
3026712,184.0
3026713,0.0
3026714,0.0
3026715,15.0
3026716,94.0
3026717,1.0
3026718,268.209
3026719,132.0
3026720,2.0
3026721,5.0
3026722,205.608
3026723,25.0
3026724,921.191
3026725,0.0
3026726,0.0
3026727,3.0
3026728,0.0
3026729,3.0
3026730,2082.2207
3026731,0.0
3026732,620.0
3026733,9.0
3026734,907.0
3026735,701.0
3026736,199.123
3026737,112.0
3026738,72.0
3026739,3542.6672
3026740,5.0
3026741,3.0
3026742,24.0
3026743,28.0
3026744,0.0
3026745,157.0
3026746,4.0
3026747,2.0
3026748,6.0
3026749,31.0
3026750,1.0
3026751,173.526
3026752,196.0
3026753,0.0
3026754,4.0
3026755,155.513
3026756,15.0
3026757,624.635
3026758,3.0
3026759,6.0
3026760,1.0
3026761,0.0
3026762,1.0
3026763,1103.0
3026764,0.0
3026765,100.0
3026766,1.0
3026767,385.0
3026768,193.0
3026769,60.0
3026770,114.0
3026771,39.0
3026772,1947.4327
3026773,1.0
3026774,3.0
3026775,3.0
3026776,2.0
3026777,0.0
3026778,39.0
3026779,0.0
3026780,0.0
3026781,0.0
3026782,42.0
3026783,0.0
3026784,110.039
3026785,72.0
3026786,0.0
3026787,2.0
3026788,16.234001
3026789,17.0
3026790,261.509
3026791,0.0
3026792,0.0
3026793,9.0
3026794,0.0
3026795,2.0
3026796,4031.323
3026797,0.0
3026798,411.0
3026799,10.0
3026800,782.0
3026801,558.0
3026802,179.069
3026803,89.0
3026804,67.0
3026805,4044.8633
3026806,4.0
3026807,0.0
3026808,12.0
3026809,8.0
3026810,0.0
3026811,177.0
3026812,0.0
3026813,18.0
3026814,5.0
3026815,59.0
3026816,0.0
3026817,209.556
3026818,184.0
3026819,6.0
3026820,6.0
3026821,93.236
3026822,43.912
3026823,1076.124
3026824,2.0
3026825,1.0
3026826,6.0
3026827,0.0
3026828,14.0
3026829,2500.4885
3026830,0.0
3026831,532.06
3026832,3.0
3026833,878.0
3026834,841.0
3026835,133.677
3026836,120.0
3026837,128.0
3026838,3531.788
3026839,38.0
3026840,3.0
3026841,26.0
3026842,23.0
3026843,0.0
3026844,237.0
3026845,19.0
3026846,28.0
3026847,2.0
3026848,92.0
3026849,8.0
3026850,230.505
3026851,271.0
3026852,10.0
3026853,23.0
3026854,268.447
3026855,78.039
3026856,3437.2302
3026857,0.0
3026858,17.58
3026859,8.0
3026860,0.0
3026861,6.0
3026862,1966.3047
3026863,0.0
3026864,476.575
3026865,12.0
3026866,834.0
3026867,825.0
3026868,125.288
3026869,75.0
3026870,163.66
3026871,3412.489
3026872,44.0
3026873,3.0
3026874,67.0
3026875,35.0
3026876,0.0
3026877,284.0
3026878,20.0
3026879,15.0
3026880,12.0
3026881,77.0
3026882,13.0
3026883,144.493
3026884,309.0
3026885,10.0
3026886,11.0
3026887,135.43
3026888,65.03
3026889,3111.337
3026890,0.0
3026891,17.347
3026892,13.0
3026893,1.0
3026894,2.0
3026895,2930.124
3026896,0.0
3026897,671.0
3026898,5.0
3026899,1024.0
3026900,611.0
3026901,174.727
3026902,201.0
3026903,85.0
3026904,4698.7134
3026905,21.0
3026906,1.0
3026907,37.0
3026908,26.0
3026909,0.0
3026910,293.0
3026911,0.0
3026912,25.0
3026913,13.0
3026914,37.0
3026915,7.0
3026916,147.709
3026917,271.0
3026918,7.0
3026919,9.0
3026920,187.646
3026921,47.427002
3026922,1492.18
3026923,6.0
3026924,16.365
3026925,4.0
3026926,0.0
3026927,6.0
3026928,1983.0112
3026929,0.0
3026930,296.955
3026931,5.0
3026932,621.0
3026933,602.0
3026934,162.535
3026935,99.0
3026936,79.0
3026937,2716.4744
3026938,13.0
3026939,1.0
3026940,19.0
3026941,12.0
3026942,0.0
3026943,167.0
3026944,19.0
3026945,36.0
3026946,3.0
3026947,57.0
3026948,15.0
3026949,276.36
3026950,206.0
3026951,5.0
3026952,10.0
3026953,312.375
3026954,47.978
3026955,3069.7273
3026956,0.0
3026957,17.544
3026958,2.0
3026959,0.0
3026960,1.0
3026961,4440.449
3026962,0.0
3026963,440.0
3026964,28.0
3026965,1174.0
3026966,966.0
3026967,280.0
3026968,167.0
3026969,70.462
3026970,4800.6235
3026971,7.0
3026972,1.0
3026973,28.0
3026974,24.0
3026975,0.0
3026976,275.0
3026977,0.0
3026978,0.0
3026979,12.0
3026980,21.0
3026981,0.0
3026982,129.781
3026983,245.0
3026984,4.0
3026985,8.0
3026986,129.854
3026987,50.0
3026988,1012.359
3026989,0.0
3026990,12.0
3026991,5.0
3026992,0.0
3026993,12.0
3026994,1963.0107
3026995,0.0
3026996,485.38
3026997,6.0
3026998,794.0
3026999,696.0
3027000,164.419
3027001,103.0
3027002,119.905
3027003,3510.1816
3027004,34.0
3027005,3.0
3027006,19.0
3027007,24.0
3027008,0.0
3027009,222.0
3027010,10.0
3027011,20.0
3027012,9.0
3027013,32.0
3027014,9.0
3027015,172.695
3027016,243.0
3027017,19.0
3027018,8.0
3027019,165.673
3027020,100.919
3027021,2606.681
3027022,2.0
3027023,11.0
3027024,3.0
3027025,0.0
3027026,3.0
3027027,1943.0
3027028,0.0
3027029,422.16
3027030,4.0
3027031,585.0
3027032,688.0
3027033,118.814
3027034,97.0
3027035,109.0
3027036,2732.0
3027037,26.0
3027038,2.0
3027039,20.0
3027040,6.0
3027041,0.0
3027042,194.0
3027043,7.0
3027044,37.0
3027045,5.0
3027046,49.0
3027047,9.0
3027048,219.305
3027049,242.0
3027050,9.0
3027051,13.0
3027052,190.282
3027053,55.258
3027054,3107.149
3027055,1.0
3027056,10.891
3027057,4.0
3027058,0.0
3027059,4.0
3027060,4404.6104
3027061,0.0
3027062,500.0
3027063,11.0
3027064,1091.0
3027065,640.0
3027066,249.057
3027067,167.0
3027068,30.0
3027069,4298.158
3027070,13.0
3027071,1.0
3027072,11.0
3027073,27.0
3027074,0.0
3027075,241.0
3027076,0.0
3027077,9.0
3027078,2.0
3027079,42.0
3027080,23.0
3027081,183.815
3027082,259.0
3027083,4.0
3027084,3.0
3027085,230.282
3027086,102.0
3027087,1217.357
3027088,1.0
3027089,0.0
3027090,14.0
3027091,0.0
3027092,14.0
3027093,8061.5938
3027094,0.0
3027095,1325.756
3027096,40.0
3027097,1907.0007
3027098,2065.5535
3027099,443.26498
3027100,511.0
3027101,345.822
3027102,8769.862
3027103,101.0
3027104,8.0
3027105,127.0
3027106,233.0
3027107,0.0
3027108,506.0
3027109,13.0
3027110,19.0
3027111,64.0
3027112,260.0
3027113,27.0
3027114,751.269
3027115,432.0
3027116,42.0
3027117,35.0
3027118,1117.861
3027119,289.667
3027120,11969.052
3027121,288.0
3027122,73.954
3027123,16.0
3027124,0.0
3027125,9.0
3027126,7609.053
3027127,0.0
3027128,1154.667
3027129,28.0
3027130,2012.0094
3027131,1805.6459
3027132,529.525
3027133,323.0
3027134,295.424
3027135,9913.538
3027136,96.0
3027137,1.0
3027138,63.0
3027139,79.0
3027140,0.0
3027141,523.0
3027142,4.0
3027143,35.0
3027144,1.0
3027145,229.0
3027146,17.0
3027147,874.046
3027148,729.0
3027149,18.0
3027150,28.0
3027151,979.273
3027152,227.474
3027153,7858.8154
3027154,522.0
3027155,79.776
3027156,5.0
3027157,0.0
3027158,16.0
3027159,4599.3184
3027160,0.0
3027161,732.0
3027162,9.0
3027163,1688.162
3027164,1158.0
3027165,605.886
3027166,106.0
3027167,227.0
3027168,7573.598
3027169,19.0
3027170,1.0
3027171,29.0
3027172,25.0
3027173,1.0
3027174,452.0
3027175,12.0
3027176,22.0
3027177,3.0
3027178,100.0
3027179,7.0
3027180,959.615
3027181,587.0
3027182,16.0
3027183,40.0
3027184,617.435
3027185,144.72101
3027186,3294.534
3027187,271.0
3027188,36.43
3027189,3.0
3027190,0.0
3027191,23.0
3027192,6984.4805
3027193,0.0
3027194,1054.31
3027195,16.0
3027196,1877.3241
3027197,1744.9401
3027198,465.065
3027199,290.0
3027200,219.274
3027201,8851.56
3027202,38.0
3027203,1.0
3027204,62.0
3027205,58.0
3027206,1.0
3027207,485.0
3027208,25.0
3027209,28.0
3027210,3.0
3027211,174.0
3027212,12.0
3027213,735.374
3027214,586.0
3027215,26.0
3027216,32.0
3027217,817.339
3027218,208.85
3027219,7371.287
3027220,339.0
3027221,66.463
3027222,8.0
3027223,0.0
3027224,20.0
3027225,3602.779
3027226,0.0
3027227,640.0
3027228,11.0
3027229,1543.6388
3027230,780.0
3027231,439.927
3027232,72.0
3027233,178.494
3027234,6277.143
3027235,15.0
3027236,0.0
3027237,17.0
3027238,55.0
3027239,0.0
3027240,384.0
3027241,17.0
3027242,20.0
3027243,0.0
3027244,70.0
3027245,2.0
3027246,602.357
3027247,501.0
3027248,21.0
3027249,21.0
3027250,625.742
3027251,73.112
3027252,1985.897
3027253,516.0
3027254,18.722
3027255,8.0
3027256,0.0
3027257,7.0
3027258,5972.058
3027259,0.0
3027260,1237.521
3027261,15.0
3027262,1606.4088
3027263,1844.1759
3027264,361.739
3027265,419.0
3027266,294.136
3027267,7193.4546
3027268,56.0
3027269,0.0
3027270,56.0
3027271,36.0
3027272,2.0
3027273,360.0
3027274,10.0
3027275,58.0
3027276,10.0
3027277,175.0
3027278,20.0
3027279,616.141
3027280,428.0
3027281,7.0
3027282,21.0
3027283,819.36
3027284,213.571
3027285,9815.411
3027286,263.0
3027287,79.022
3027288,3.0
3027289,0.0
3027290,3.0
3027291,1651.5612
3027292,0.0
3027293,347.098
3027294,26.0
3027295,687.0
3027296,520.0
3027297,191.371
3027298,78.0
3027299,87.0
3027300,2702.4927
3027301,17.0
3027302,4.0
3027303,30.0
3027304,14.0
3027305,0.0
3027306,165.0
3027307,5.0
3027308,6.0
3027309,14.0
3027310,67.0
3027311,5.0
3027312,200.516
3027313,212.0
3027314,6.0
3027315,10.0
3027316,215.72
3027317,53.745
3027318,1901.853
3027319,1.0
3027320,9.355
3027321,8.0
3027322,0.0
3027323,19.0
3027324,3911.507
3027325,0.0
3027326,607.662
3027327,33.0
3027328,1389.6056
3027329,946.0
3027330,460.226
3027331,101.0
3027332,131.468
3027333,5832.5366
3027334,52.0
3027335,3.0
3027336,56.0
3027337,15.0
3027338,0.0
3027339,319.0
3027340,14.0
3027341,15.0
3027342,1.0
3027343,101.0
3027344,11.0
3027345,518.742
3027346,478.0
3027347,6.0
3027348,26.0
3027349,365.353
3027350,99.714005
3027351,2560.4377
3027352,400.0
3027353,12.332
3027354,6.0
3027355,0.0
3027356,9.0
3027357,4281.1294
3027358,0.0
3027359,883.987
3027360,12.0
3027361,1327.4313
3027362,1514.192
3027363,247.257
3027364,341.0
3027365,195.919
3027366,4937.456
3027367,68.0
3027368,3.0
3027369,60.0
3027370,35.0
3027371,0.0
3027372,291.0
3027373,0.0
3027374,47.0
3027375,8.0
3027376,156.0
3027377,11.0
3027378,579.05
3027379,275.0
3027380,20.0
3027381,12.0
3027382,684.901
3027383,147.079
3027384,8172.064
3027385,1.0
3027386,51.152
3027387,11.0
3027388,0.0
3027389,9.0
3027390,4094.0
3027391,0.0
3027392,902.763
3027393,12.0
3027394,1566.0
3027395,1238.0
3027396,299.065
3027397,256.0
3027398,279.8
3027399,5783.0
3027400,31.0
3027401,9.0
3027402,35.0
3027403,48.0
3027404,0.0
3027405,281.0
3027406,5.0
3027407,38.0
3027408,19.0
3027409,212.0
3027410,11.0
3027411,429.973
3027412,332.0
3027413,10.0
3027414,48.0
3027415,433.775
3027416,180.823
3027417,7873.919
3027418,5.0
3027419,8.0
3027420,10.0
3027421,0.0
3027422,4.0
3027423,1995.0
3027424,0.0
3027425,452.344
3027426,6.0
3027427,864.0
3027428,411.0
3027429,233.178
3027430,104.0
3027431,99.0
3027432,2775.0608
3027433,14.0
3027434,4.0
3027435,35.0
3027436,24.0
3027437,0.0
3027438,155.0
3027439,5.0
3027440,5.0
3027441,2.0
3027442,48.0
3027443,5.0
3027444,291.998
3027445,193.0
3027446,5.0
3027447,12.0
3027448,179.684
3027449,121.771
3027450,2684.282
3027451,0.0
3027452,5.0
3027453,6.0
3027454,0.0
3027455,0.0
3027456,1918.0
3027457,0.0
3027458,197.0
3027459,2.0
3027460,733.0
3027461,307.0
3027462,182.0
3027463,47.0
3027464,14.0
3027465,3012.0925
3027466,5.0
3027467,5.0
3027468,7.0
3027469,7.0
3027470,0.0
3027471,172.0
3027472,0.0
3027473,0.0
3027474,2.0
3027475,20.0
3027476,2.0
3027477,46.564
3027478,141.0
3027479,0.0
3027480,3.0
3027481,51.015
3027482,91.0
3027483,595.185
3027484,0.0
3027485,4.0
3027486,6.0
3027487,0.0
3027488,10.0
3027489,2753.927
3027490,0.0
3027491,515.895
3027492,13.0
3027493,1130.0
3027494,837.0
3027495,269.276
3027496,153.0
3027497,135.419
3027498,4320.004
3027499,29.0
3027500,0.0
3027501,10.0
3027502,53.0
3027503,0.0
3027504,217.0
3027505,14.0
3027506,23.0
3027507,14.0
3027508,50.0
3027509,6.0
3027510,395.181
3027511,326.0
3027512,6.0
3027513,10.0
3027514,409.068
3027515,85.632996
3027516,3415.0864
3027517,0.0
3027518,30.630001
3027519,6.0
3027520,0.0
3027521,10.0
3027522,3606.359
3027523,0.0
3027524,578.09
3027525,17.0
3027526,1069.0
3027527,1274.0
3027528,172.702
3027529,269.0
3027530,173.92
3027531,3788.6877
3027532,43.0
3027533,4.0
3027534,28.0
3027535,21.0
3027536,2.0
3027537,239.0
3027538,15.0
3027539,35.0
3027540,10.0
3027541,130.0
3027542,23.0
3027543,386.325
3027544,271.0
3027545,5.0
3027546,14.0
3027547,607.70703
3027548,120.619
3027549,6339.285
3027550,0.0
3027551,48.765
3027552,2.0
3027553,0.0
3027554,15.0
3027555,4180.878
3027556,0.0
3027557,783.058
3027558,20.0
3027559,1140.0
3027560,1286.0
3027561,234.87
3027562,264.0
3027563,149.278
3027564,4334.2417
3027565,30.0
3027566,1.0
3027567,60.0
3027568,80.0
3027569,0.0
3027570,272.0
3027571,23.0
3027572,48.0
3027573,6.0
3027574,126.0
3027575,21.0
3027576,402.044
3027577,260.0
3027578,19.0
3027579,20.0
3027580,481.08398
3027581,144.043
3027582,6217.7637
3027583,1.0
3027584,35.36
3027585,13.0
3027586,2.0
3027587,10.0
3027588,2971.5554
3027589,0.0
3027590,423.0
3027591,20.0
3027592,1335.5182
3027593,687.0
3027594,451.742
3027595,123.0
3027596,114.14
3027597,5822.355
3027598,5.0
3027599,1.0
3027600,40.0
3027601,27.0
3027602,0.0
3027603,359.0
3027604,8.0
3027605,3.0
3027606,9.0
3027607,51.0
3027608,5.0
3027609,328.959
3027610,401.0
3027611,5.0
3027612,4.0
3027613,333.132
3027614,123.465
3027615,1310.448
3027616,83.0
3027617,17.602
3027618,9.0
3027619,0.0
3027620,10.0
3027621,2110.9177
3027622,0.0
3027623,417.021
3027624,17.0
3027625,696.0
3027626,736.0
3027627,139.761
3027628,114.0
3027629,167.70999
3027630,2328.617
3027631,23.0
3027632,1.0
3027633,39.0
3027634,31.0
3027635,0.0
3027636,170.0
3027637,7.0
3027638,22.0
3027639,8.0
3027640,142.0
3027641,7.0
3027642,243.94301
3027643,183.0
3027644,5.0
3027645,11.0
3027646,268.744
3027647,97.532
3027648,2007.3635
3027649,0.0
3027650,39.369
3027651,0.0
3027652,0.0
3027653,0.0
3027654,1676.0
3027655,0.0
3027656,72.0
3027657,6.0
3027658,573.0
3027659,211.0
3027660,140.0
3027661,10.0
3027662,23.0
3027663,2690.0425
3027664,7.0
3027665,0.0
3027666,20.0
3027667,2.0
3027668,0.0
3027669,137.0
3027670,5.0
3027671,0.0
3027672,2.0
3027673,7.0
3027674,0.0
3027675,211.658
3027676,147.0
3027677,1.0
3027678,2.0
3027679,120.494995
3027680,54.0
3027681,191.106
3027682,0.0
3027683,1.0
3027684,10.0
3027685,0.0
3027686,6.0
3027687,4354.0728
3027688,0.0
3027689,868.0
3027690,17.0
3027691,1733.2367
3027692,575.0
3027693,411.592
3027694,340.0
3027695,77.0
3027696,6910.443
3027697,41.0
3027698,1.0
3027699,16.0
3027700,24.0
3027701,0.0
3027702,404.0
3027703,2.0
3027704,0.0
3027705,8.0
3027706,68.0
3027707,2.0
3027708,655.65
3027709,351.0
3027710,1.0
3027711,9.0
3027712,246.44499
3027713,142.355
3027714,1467.928
3027715,36.0
3027716,8.0
3027717,10.0
3027718,0.0
3027719,2.0
3027720,1543.0
3027721,0.0
3027722,175.0
3027723,13.0
3027724,584.0
3027725,341.0
3027726,203.0
3027727,92.0
3027728,24.0
3027729,2779.358
3027730,8.0
3027731,0.0
3027732,13.0
3027733,19.0
3027734,0.0
3027735,127.0
3027736,7.0
3027737,0.0
3027738,8.0
3027739,48.0
3027740,1.0
3027741,184.114
3027742,112.0
3027743,1.0
3027744,9.0
3027745,162.061
3027746,45.0
3027747,326.918
3027748,8.0
3027749,0.0
3027750,2.0
3027751,0.0
3027752,3.0
3027753,1501.0
3027754,0.0
3027755,71.0
3027756,4.0
3027757,544.0
3027758,218.0
3027759,88.0
3027760,22.0
3027761,18.0
3027762,2572.2502
3027763,6.0
3027764,0.0
3027765,9.0
3027766,12.0
3027767,0.0
3027768,110.0
3027769,1.0
3027770,0.0
3027771,0.0
3027772,44.0
3027773,0.0
3027774,176.716
3027775,134.0
3027776,0.0
3027777,8.0
3027778,126.257
3027779,21.0
3027780,167.708
3027781,4.0
3027782,0.0
3027783,1.0
3027784,0.0
3027785,1.0
3027786,1188.0
3027787,0.0
3027788,149.0
3027789,9.0
3027790,666.0
3027791,332.0
3027792,207.0
3027793,81.0
3027794,33.0
3027795,2833.4958
3027796,3.0
3027797,0.0
3027798,16.0
3027799,20.0
3027800,0.0
3027801,156.0
3027802,0.0
3027803,0.0
3027804,4.0
3027805,7.0
3027806,2.0
3027807,398.36
3027808,191.0
3027809,0.0
3027810,7.0
3027811,123.056
3027812,99.0
3027813,327.063
3027814,12.0
3027815,4.0
3027816,5.0
3027817,2.0
3027818,4.0
3027819,1466.0
3027820,0.0
3027821,151.0
3027822,3.0
3027823,850.0
3027824,353.0
3027825,196.0
3027826,115.0
3027827,64.0
3027828,2806.365
3027829,7.0
3027830,2.0
3027831,12.0
3027832,20.0
3027833,0.0
3027834,187.0
3027835,6.0
3027836,0.0
3027837,4.0
3027838,27.0
3027839,2.0
3027840,157.345
3027841,167.0
3027842,3.0
3027843,9.0
3027844,127.53
3027845,43.0
3027846,568.0
3027847,3.0
3027848,6.0
3027849,1.0
3027850,1.0
3027851,0.0
3027852,1399.0
3027853,0.0
3027854,88.0
3027855,10.0
3027856,508.0
3027857,192.0
3027858,136.0
3027859,108.0
3027860,28.0
3027861,2070.6802
3027862,9.0
3027863,0.0
3027864,3.0
3027865,11.0
3027866,0.0
3027867,126.0
3027868,0.0
3027869,0.0
3027870,4.0
3027871,19.0
3027872,1.0
3027873,47.499
3027874,124.0
3027875,1.0
3027876,3.0
3027877,51.864
3027878,31.0
3027879,341.752
3027880,0.0
3027881,0.0
3027882,5.0
3027883,0.0
3027884,7.0
3027885,2577.0537
3027886,0.0
3027887,255.0
3027888,0.0
3027889,730.0
3027890,458.0
3027891,364.0
3027892,165.0
3027893,42.0
3027894,3950.849
3027895,23.0
3027896,1.0
3027897,21.0
3027898,23.0
3027899,0.0
3027900,204.0
3027901,0.0
3027902,0.0
3027903,6.0
3027904,45.0
3027905,4.0
3027906,293.82
3027907,170.0
3027908,4.0
3027909,10.0
3027910,293.557
3027911,61.0
3027912,907.016
3027913,3.0
3027914,9.0
3027915,2.0
3027916,0.0
3027917,7.0
3027918,1906.4023
3027919,0.0
3027920,470.0
3027921,5.0
3027922,385.0
3027923,414.0
3027924,116.461
3027925,131.0
3027926,43.0
3027927,2609.1108
3027928,17.0
3027929,1.0
3027930,4.0
3027931,12.0
3027932,0.0
3027933,122.0
3027934,3.0
3027935,3.0
3027936,3.0
3027937,61.0
3027938,3.0
3027939,127.317
3027940,126.0
3027941,3.0
3027942,10.0
3027943,129.792
3027944,42.742
3027945,965.368
3027946,49.0
3027947,11.0
3027948,5.0
3027949,0.0
3027950,3.0
3027951,2184.9192
3027952,0.0
3027953,130.0
3027954,11.0
3027955,687.0
3027956,280.0
3027957,247.0
3027958,65.0
3027959,49.0
3027960,3140.8352
3027961,8.0
3027962,2.0
3027963,17.0
3027964,5.0
3027965,0.0
3027966,125.0
3027967,6.0
3027968,0.0
3027969,1.0
3027970,34.0
3027971,2.0
3027972,155.72299
3027973,144.0
3027974,0.0
3027975,6.0
3027976,207.206
3027977,25.0
3027978,495.999
3027979,8.0
3027980,7.0
3027981,9.0
3027982,0.0
3027983,9.0
3027984,2422.1448
3027985,0.0
3027986,501.0
3027987,16.0
3027988,575.0
3027989,597.0
3027990,136.807
3027991,139.0
3027992,73.0
3027993,3462.4924
3027994,42.0
3027995,4.0
3027996,20.0
3027997,22.0
3027998,0.0
3027999,193.0
3028000,11.0
3028001,17.0
3028002,2.0
3028003,118.0
3028004,14.0
3028005,894.182
3028006,144.0
3028007,10.0
3028008,7.0
3028009,358.922
3028010,73.426
3028011,2004.608
3028012,0.0
3028013,22.127
3028014,8.0
3028015,0.0
3028016,3.0
3028017,3817.215
3028018,0.0
3028019,369.0
3028020,4.0
3028021,1004.0
3028022,578.0
3028023,452.248
3028024,126.0
3028025,100.0
3028026,4954.689
3028027,17.0
3028028,1.0
3028029,21.0
3028030,6.0
3028031,0.0
3028032,280.0
3028033,0.0
3028034,4.0
3028035,3.0
3028036,77.0
3028037,0.0
3028038,710.44403
3028039,304.0
3028040,3.0
3028041,4.0
3028042,190.978
3028043,56.304
3028044,692.266
3028045,60.0
3028046,14.43
3028047,3.0
3028048,0.0
3028049,1.0
3028050,2215.0
3028051,0.0
3028052,279.0
3028053,15.0
3028054,727.0
3028055,446.0
3028056,171.095
3028057,174.0
3028058,85.0
3028059,3924.8848
3028060,13.0
3028061,2.0
3028062,43.0
3028063,18.0
3028064,0.0
3028065,281.0
3028066,0.0
3028067,0.0
3028068,3.0
3028069,72.0
3028070,2.0
3028071,83.109
3028072,191.0
3028073,4.0
3028074,7.0
3028075,159.317
3028076,143.073
3028077,945.33
3028078,0.0
3028079,1.0
3028080,4.0
3028081,0.0
3028082,9.0
3028083,1984.0
3028084,0.0
3028085,107.0
3028086,5.0
3028087,613.0
3028088,299.0
3028089,141.0
3028090,27.0
3028091,48.0
3028092,3444.0
3028093,13.0
3028094,0.0
3028095,22.0
3028096,21.0
3028097,0.0
3028098,158.0
3028099,0.0
3028100,0.0
3028101,2.0
3028102,222.0
3028103,0.0
3028104,104.842
3028105,118.0
3028106,0.0
3028107,3.0
3028108,135.9
3028109,30.0
3028110,357.722
3028111,12.0
3028112,1.0
3028113,4.0
3028114,0.0
3028115,6.0
3028116,1350.0
3028117,0.0
3028118,287.421
3028119,9.0
3028120,479.0
3028121,483.0
3028122,111.059
3028123,55.0
3028124,72.0
3028125,2073.8613
3028126,47.0
3028127,0.0
3028128,8.0
3028129,3.0
3028130,0.0
3028131,137.0
3028132,8.0
3028133,7.0
3028134,1.0
3028135,55.0
3028136,4.0
3028137,932.507
3028138,124.0
3028139,4.0
3028140,8.0
3028141,251.106
3028142,31.948
3028143,1057.37
3028144,0.0
3028145,5.0
3028146,3.0
3028147,0.0
3028148,2.0
3028149,3096.234
3028150,0.0
3028151,688.038
3028152,20.0
3028153,957.0
3028154,1016.0
3028155,206.479
3028156,190.0
3028157,132.79
3028158,3703.5764
3028159,62.0
3028160,0.0
3028161,17.0
3028162,27.0
3028163,0.0
3028164,223.0
3028165,13.0
3028166,42.0
3028167,6.0
3028168,101.0
3028169,9.0
3028170,340.118
3028171,193.0
3028172,23.0
3028173,14.0
3028174,418.697
3028175,94.067
3028176,3053.007
3028177,0.0
3028178,14.918
3028179,2.0
3028180,0.0
3028181,3.0
3028182,1953.408
3028183,0.0
3028184,551.577
3028185,7.0
3028186,570.0
3028187,672.0
3028188,180.459
3028189,189.0
3028190,140.0
3028191,1940.9745
3028192,21.0
3028193,1.0
3028194,22.0
3028195,22.0
3028196,0.0
3028197,121.0
3028198,0.0
3028199,31.0
3028200,3.0
3028201,422.0
3028202,16.0
3028203,234.157
3028204,119.0
3028205,5.0
3028206,7.0
3028207,249.468
3028208,47.055
3028209,1864.718
3028210,0.0
3028211,4.0
3028212,2.0
3028213,0.0
3028214,1.0
3028215,601.0
3028216,0.0
3028217,131.0
3028218,1.0
3028219,240.0
3028220,160.0
3028221,39.784
3028222,20.0
3028223,12.0
3028224,1276.1721
3028225,2.0
3028226,0.0
3028227,3.0
3028228,3.0
3028229,0.0
3028230,57.0
3028231,0.0
3028232,13.0
3028233,0.0
3028234,36.0
3028235,0.0
3028236,194.382
3028237,61.0
3028238,1.0
3028239,1.0
3028240,103.881996
3028241,12.0
3028242,318.202
3028243,1.0
3028244,1.0
3028245,1.0
3028246,0.0
3028247,2.0
3028248,2447.0518
3028249,0.0
3028250,387.6
3028251,18.0
3028252,591.0
3028253,683.0
3028254,242.407
3028255,188.0
3028256,109.112
3028257,3293.1614
3028258,30.0
3028259,2.0
3028260,25.0
3028261,21.0
3028262,0.0
3028263,153.0
3028264,4.0
3028265,38.0
3028266,12.0
3028267,185.0
3028268,6.0
3028269,262.661
3028270,186.0
3028271,7.0
3028272,10.0
3028273,259.455
3028274,66.048996
3028275,2133.749
3028276,2.0
3028277,11.432
3028278,4.0
3028279,0.0
3028280,4.0
3028281,3111.3083
3028282,0.0
3028283,374.0
3028284,7.0
3028285,900.0
3028286,462.0
3028287,239.448
3028288,123.0
3028289,77.0
3028290,4789.4595
3028291,5.0
3028292,0.0
3028293,23.0
3028294,14.0
3028295,1.0
3028296,178.0
3028297,0.0
3028298,4.0
3028299,3.0
3028300,76.0
3028301,2.0
3028302,266.97
3028303,138.0
3028304,1.0
3028305,6.0
3028306,139.72
3028307,38.721
3028308,914.357
3028309,0.0
3028310,2.0
3028311,6.0
3028312,0.0
3028313,0.0
3028314,2242.0
3028315,0.0
3028316,424.0
3028317,13.0
3028318,598.0
3028319,439.0
3028320,179.246
3028321,141.0
3028322,73.0
3028323,3981.9001
3028324,12.0
3028325,0.0
3028326,31.0
3028327,9.0
3028328,0.0
3028329,169.0
3028330,0.0
3028331,8.0
3028332,5.0
3028333,119.0
3028334,2.0
3028335,124.842
3028336,144.0
3028337,5.0
3028338,2.0
3028339,126.267
3028340,48.889
3028341,728.328
3028342,1.0
3028343,6.0
3028344,3.0
3028345,0.0
3028346,16.0
3028347,6830.087
3028348,0.0
3028349,952.513
3028350,96.0
3028351,1540.1488
3028352,1722.569
3028353,292.491
3028354,387.0
3028355,265.568
3028356,6758.143
3028357,55.0
3028358,1.0
3028359,73.0
3028360,39.0
3028361,0.0
3028362,336.0
3028363,18.0
3028364,30.0
3028365,23.0
3028366,315.0
3028367,22.0
3028368,545.235
3028369,356.0
3028370,26.0
3028371,21.0
3028372,806.341
3028373,197.133
3028374,6430.0176
3028375,0.0
3028376,64.095
3028377,8.0
3028378,0.0
3028379,0.0
3028380,1195.0
3028381,0.0
3028382,148.0
3028383,3.0
3028384,473.0
3028385,182.0
3028386,103.0
3028387,60.0
3028388,51.0
3028389,2391.001
3028390,7.0
3028391,0.0
3028392,6.0
3028393,9.0
3028394,0.0
3028395,249.0
3028396,0.0
3028397,0.0
3028398,2.0
3028399,36.0
3028400,2.0
3028401,140.068
3028402,77.0
3028403,1.0
3028404,5.0
3028405,104.863
3028406,22.0
3028407,425.557
3028408,0.0
3028409,1.0
3028410,7.0
3028411,0.0
3028412,2.0
3028413,2946.3909
3028414,0.0
3028415,441.0
3028416,13.0
3028417,800.0
3028418,456.0
3028419,194.645
3028420,164.0
3028421,71.254
3028422,4171.9053
3028423,5.0
3028424,0.0
3028425,24.0
3028426,12.0
3028427,0.0
3028428,284.0
3028429,0.0
3028430,7.0
3028431,12.0
3028432,23.0
3028433,1.0
3028434,680.762
3028435,170.0
3028436,2.0
3028437,2.0
3028438,148.15799
3028439,43.043
3028440,985.37
3028441,0.0
3028442,2.0
3028443,1.0
3028444,0.0
3028445,0.0
3028446,689.0
3028447,0.0
3028448,151.0
3028449,10.0
3028450,552.0
3028451,93.0
3028452,85.0
3028453,249.0
3028454,10.0
3028455,1983.9448
3028456,0.0
3028457,0.0
3028458,10.0
3028459,8.0
3028460,0.0
3028461,72.0
3028462,0.0
3028463,0.0
3028464,0.0
3028465,42.0
3028466,0.0
3028467,121.398
3028468,59.0
3028469,0.0
3028470,0.0
3028471,34.059
3028472,12.0
3028473,178.966
3028474,0.0
3028475,2.0
3028476,4.0
3028477,0.0
3028478,0.0
3028479,1326.0
3028480,0.0
3028481,164.0
3028482,3.0
3028483,584.0
3028484,258.0
3028485,138.0
3028486,108.0
3028487,52.0
3028488,3115.8538
3028489,2.0
3028490,1.0
3028491,31.0
3028492,9.0
3028493,0.0
3028494,135.0
3028495,0.0
3028496,0.0
3028497,10.0
3028498,42.0
3028499,4.0
3028500,320.664
3028501,186.0
3028502,1.0
3028503,3.0
3028504,209.943
3028505,24.0
3028506,981.239
3028507,0.0
3028508,0.0
3028509,1.0
3028510,1.0
3028511,3.0
3028512,2288.912
3028513,0.0
3028514,702.0
3028515,22.0
3028516,680.0
3028517,542.0
3028518,229.501
3028519,147.0
3028520,77.66
3028521,3980.4968
3028522,7.0
3028523,6.0
3028524,16.0
3028525,29.0
3028526,0.0
3028527,175.0
3028528,1.0
3028529,3.0
3028530,7.0
3028531,24.0
3028532,0.0
3028533,206.901
3028534,220.0
3028535,2.0
3028536,10.0
3028537,130.43001
3028538,36.0
3028539,557.384
3028540,3.0
3028541,4.0
3028542,4.0
3028543,0.0
3028544,0.0
3028545,1307.0
3028546,0.0
3028547,132.0
3028548,0.0
3028549,358.0
3028550,121.0
3028551,93.0
3028552,80.0
3028553,38.0
3028554,2071.3403
3028555,5.0
3028556,2.0
3028557,11.0
3028558,7.0
3028559,0.0
3028560,92.0
3028561,0.0
3028562,0.0
3028563,1.0
3028564,16.0
3028565,1.0
3028566,320.23
3028567,48.0
3028568,2.0
3028569,0.0
3028570,113.377
3028571,11.0
3028572,301.136
3028573,0.0
3028574,0.0
3028575,3.0
3028576,0.0
3028577,0.0
3028578,3652.7312
3028579,0.0
3028580,493.0
3028581,15.0
3028582,758.0
3028583,473.0
3028584,161.934
3028585,230.0
3028586,72.0
3028587,3868.9695
3028588,21.0
3028589,1.0
3028590,14.0
3028591,3.0
3028592,0.0
3028593,133.0
3028594,0.0
3028595,48.0
3028596,9.0
3028597,36.0
3028598,1.0
3028599,455.432
3028600,174.0
3028601,3.0
3028602,3.0
3028603,112.285995
3028604,32.858
3028605,1107.478
3028606,1.0
3028607,1.0
3028608,3.0
3028609,0.0
3028610,6.0
3028611,2432.8147
3028612,0.0
3028613,587.295
3028614,12.0
3028615,761.0
3028616,790.0
3028617,190.259
3028618,119.0
3028619,116.0
3028620,3572.5745
3028621,48.0
3028622,1.0
3028623,33.0
3028624,21.0
3028625,0.0
3028626,209.0
3028627,12.0
3028628,24.0
3028629,0.0
3028630,157.0
3028631,9.0
3028632,254.324
3028633,255.0
3028634,10.0
3028635,9.0
3028636,225.9
3028637,88.102005
3028638,2234.5186
3028639,0.0
3028640,16.618
3028641,8.0
3028642,0.0
3028643,9.0
3028644,1941.3999
3028645,0.0
3028646,432.902
3028647,17.0
3028648,706.0
3028649,616.0
3028650,153.571
3028651,80.0
3028652,104.0
3028653,3500.3645
3028654,40.0
3028655,0.0
3028656,52.0
3028657,22.0
3028658,0.0
3028659,267.0
3028660,18.0
3028661,22.0
3028662,23.0
3028663,88.0
3028664,14.0
3028665,158.685
3028666,263.0
3028667,10.0
3028668,20.0
3028669,132.537
3028670,96.997
3028671,1865.809
3028672,0.0
3028673,20.042
3028674,6.0
3028675,0.0
3028676,0.0
3028677,3152.9956
3028678,0.0
3028679,644.0
3028680,7.0
3028681,1081.0
3028682,475.0
3028683,142.395
3028684,320.0
3028685,43.0
3028686,4908.5005
3028687,28.0
3028688,1.0
3028689,26.0
3028690,13.0
3028691,0.0
3028692,321.0
3028693,7.0
3028694,14.0
3028695,7.0
3028696,67.0
3028697,4.0
3028698,214.003
3028699,251.0
3028700,6.0
3028701,16.0
3028702,232.954
3028703,33.804
3028704,1152.492
3028705,15.0
3028706,10.0
3028707,5.0
3028708,0.0
3028709,5.0
3028710,1963.8457
3028711,0.0
3028712,327.107
3028713,8.0
3028714,545.0
3028715,526.0
3028716,165.915
3028717,102.0
3028718,53.0
3028719,2761.8665
3028720,19.0
3028721,2.0
3028722,7.0
3028723,2.0
3028724,0.0
3028725,117.0
3028726,8.0
3028727,22.0
3028728,0.0
3028729,135.0
3028730,8.0
3028731,266.629
3028732,147.0
3028733,4.0
3028734,5.0
3028735,250.717
3028736,62.181
3028737,1915.9609
3028738,0.0
3028739,14.259
3028740,4.0
3028741,0.0
3028742,6.0
3028743,4229.849
3028744,0.0
3028745,352.0
3028746,10.0
3028747,1030.0
3028748,474.0
3028749,206.0
3028750,178.0
3028751,72.514
3028752,4929.933
3028753,19.0
3028754,0.0
3028755,30.0
3028756,23.0
3028757,0.0
3028758,587.0
3028759,0.0
3028760,0.0
3028761,7.0
3028762,27.0
3028763,1.0
3028764,132.837
3028765,233.0
3028766,2.0
3028767,5.0
3028768,183.88
3028769,41.0
3028770,889.311
3028771,0.0
3028772,4.0
3028773,4.0
3028774,0.0
3028775,12.0
3028776,1817.8439
3028777,0.0
3028778,396.635
3028779,19.0
3028780,703.0
3028781,574.0
3028782,205.926
3028783,119.0
3028784,130.0
3028785,3534.2048
3028786,23.0
3028787,0.0
3028788,59.0
3028789,17.0
3028790,0.0
3028791,152.0
3028792,8.0
3028793,6.0
3028794,14.0
3028795,82.0
3028796,12.0
3028797,163.657
3028798,241.0
3028799,8.0
3028800,3.0
3028801,133.156
3028802,50.886
3028803,1545.652
3028804,0.0
3028805,3.0
3028806,1.0
3028807,0.0
3028808,2.0
3028809,1965.0
3028810,0.0
3028811,338.923
3028812,7.0
3028813,504.0
3028814,665.0
3028815,159.192
3028816,103.0
3028817,106.0
3028818,2716.0
3028819,23.0
3028820,0.0
3028821,50.0
3028822,15.0
3028823,0.0
3028824,187.0
3028825,8.0
3028826,27.0
3028827,2.0
3028828,95.0
3028829,8.0
3028830,270.367
3028831,131.0
3028832,12.0
3028833,7.0
3028834,190.284
3028835,53.592
3028836,1876.164
3028837,0.0
3028838,10.769
3028839,10.0
3028840,0.0
3028841,3.0
3028842,4201.7793
3028843,0.0
3028844,521.0
3028845,30.0
3028846,1060.0
3028847,560.0
3028848,241.822
3028849,154.0
3028850,86.0
3028851,4363.857
3028852,11.0
3028853,0.0
3028854,15.0
3028855,23.0
3028856,0.0
3028857,209.0
3028858,0.0
3028859,8.0
3028860,1.0
3028861,112.0
3028862,13.0
3028863,253.289
3028864,262.0
3028865,2.0
3028866,0.0
3028867,217.714
3028868,91.013
3028869,1149.686
3028870,2.0
3028871,0.0
3028872,16.0
3028873,0.0
3028874,22.0
3028875,7606.4014
3028876,0.0
3028877,1216.585
3028878,35.0
3028879,1911.2605
3028880,1945.2773
3028881,380.921
3028882,409.0
3028883,369.054
3028884,7970.816
3028885,102.0
3028886,7.0
3028887,109.0
3028888,76.0
3028889,0.0
3028890,472.0
3028891,15.0
3028892,29.0
3028893,36.0
3028894,387.0
3028895,21.0
3028896,726.99
3028897,342.0
3028898,27.0
3028899,40.0
3028900,922.268
3028901,300.255
3028902,7261.096
3028903,264.0
3028904,50.77
3028905,11.0
3028906,0.0
3028907,9.0
3028908,7004.503
3028909,0.0
3028910,957.481
3028911,43.0
3028912,1957.381
3028913,1737.2853
3028914,519.248
3028915,256.0
3028916,308.281
3028917,8768.195
3028918,76.0
3028919,2.0
3028920,58.0
3028921,61.0
3028922,0.0
3028923,420.0
3028924,6.0
3028925,23.0
3028926,1.0
3028927,339.0
3028928,18.0
3028929,895.588
3028930,467.0
3028931,19.0
3028932,19.0
3028933,925.294
3028934,215.702
3028935,4689.2056
3028936,235.0
3028937,45.124
3028938,9.0
3028939,0.0
3028940,20.0
3028941,4572.115
3028942,0.0
3028943,720.0
3028944,14.0
3028945,1734.8164
3028946,1082.0
3028947,494.37
3028948,98.0
3028949,171.479
3028950,7221.999
3028951,31.0
3028952,0.0
3028953,53.0
3028954,29.0
3028955,1.0
3028956,378.0
3028957,16.0
3028958,15.0
3028959,14.0
3028960,124.0
3028961,12.0
3028962,592.348
3028963,488.0
3028964,13.0
3028965,34.0
3028966,530.253
3028967,108.162
3028968,2092.821
3028969,193.0
3028970,35.176003
3028971,17.0
3028972,0.0
3028973,22.0
3028974,6639.465
3028975,0.0
3028976,1002.517
3028977,18.0
3028978,1815.464
3028979,1679.204
3028980,482.198
3028981,238.0
3028982,198.921
3028983,8114.84
3028984,44.0
3028985,2.0
3028986,164.0
3028987,51.0
3028988,0.0
3028989,408.0
3028990,19.0
3028991,35.0
3028992,5.0
3028993,267.0
3028994,17.0
3028995,759.595
3028996,486.0
3028997,9.0
3028998,34.0
3028999,743.893
3029000,165.696
3029001,4400.3467
3029002,228.0
3029003,42.085
3029004,8.0
3029005,0.0
3029006,21.0
3029007,3802.6086
3029008,0.0
3029009,631.0
3029010,23.0
3029011,1557.6233
3029012,839.0
3029013,506.738
3029014,58.0
3029015,157.747
3029016,6387.953
3029017,57.0
3029018,0.0
3029019,47.0
3029020,13.0
3029021,0.0
3029022,362.0
3029023,12.0
3029024,14.0
3029025,7.0
3029026,214.0
3029027,3.0
3029028,619.865
3029029,471.0
3029030,13.0
3029031,25.0
3029032,611.637
3029033,78.996
3029034,1297.083
3029035,578.0
3029036,15.932
3029037,10.0
3029038,0.0
3029039,7.0
3029040,5032.2407
3029041,0.0
3029042,1043.679
3029043,36.0
3029044,1513.2233
3029045,1694.6748
3029046,292.935
3029047,374.0
3029048,265.696
3029049,6356.3687
3029050,54.0
3029051,3.0
3029052,58.0
3029053,47.0
3029054,2.0
3029055,309.0
3029056,8.0
3029057,30.0
3029058,11.0
3029059,365.0
3029060,13.0
3029061,714.826
3029062,339.0
3029063,18.0
3029064,27.0
3029065,673.765
3029066,168.075
3029067,5823.0957
3029068,164.0
3029069,55.971
3029070,7.0
3029071,0.0
3029072,3.0
3029073,1520.2135
3029074,0.0
3029075,344.701
3029076,29.0
3029077,845.0
3029078,495.0
3029079,199.37
3029080,69.0
3029081,95.907
3029082,2642.4033
3029083,35.0
3029084,1.0
3029085,27.0
3029086,25.0
3029087,0.0
3029088,163.0
3029089,8.0
3029090,6.0
3029091,15.0
3029092,83.0
3029093,11.0
3029094,265.429
3029095,188.0
3029096,1.0
3029097,6.0
3029098,198.971
3029099,53.276
3029100,1383.316
3029101,0.0
3029102,7.0959997
3029103,12.0
3029104,0.0
3029105,15.0
3029106,3906.5957
3029107,0.0
3029108,488.327
3029109,70.0
3029110,1404.0939
3029111,896.0
3029112,398.553
3029113,89.0
3029114,234.244
3029115,5782.9165
3029116,56.0
3029117,1.0
3029118,90.0
3029119,24.0
3029120,0.0
3029121,233.0
3029122,11.0
3029123,9.0
3029124,5.0
3029125,142.0
3029126,8.0
3029127,553.829
3029128,453.0
3029129,9.0
3029130,24.0
3029131,298.216
3029132,115.298004
3029133,1893.3539
3029134,285.0
3029135,9.0
3029136,9.0
3029137,0.0
3029138,3.0
3029139,3816.29
3029140,0.0
3029141,611.017
3029142,12.0
3029143,1189.3458
3029144,1382.4032
3029145,162.062
3029146,214.0
3029147,280.203
3029148,4342.7925
3029149,29.0
3029150,0.0
3029151,32.0
3029152,19.0
3029153,0.0
3029154,180.0
3029155,1.0
3029156,57.0
3029157,2.0
3029158,186.0
3029159,11.0
3029160,544.498
3029161,140.0
3029162,10.0
3029163,14.0
3029164,468.644
3029165,109.363
3029166,4210.038
3029167,0.0
3029168,26.804
3029169,7.0
3029170,0.0
3029171,3.0
3029172,3776.0
3029173,0.0
3029174,755.812
3029175,14.0
3029176,1399.0
3029177,1041.0
3029178,305.095
3029179,188.0
3029180,392.227
3029181,5377.0
3029182,34.0
3029183,2.0
3029184,82.0
3029185,40.0
3029186,0.0
3029187,271.0
3029188,6.0
3029189,35.0
3029190,14.0
3029191,299.0
3029192,16.0
3029193,376.239
3029194,276.0
3029195,14.0
3029196,27.0
3029197,381.248
3029198,151.925
3029199,4129.067
3029200,4.0
3029201,9.0
3029202,3.0
3029203,0.0
3029204,1.0
3029205,1692.0
3029206,0.0
3029207,351.045
3029208,15.0
3029209,674.0
3029210,367.0
3029211,209.01399
3029212,70.0
3029213,160.0
3029214,2670.7007
3029215,7.0
3029216,1.0
3029217,60.0
3029218,20.0
3029219,0.0
3029220,136.0
3029221,1.0
3029222,10.0
3029223,10.0
3029224,130.0
3029225,7.0
3029226,195.374
3029227,152.0
3029228,3.0
3029229,6.0
3029230,117.427
3029231,56.183
3029232,1637.204
3029233,1.0
3029234,2.0
3029235,6.0
3029236,0.0
3029237,0.0
3029238,4686.0
3029239,0.0
3029240,144.0
3029241,10.0
3029242,720.0
3029243,190.0
3029244,152.002
3029245,44.0
3029246,40.31
3029247,3024.1382
3029248,60.0
3029249,0.0
3029250,13.0
3029251,5.0
3029252,1.0
3029253,170.0
3029254,0.0
3029255,0.0
3029256,2.0
3029257,14.0
3029258,1.0
3029259,52.716
3029260,151.0
3029261,0.0
3029262,0.0
3029263,49.666
3029264,61.0
3029265,498.122
3029266,0.0
3029267,2.0
3029268,6.0
3029269,0.0
3029270,5.0
3029271,2760.612
3029272,0.0
3029273,392.718
3029274,6.0
3029275,759.0
3029276,695.0
3029277,203.828
3029278,125.0
3029279,98.0
3029280,4159.5127
3029281,24.0
3029282,2.0
3029283,17.0
3029284,40.0
3029285,0.0
3029286,164.0
3029287,8.0
3029288,20.0
3029289,17.0
3029290,105.0
3029291,6.0
3029292,364.42398
3029293,250.0
3029294,7.0
3029295,15.0
3029296,371.706
3029297,75.479996
3029298,2007.2592
3029299,0.0
3029300,18.449
3029301,5.0
3029302,0.0
3029303,9.0
3029304,3394.3267
3029305,0.0
3029306,573.494
3029307,21.0
3029308,816.0
3029309,1085.0
3029310,159.617
3029311,227.0
3029312,160.04
3029313,3466.007
3029314,23.0
3029315,3.0
3029316,54.0
3029317,28.0
3029318,1.0
3029319,163.0
3029320,14.0
3029321,24.0
3029322,13.0
3029323,187.0
3029324,10.0
3029325,365.215
3029326,160.0
3029327,8.0
3029328,15.0
3029329,556.61
3029330,124.843
3029331,4017.9575
3029332,0.0
3029333,32.756
3029334,4.0
3029335,1.0
3029336,7.0
3029337,3924.797
3029338,0.0
3029339,676.615
3029340,30.0
3029341,948.0
3029342,1163.0
3029343,232.795
3029344,219.0
3029345,117.0
3029346,4203.5913
3029347,29.0
3029348,1.0
3029349,25.0
3029350,42.0
3029351,0.0
3029352,252.0
3029353,17.0
3029354,38.0
3029355,36.0
3029356,195.0
3029357,19.0
3029358,368.729
3029359,269.0
3029360,15.0
3029361,11.0
3029362,437.536
3029363,159.784
3029364,3655.7124
3029365,0.0
3029366,29.789
3029367,15.0
3029368,0.0
3029369,15.0
3029370,2996.3145
3029371,0.0
3029372,309.0
3029373,16.0
3029374,1410.1007
3029375,555.0
3029376,420.792
3029377,123.0
3029378,110.436
3029379,5627.582
3029380,9.0
3029381,1.0
3029382,50.0
3029383,29.0
3029384,0.0
3029385,280.0
3029386,1.0
3029387,6.0
3029388,5.0
3029389,57.0
3029390,3.0
3029391,484.43402
3029392,329.0
3029393,11.0
3029394,4.0
3029395,291.82098
3029396,111.93
3029397,1036.439
3029398,148.0
3029399,14.35
